[debug] [2025-10-28T02:11:46.818Z] ----------------------------------------------------------------------
[debug] [2025-10-28T02:11:46.820Z] Command:       C:\Program Files\nodejs\node.exe C:\Users\antonio.pedro\AppData\Roaming\npm\node_modules\firebase-tools\lib\bin\firebase.js deploy
[debug] [2025-10-28T02:11:46.821Z] CLI Version:   14.22.0
[debug] [2025-10-28T02:11:46.821Z] Platform:      win32
[debug] [2025-10-28T02:11:46.821Z] Node Version:  v22.19.0
[debug] [2025-10-28T02:11:46.821Z] Time:          Mon Oct 27 2025 23:11:46 GMT-0300 (Horário Padrão de Brasília)
[debug] [2025-10-28T02:11:46.821Z] ----------------------------------------------------------------------
[debug] 
[debug] [2025-10-28T02:11:47.022Z] > command requires scopes: ["email","openid","https://www.googleapis.com/auth/cloudplatformprojects.readonly","https://www.googleapis.com/auth/firebase","https://www.googleapis.com/auth/cloud-platform"]
[debug] [2025-10-28T02:11:47.023Z] > authorizing via signed-in user (anabm.guimaraes@gmail.com)
[debug] [2025-10-28T02:11:47.023Z] [iam] checking project crmdoceria-9959e for permissions ["cloudfunctions.functions.create","cloudfunctions.functions.delete","cloudfunctions.functions.get","cloudfunctions.functions.list","cloudfunctions.functions.update","cloudfunctions.operations.get","datastore.indexes.create","datastore.indexes.delete","datastore.indexes.list","datastore.indexes.update","firebase.projects.get","firebasehosting.sites.update","firebaserules.releases.create","firebaserules.releases.update","firebaserules.rulesets.create"]
[debug] [2025-10-28T02:11:47.024Z] Checked if tokens are valid: false, expires at: 1761615095069
[debug] [2025-10-28T02:11:47.024Z] Checked if tokens are valid: false, expires at: 1761615095069
[debug] [2025-10-28T02:11:47.025Z] > refreshing access token with scopes: []
[debug] [2025-10-28T02:11:47.026Z] >>> [apiv2][query] POST https://www.googleapis.com/oauth2/v3/token [none]
[debug] [2025-10-28T02:11:47.026Z] >>> [apiv2][body] POST https://www.googleapis.com/oauth2/v3/token [omitted]
[debug] [2025-10-28T02:11:47.407Z] <<< [apiv2][status] POST https://www.googleapis.com/oauth2/v3/token 200
[debug] [2025-10-28T02:11:47.407Z] <<< [apiv2][body] POST https://www.googleapis.com/oauth2/v3/token [omitted]
[debug] [2025-10-28T02:11:47.419Z] >>> [apiv2][query] POST https://cloudresourcemanager.googleapis.com/v1/projects/crmdoceria-9959e:testIamPermissions [none]
[debug] [2025-10-28T02:11:47.419Z] >>> [apiv2][(partial)header] POST https://cloudresourcemanager.googleapis.com/v1/projects/crmdoceria-9959e:testIamPermissions x-goog-quota-user=projects/crmdoceria-9959e
[debug] [2025-10-28T02:11:47.419Z] >>> [apiv2][body] POST https://cloudresourcemanager.googleapis.com/v1/projects/crmdoceria-9959e:testIamPermissions {"permissions":["cloudfunctions.functions.create","cloudfunctions.functions.delete","cloudfunctions.functions.get","cloudfunctions.functions.list","cloudfunctions.functions.update","cloudfunctions.operations.get","datastore.indexes.create","datastore.indexes.delete","datastore.indexes.list","datastore.indexes.update","firebase.projects.get","firebasehosting.sites.update","firebaserules.releases.create","firebaserules.releases.update","firebaserules.rulesets.create"]}
[debug] [2025-10-28T02:11:48.390Z] <<< [apiv2][status] POST https://cloudresourcemanager.googleapis.com/v1/projects/crmdoceria-9959e:testIamPermissions 200
[debug] [2025-10-28T02:11:48.390Z] <<< [apiv2][body] POST https://cloudresourcemanager.googleapis.com/v1/projects/crmdoceria-9959e:testIamPermissions {"permissions":["cloudfunctions.functions.create","cloudfunctions.functions.delete","cloudfunctions.functions.get","cloudfunctions.functions.list","cloudfunctions.functions.update","cloudfunctions.operations.get","datastore.indexes.create","datastore.indexes.delete","datastore.indexes.list","datastore.indexes.update","firebase.projects.get","firebasehosting.sites.update","firebaserules.releases.create","firebaserules.releases.update","firebaserules.rulesets.create"]}
[debug] [2025-10-28T02:11:48.391Z] Checked if tokens are valid: true, expires at: 1761621106407
[debug] [2025-10-28T02:11:48.391Z] Checked if tokens are valid: true, expires at: 1761621106407
[debug] [2025-10-28T02:11:48.391Z] >>> [apiv2][query] POST https://iam.googleapis.com/v1/projects/crmdoceria-9959e/serviceAccounts/crmdoceria-9959e@appspot.gserviceaccount.com:testIamPermissions [none]
[debug] [2025-10-28T02:11:48.391Z] >>> [apiv2][body] POST https://iam.googleapis.com/v1/projects/crmdoceria-9959e/serviceAccounts/crmdoceria-9959e@appspot.gserviceaccount.com:testIamPermissions {"permissions":["iam.serviceAccounts.actAs"]}
[debug] [2025-10-28T02:11:49.499Z] <<< [apiv2][status] POST https://iam.googleapis.com/v1/projects/crmdoceria-9959e/serviceAccounts/crmdoceria-9959e@appspot.gserviceaccount.com:testIamPermissions 200
[debug] [2025-10-28T02:11:49.499Z] <<< [apiv2][body] POST https://iam.googleapis.com/v1/projects/crmdoceria-9959e/serviceAccounts/crmdoceria-9959e@appspot.gserviceaccount.com:testIamPermissions {"permissions":["iam.serviceAccounts.actAs"]}
[debug] [2025-10-28T02:11:49.500Z] Checked if tokens are valid: true, expires at: 1761621106407
[debug] [2025-10-28T02:11:49.500Z] Checked if tokens are valid: true, expires at: 1761621106407
[debug] [2025-10-28T02:11:49.500Z] >>> [apiv2][query] GET https://firebase.googleapis.com/v1beta1/projects/crmdoceria-9959e [none]
[debug] [2025-10-28T02:11:50.064Z] <<< [apiv2][status] GET https://firebase.googleapis.com/v1beta1/projects/crmdoceria-9959e 200
[debug] [2025-10-28T02:11:50.065Z] <<< [apiv2][body] GET https://firebase.googleapis.com/v1beta1/projects/crmdoceria-9959e {"projectId":"crmdoceria-9959e","projectNumber":"389481198252","displayName":"CRMDoceria","name":"projects/crmdoceria-9959e","resources":{"hostingSite":"crmdoceria-9959e"},"state":"ACTIVE","etag":"1_df235d97-96ca-49cb-bda7-0479143b566b"}
[info] 
[info] === Deploying to 'crmdoceria-9959e'...
[info] 
[info] i  deploying storage, firestore, functions, hosting 
[info] i  storage: ensuring required API firebasestorage.googleapis.com is enabled... 
[debug] [2025-10-28T02:11:50.070Z] Checked if tokens are valid: true, expires at: 1761621106407
[debug] [2025-10-28T02:11:50.070Z] Checked if tokens are valid: true, expires at: 1761621106407
[debug] [2025-10-28T02:11:50.070Z] >>> [apiv2][query] GET https://firebasestorage.googleapis.com/v1alpha/projects/crmdoceria-9959e/defaultBucket [none]
[debug] [2025-10-28T02:11:51.331Z] <<< [apiv2][status] GET https://firebasestorage.googleapis.com/v1alpha/projects/crmdoceria-9959e/defaultBucket 200
[debug] [2025-10-28T02:11:51.331Z] <<< [apiv2][body] GET https://firebasestorage.googleapis.com/v1alpha/projects/crmdoceria-9959e/defaultBucket {"name":"projects/crmdoceria-9959e/defaultBucket","location":"US-EAST1","bucket":{"name":"projects/crmdoceria-9959e/buckets/crmdoceria-9959e.firebasestorage.app"},"storageClass":"REGIONAL"}
[info] i  firebase.storage: checking storage.rules for compilation errors... 
[debug] [2025-10-28T02:11:51.338Z] Checked if tokens are valid: true, expires at: 1761621106407
[debug] [2025-10-28T02:11:51.338Z] Checked if tokens are valid: true, expires at: 1761621106407
[debug] [2025-10-28T02:11:51.338Z] >>> [apiv2][query] POST https://firebaserules.googleapis.com/v1/projects/crmdoceria-9959e:test [none]
[debug] [2025-10-28T02:11:51.338Z] >>> [apiv2][body] POST https://firebaserules.googleapis.com/v1/projects/crmdoceria-9959e:test [omitted]
[debug] [2025-10-28T02:11:52.552Z] <<< [apiv2][status] POST https://firebaserules.googleapis.com/v1/projects/crmdoceria-9959e:test 200
[debug] [2025-10-28T02:11:52.552Z] <<< [apiv2][body] POST https://firebaserules.googleapis.com/v1/projects/crmdoceria-9959e:test {}
[info] +  firebase.storage: rules file storage.rules compiled successfully 
[info] i  firestore: ensuring required API firestore.googleapis.com is enabled... 
[info] i  firestore: ensuring required API firestore.googleapis.com is enabled... 
[debug] [2025-10-28T02:11:52.556Z] Checked if tokens are valid: true, expires at: 1761621106407
[debug] [2025-10-28T02:11:52.556Z] Checked if tokens are valid: true, expires at: 1761621106407
[debug] [2025-10-28T02:11:52.556Z] >>> [apiv2][query] GET https://firestore.googleapis.com/v1/projects/crmdoceria-9959e/databases/(default) [none]
[debug] [2025-10-28T02:11:52.878Z] <<< [apiv2][status] GET https://firestore.googleapis.com/v1/projects/crmdoceria-9959e/databases/(default) 200
[debug] [2025-10-28T02:11:52.878Z] <<< [apiv2][body] GET https://firestore.googleapis.com/v1/projects/crmdoceria-9959e/databases/(default) {"name":"projects/crmdoceria-9959e/databases/(default)","uid":"41cf4433-6973-4b89-a8ba-968c7ce66f67","createTime":"2025-09-02T23:44:37.318789Z","updateTime":"2025-09-02T23:44:37.318789Z","locationId":"southamerica-east1","type":"FIRESTORE_NATIVE","concurrencyMode":"PESSIMISTIC","versionRetentionPeriod":"3600s","earliestVersionTime":"2025-10-28T01:11:53.034019Z","appEngineIntegrationMode":"DISABLED","keyPrefix":"i","pointInTimeRecoveryEnablement":"POINT_IN_TIME_RECOVERY_DISABLED","deleteProtectionState":"DELETE_PROTECTION_DISABLED","databaseEdition":"STANDARD","freeTier":true,"realtimeUpdatesMode":"REALTIME_UPDATES_MODE_ENABLED","etag":"IMbe4NDoxZADMMfS9q+l4Y8D"}
[info] i  firestore: reading indexes from firestore.indexes.json... 
[info] i  cloud.firestore: checking firestore.rules for compilation errors... 
[debug] [2025-10-28T02:11:52.882Z] Checked if tokens are valid: true, expires at: 1761621106407
[debug] [2025-10-28T02:11:52.882Z] Checked if tokens are valid: true, expires at: 1761621106407
[debug] [2025-10-28T02:11:52.882Z] >>> [apiv2][query] POST https://firebaserules.googleapis.com/v1/projects/crmdoceria-9959e:test [none]
[debug] [2025-10-28T02:11:52.882Z] >>> [apiv2][body] POST https://firebaserules.googleapis.com/v1/projects/crmdoceria-9959e:test [omitted]
[debug] [2025-10-28T02:11:53.815Z] <<< [apiv2][status] POST https://firebaserules.googleapis.com/v1/projects/crmdoceria-9959e:test 200
[debug] [2025-10-28T02:11:53.815Z] <<< [apiv2][body] POST https://firebaserules.googleapis.com/v1/projects/crmdoceria-9959e:test {}
[info] +  cloud.firestore: rules file firestore.rules compiled successfully 
[debug] [2025-10-28T02:11:53.818Z] Checked if tokens are valid: true, expires at: 1761621106407
[debug] [2025-10-28T02:11:53.818Z] Checked if tokens are valid: true, expires at: 1761621106407
[debug] [2025-10-28T02:11:53.818Z] >>> [apiv2][query] GET https://cloudresourcemanager.googleapis.com/v1/projects/crmdoceria-9959e [none]
[debug] [2025-10-28T02:11:54.728Z] <<< [apiv2][status] GET https://cloudresourcemanager.googleapis.com/v1/projects/crmdoceria-9959e 200
[debug] [2025-10-28T02:11:54.728Z] <<< [apiv2][body] GET https://cloudresourcemanager.googleapis.com/v1/projects/crmdoceria-9959e {"projectNumber":"389481198252","projectId":"crmdoceria-9959e","lifecycleState":"ACTIVE","name":"CRMDoceria","labels":{"firebase":"enabled","firebase-core":"disabled"},"createTime":"2025-09-02T23:42:27.827852Z"}
[info] i  functions: preparing codebase default for deployment 
[info] i  functions: ensuring required API cloudfunctions.googleapis.com is enabled... 
[info] i  functions: ensuring required API cloudbuild.googleapis.com is enabled... 
[info] i  artifactregistry: ensuring required API artifactregistry.googleapis.com is enabled... 
[debug] [2025-10-28T02:11:54.734Z] Checked if tokens are valid: true, expires at: 1761621106407
[debug] [2025-10-28T02:11:54.734Z] Checked if tokens are valid: true, expires at: 1761621106407
[debug] [2025-10-28T02:11:54.734Z] >>> [apiv2][query] GET https://firebase.googleapis.com/v1beta1/projects/crmdoceria-9959e/adminSdkConfig [none]
[debug] [2025-10-28T02:11:55.209Z] <<< [apiv2][status] GET https://firebase.googleapis.com/v1beta1/projects/crmdoceria-9959e/adminSdkConfig 200
[debug] [2025-10-28T02:11:55.209Z] <<< [apiv2][body] GET https://firebase.googleapis.com/v1beta1/projects/crmdoceria-9959e/adminSdkConfig {"projectId":"crmdoceria-9959e","storageBucket":"crmdoceria-9959e.firebasestorage.app"}
[debug] [2025-10-28T02:11:55.209Z] Checked if tokens are valid: true, expires at: 1761621106407
[debug] [2025-10-28T02:11:55.210Z] Checked if tokens are valid: true, expires at: 1761621106407
[debug] [2025-10-28T02:11:55.210Z] >>> [apiv2][query] GET https://runtimeconfig.googleapis.com/v1beta1/projects/crmdoceria-9959e/configs [none]
[debug] [2025-10-28T02:11:55.908Z] <<< [apiv2][status] GET https://runtimeconfig.googleapis.com/v1beta1/projects/crmdoceria-9959e/configs 200
[debug] [2025-10-28T02:11:55.908Z] <<< [apiv2][body] GET https://runtimeconfig.googleapis.com/v1beta1/projects/crmdoceria-9959e/configs {}
[debug] [2025-10-28T02:11:55.910Z] Validating nodejs source
[warn] !  functions: package.json indicates an outdated version of firebase-functions. Please upgrade using npm install --save firebase-functions@latest in your functions directory. 
[warn] !  functions: Please note that there will be breaking changes when you upgrade. 
[debug] [2025-10-28T02:11:57.152Z] > [functions] package.json contents: {
  "name": "functions",
  "description": "Cloud Functions for Firebase",
  "scripts": {
    "lint": "eslint .",
    "serve": "firebase emulators:start --only functions",
    "shell": "firebase functions:shell",
    "start": "npm run shell",
    "deploy": "firebase deploy --only functions",
    "logs": "firebase functions:log"
  },
  "engines": {
    "node": "20"
  },
  "main": "index.js",
  "dependencies": {
    "cors": "^2.8.5",
    "express": "^4.19.2",
    "firebase-admin": "^12.0.0",
    "firebase-functions": "^5.0.0"
  },
  "devDependencies": {
    "eslint": "^8.15.0",
    "eslint-plugin-promise": "^6.0.0"
  },
  "private": true
}
[debug] [2025-10-28T02:11:57.152Z] Building nodejs source
[info] i  functions: Loading and analyzing source code for codebase default to determine what to deploy 
[debug] [2025-10-28T02:11:57.153Z] Could not find functions.yaml. Must use http discovery
[debug] [2025-10-28T02:11:57.165Z] Found firebase-functions binary at 'C:\Users\antonio.pedro\projeto-doceria-main\functions\node_modules\.bin\firebase-functions'
[info] Serving at port 8736

[debug] [2025-10-28T02:11:58.589Z] Got response from /__/functions.yaml {"endpoints":{"api":{"availableMemoryMb":null,"timeoutSeconds":null,"minInstances":null,"maxInstances":null,"ingressSettings":null,"concurrency":null,"serviceAccountEmail":null,"vpc":null,"platform":"gcfv2","labels":{},"httpsTrigger":{},"entryPoint":"api"},"listAllUsers":{"availableMemoryMb":null,"timeoutSeconds":null,"minInstances":null,"maxInstances":null,"ingressSettings":null,"concurrency":null,"serviceAccountEmail":null,"vpc":null,"platform":"gcfv2","labels":{},"callableTrigger":{},"entryPoint":"listAllUsers"},"createUser":{"availableMemoryMb":null,"timeoutSeconds":null,"minInstances":null,"maxInstances":null,"ingressSettings":null,"concurrency":null,"serviceAccountEmail":null,"vpc":null,"platform":"gcfv2","labels":{},"callableTrigger":{},"entryPoint":"createUser"},"updateUser":{"availableMemoryMb":null,"timeoutSeconds":null,"minInstances":null,"maxInstances":null,"ingressSettings":null,"concurrency":null,"serviceAccountEmail":null,"vpc":null,"platform":"gcfv2","labels":{},"callableTrigger":{},"entryPoint":"updateUser"},"deleteUser":{"availableMemoryMb":null,"timeoutSeconds":null,"minInstances":null,"maxInstances":null,"ingressSettings":null,"concurrency":null,"serviceAccountEmail":null,"vpc":null,"platform":"gcfv2","labels":{},"callableTrigger":{},"entryPoint":"deleteUser"},"updateUserPassword":{"availableMemoryMb":null,"timeoutSeconds":null,"minInstances":null,"maxInstances":null,"ingressSettings":null,"concurrency":null,"serviceAccountEmail":null,"vpc":null,"platform":"gcfv2","labels":{},"callableTrigger":{},"entryPoint":"updateUserPassword"},"notifyNewOrder":{"availableMemoryMb":null,"timeoutSeconds":null,"minInstances":null,"maxInstances":null,"ingressSettings":null,"concurrency":null,"serviceAccountEmail":null,"vpc":null,"platform":"gcfv2","labels":{},"eventTrigger":{"eventType":"google.cloud.firestore.document.v1.created","eventFilters":{"database":"(default)","namespace":"(default)"},"eventFilterPathPatterns":{"document":"pedidos/{pedidoId}"},"retry":false},"entryPoint":"notifyNewOrder"}},"specVersion":"v1alpha1","requiredAPIs":[],"extensions":{}}
[info] i  extensions: ensuring required API firebaseextensions.googleapis.com is enabled... 
[debug] [2025-10-28T02:12:02.628Z] > command requires scopes: ["email","openid","https://www.googleapis.com/auth/cloudplatformprojects.readonly","https://www.googleapis.com/auth/firebase","https://www.googleapis.com/auth/cloud-platform"]
[debug] [2025-10-28T02:12:02.628Z] > authorizing via signed-in user (anabm.guimaraes@gmail.com)
[debug] [2025-10-28T02:12:02.628Z] [iam] checking project crmdoceria-9959e for permissions ["firebase.projects.get","firebaseextensions.instances.list"]
[debug] [2025-10-28T02:12:02.628Z] Checked if tokens are valid: true, expires at: 1761621106407
[debug] [2025-10-28T02:12:02.628Z] Checked if tokens are valid: true, expires at: 1761621106407
[debug] [2025-10-28T02:12:02.629Z] >>> [apiv2][query] POST https://cloudresourcemanager.googleapis.com/v1/projects/crmdoceria-9959e:testIamPermissions [none]
[debug] [2025-10-28T02:12:02.629Z] >>> [apiv2][(partial)header] POST https://cloudresourcemanager.googleapis.com/v1/projects/crmdoceria-9959e:testIamPermissions x-goog-quota-user=projects/crmdoceria-9959e
[debug] [2025-10-28T02:12:02.629Z] >>> [apiv2][body] POST https://cloudresourcemanager.googleapis.com/v1/projects/crmdoceria-9959e:testIamPermissions {"permissions":["firebase.projects.get","firebaseextensions.instances.list"]}
[debug] [2025-10-28T02:12:03.555Z] <<< [apiv2][status] POST https://cloudresourcemanager.googleapis.com/v1/projects/crmdoceria-9959e:testIamPermissions 200
[debug] [2025-10-28T02:12:03.555Z] <<< [apiv2][body] POST https://cloudresourcemanager.googleapis.com/v1/projects/crmdoceria-9959e:testIamPermissions {"permissions":["firebase.projects.get","firebaseextensions.instances.list"]}
[debug] [2025-10-28T02:12:03.556Z] Checked if tokens are valid: true, expires at: 1761621106407
[debug] [2025-10-28T02:12:03.556Z] Checked if tokens are valid: true, expires at: 1761621106407
[debug] [2025-10-28T02:12:03.556Z] >>> [apiv2][query] GET https://firebaseextensions.googleapis.com/v1beta/projects/crmdoceria-9959e/instances pageSize=100&pageToken=
[debug] [2025-10-28T02:12:04.879Z] <<< [apiv2][status] GET https://firebaseextensions.googleapis.com/v1beta/projects/crmdoceria-9959e/instances 200
[debug] [2025-10-28T02:12:04.879Z] <<< [apiv2][body] GET https://firebaseextensions.googleapis.com/v1beta/projects/crmdoceria-9959e/instances {}
[info] i  functions: preparing functions directory for uploading... 
[info] i  functions: packaged C:\Users\antonio.pedro\projeto-doceria-main\functions (49.84 KB) for uploading 
[debug] [2025-10-28T02:12:04.917Z] Checked if tokens are valid: true, expires at: 1761621106407
[debug] [2025-10-28T02:12:04.917Z] Checked if tokens are valid: true, expires at: 1761621106407
[debug] [2025-10-28T02:12:04.917Z] >>> [apiv2][query] GET https://cloudfunctions.googleapis.com/v1/projects/crmdoceria-9959e/locations/-/functions [none]
[debug] [2025-10-28T02:12:06.153Z] <<< [apiv2][status] GET https://cloudfunctions.googleapis.com/v1/projects/crmdoceria-9959e/locations/-/functions 200
[debug] [2025-10-28T02:12:06.154Z] <<< [apiv2][body] GET https://cloudfunctions.googleapis.com/v1/projects/crmdoceria-9959e/locations/-/functions {}
[debug] [2025-10-28T02:12:06.154Z] Checked if tokens are valid: true, expires at: 1761621106407
[debug] [2025-10-28T02:12:06.154Z] Checked if tokens are valid: true, expires at: 1761621106407
[debug] [2025-10-28T02:12:06.154Z] >>> [apiv2][query] GET https://cloudfunctions.googleapis.com/v2/projects/crmdoceria-9959e/locations/-/functions filter=environment%3D%22GEN_2%22
[debug] [2025-10-28T02:12:07.506Z] <<< [apiv2][status] GET https://cloudfunctions.googleapis.com/v2/projects/crmdoceria-9959e/locations/-/functions 200
[debug] [2025-10-28T02:12:07.506Z] <<< [apiv2][body] GET https://cloudfunctions.googleapis.com/v2/projects/crmdoceria-9959e/locations/-/functions {"functions":[{"name":"projects/crmdoceria-9959e/locations/us-central1/functions/updateUserPassword","buildConfig":{"build":"projects/389481198252/locations/us-central1/builds/0dd4f3ec-ef4b-45f4-8533-2ce3fa5c9f70","runtime":"nodejs20","entryPoint":"updateUserPassword","source":{"storageSource":{"bucket":"gcf-v2-sources-389481198252-us-central1","object":"updateUserPassword/function-source.zip","generation":"1761604792411875"}},"environmentVariables":{"GOOGLE_NODE_RUN_SCRIPTS":""},"dockerRepository":"projects/crmdoceria-9959e/locations/us-central1/repositories/gcf-artifacts","sourceProvenance":{"resolvedStorageSource":{"bucket":"gcf-v2-sources-389481198252-us-central1","object":"updateUserPassword/function-source.zip","generation":"1761604792411875"}},"dockerRegistry":"ARTIFACT_REGISTRY","serviceAccount":"projects/crmdoceria-9959e/serviceAccounts/389481198252-compute@developer.gserviceaccount.com","automaticUpdatePolicy":{}},"serviceConfig":{"service":"projects/crmdoceria-9959e/locations/us-central1/services/updateuserpassword","timeoutSeconds":60,"environmentVariables":{"FIREBASE_CONFIG":"{\"projectId\":\"crmdoceria-9959e\",\"storageBucket\":\"crmdoceria-9959e.firebasestorage.app\"}","GCLOUD_PROJECT":"crmdoceria-9959e","EVENTARC_CLOUD_EVENT_SOURCE":"projects/crmdoceria-9959e/locations/us-central1/services/updateUserPassword","FUNCTION_TARGET":"updateUserPassword","LOG_EXECUTION_ID":"true","FUNCTION_SIGNATURE_TYPE":"http"},"maxInstanceCount":20,"ingressSettings":"ALLOW_ALL","uri":"https://updateuserpassword-6i65vyioiq-uc.a.run.app","serviceAccountEmail":"389481198252-compute@developer.gserviceaccount.com","availableMemory":"256Mi","allTrafficOnLatestRevision":true,"revision":"updateuserpassword-00005-yap","maxInstanceRequestConcurrency":80,"availableCpu":"1"},"state":"ACTIVE","updateTime":"2025-10-27T22:40:02.216051589Z","labels":{"deployment-tool":"cli-firebase","deployment-callable":"true","firebase-functions-hash":"7f3906ff9144d4ceedde9361a44e8025a8e61454"},"environment":"GEN_2","url":"https://us-central1-crmdoceria-9959e.cloudfunctions.net/updateUserPassword","createTime":"2025-10-02T17:18:14.263922825Z","satisfiesPzi":true},{"name":"projects/crmdoceria-9959e/locations/us-central1/functions/deleteUser","buildConfig":{"build":"projects/389481198252/locations/us-central1/builds/0dd4f3ec-ef4b-45f4-8533-2ce3fa5c9f70","runtime":"nodejs20","entryPoint":"deleteUser","source":{"storageSource":{"bucket":"gcf-v2-sources-389481198252-us-central1","object":"deleteUser/function-source.zip","generation":"1761604792413414"}},"environmentVariables":{"GOOGLE_NODE_RUN_SCRIPTS":""},"dockerRepository":"projects/crmdoceria-9959e/locations/us-central1/repositories/gcf-artifacts","sourceProvenance":{"resolvedStorageSource":{"bucket":"gcf-v2-sources-389481198252-us-central1","object":"deleteUser/function-source.zip","generation":"1761604792413414"}},"dockerRegistry":"ARTIFACT_REGISTRY","serviceAccount":"projects/crmdoceria-9959e/serviceAccounts/389481198252-compute@developer.gserviceaccount.com","automaticUpdatePolicy":{}},"serviceConfig":{"service":"projects/crmdoceria-9959e/locations/us-central1/services/deleteuser","timeoutSeconds":60,"environmentVariables":{"FIREBASE_CONFIG":"{\"projectId\":\"crmdoceria-9959e\",\"storageBucket\":\"crmdoceria-9959e.firebasestorage.app\"}","GCLOUD_PROJECT":"crmdoceria-9959e","EVENTARC_CLOUD_EVENT_SOURCE":"projects/crmdoceria-9959e/locations/us-central1/services/deleteUser","FUNCTION_TARGET":"deleteUser","LOG_EXECUTION_ID":"true","FUNCTION_SIGNATURE_TYPE":"http"},"maxInstanceCount":20,"ingressSettings":"ALLOW_ALL","uri":"https://deleteuser-6i65vyioiq-uc.a.run.app","serviceAccountEmail":"389481198252-compute@developer.gserviceaccount.com","availableMemory":"256Mi","allTrafficOnLatestRevision":true,"revision":"deleteuser-00005-hoj","maxInstanceRequestConcurrency":80,"availableCpu":"1"},"state":"ACTIVE","updateTime":"2025-10-27T22:40:02.309222032Z","labels":{"deployment-tool":"cli-firebase","deployment-callable":"true","firebase-functions-hash":"7f3906ff9144d4ceedde9361a44e8025a8e61454"},"environment":"GEN_2","url":"https://us-central1-crmdoceria-9959e.cloudfunctions.net/deleteUser","createTime":"2025-10-02T17:18:14.326347703Z","satisfiesPzi":true},{"name":"projects/crmdoceria-9959e/locations/us-central1/functions/listAllUsers","buildConfig":{"build":"projects/389481198252/locations/us-central1/builds/0dd4f3ec-ef4b-45f4-8533-2ce3fa5c9f70","runtime":"nodejs20","entryPoint":"listAllUsers","source":{"storageSource":{"bucket":"gcf-v2-sources-389481198252-us-central1","object":"listAllUsers/function-source.zip","generation":"1761604792409134"}},"environmentVariables":{"GOOGLE_NODE_RUN_SCRIPTS":""},"dockerRepository":"projects/crmdoceria-9959e/locations/us-central1/repositories/gcf-artifacts","sourceProvenance":{"resolvedStorageSource":{"bucket":"gcf-v2-sources-389481198252-us-central1","object":"listAllUsers/function-source.zip","generation":"1761604792409134"}},"dockerRegistry":"ARTIFACT_REGISTRY","serviceAccount":"projects/crmdoceria-9959e/serviceAccounts/389481198252-compute@developer.gserviceaccount.com","automaticUpdatePolicy":{}},"serviceConfig":{"service":"projects/crmdoceria-9959e/locations/us-central1/services/listallusers","timeoutSeconds":60,"environmentVariables":{"FIREBASE_CONFIG":"{\"projectId\":\"crmdoceria-9959e\",\"storageBucket\":\"crmdoceria-9959e.firebasestorage.app\"}","GCLOUD_PROJECT":"crmdoceria-9959e","EVENTARC_CLOUD_EVENT_SOURCE":"projects/crmdoceria-9959e/locations/us-central1/services/listAllUsers","FUNCTION_TARGET":"listAllUsers","LOG_EXECUTION_ID":"true","FUNCTION_SIGNATURE_TYPE":"http"},"maxInstanceCount":20,"ingressSettings":"ALLOW_ALL","uri":"https://listallusers-6i65vyioiq-uc.a.run.app","serviceAccountEmail":"389481198252-compute@developer.gserviceaccount.com","availableMemory":"256Mi","allTrafficOnLatestRevision":true,"revision":"listallusers-00005-hap","maxInstanceRequestConcurrency":80,"availableCpu":"1"},"state":"ACTIVE","updateTime":"2025-10-27T22:39:59.034394403Z","labels":{"deployment-callable":"true","firebase-functions-hash":"7f3906ff9144d4ceedde9361a44e8025a8e61454","deployment-tool":"cli-firebase"},"environment":"GEN_2","url":"https://us-central1-crmdoceria-9959e.cloudfunctions.net/listAllUsers","createTime":"2025-10-02T17:17:16.264404480Z","satisfiesPzi":true},{"name":"projects/crmdoceria-9959e/locations/us-central1/functions/updateUser","buildConfig":{"build":"projects/389481198252/locations/us-central1/builds/0dd4f3ec-ef4b-45f4-8533-2ce3fa5c9f70","runtime":"nodejs20","entryPoint":"updateUser","source":{"storageSource":{"bucket":"gcf-v2-sources-389481198252-us-central1","object":"updateUser/function-source.zip","generation":"1761604792453501"}},"environmentVariables":{"GOOGLE_NODE_RUN_SCRIPTS":""},"dockerRepository":"projects/crmdoceria-9959e/locations/us-central1/repositories/gcf-artifacts","sourceProvenance":{"resolvedStorageSource":{"bucket":"gcf-v2-sources-389481198252-us-central1","object":"updateUser/function-source.zip","generation":"1761604792453501"}},"dockerRegistry":"ARTIFACT_REGISTRY","serviceAccount":"projects/crmdoceria-9959e/serviceAccounts/389481198252-compute@developer.gserviceaccount.com","automaticUpdatePolicy":{}},"serviceConfig":{"service":"projects/crmdoceria-9959e/locations/us-central1/services/updateuser","timeoutSeconds":60,"environmentVariables":{"FIREBASE_CONFIG":"{\"projectId\":\"crmdoceria-9959e\",\"storageBucket\":\"crmdoceria-9959e.firebasestorage.app\"}","GCLOUD_PROJECT":"crmdoceria-9959e","EVENTARC_CLOUD_EVENT_SOURCE":"projects/crmdoceria-9959e/locations/us-central1/services/updateUser","FUNCTION_TARGET":"updateUser","LOG_EXECUTION_ID":"true","FUNCTION_SIGNATURE_TYPE":"http"},"maxInstanceCount":20,"ingressSettings":"ALLOW_ALL","uri":"https://updateuser-6i65vyioiq-uc.a.run.app","serviceAccountEmail":"389481198252-compute@developer.gserviceaccount.com","availableMemory":"256Mi","allTrafficOnLatestRevision":true,"revision":"updateuser-00005-ruq","maxInstanceRequestConcurrency":80,"availableCpu":"1"},"state":"ACTIVE","updateTime":"2025-10-27T22:40:03.145250338Z","labels":{"deployment-tool":"cli-firebase","deployment-callable":"true","firebase-functions-hash":"7f3906ff9144d4ceedde9361a44e8025a8e61454"},"environment":"GEN_2","url":"https://us-central1-crmdoceria-9959e.cloudfunctions.net/updateUser","createTime":"2025-10-02T17:18:14.334741067Z","satisfiesPzi":true},{"name":"projects/crmdoceria-9959e/locations/us-central1/functions/createUser","buildConfig":{"build":"projects/389481198252/locations/us-central1/builds/0dd4f3ec-ef4b-45f4-8533-2ce3fa5c9f70","runtime":"nodejs20","entryPoint":"createUser","source":{"storageSource":{"bucket":"gcf-v2-sources-389481198252-us-central1","object":"createUser/function-source.zip","generation":"1761604792409765"}},"environmentVariables":{"GOOGLE_NODE_RUN_SCRIPTS":""},"dockerRepository":"projects/crmdoceria-9959e/locations/us-central1/repositories/gcf-artifacts","sourceProvenance":{"resolvedStorageSource":{"bucket":"gcf-v2-sources-389481198252-us-central1","object":"createUser/function-source.zip","generation":"1761604792409765"}},"dockerRegistry":"ARTIFACT_REGISTRY","serviceAccount":"projects/crmdoceria-9959e/serviceAccounts/389481198252-compute@developer.gserviceaccount.com","automaticUpdatePolicy":{}},"serviceConfig":{"service":"projects/crmdoceria-9959e/locations/us-central1/services/createuser","timeoutSeconds":60,"environmentVariables":{"FIREBASE_CONFIG":"{\"projectId\":\"crmdoceria-9959e\",\"storageBucket\":\"crmdoceria-9959e.firebasestorage.app\"}","GCLOUD_PROJECT":"crmdoceria-9959e","EVENTARC_CLOUD_EVENT_SOURCE":"projects/crmdoceria-9959e/locations/us-central1/services/createUser","FUNCTION_TARGET":"createUser","LOG_EXECUTION_ID":"true","FUNCTION_SIGNATURE_TYPE":"http"},"maxInstanceCount":20,"ingressSettings":"ALLOW_ALL","uri":"https://createuser-6i65vyioiq-uc.a.run.app","serviceAccountEmail":"389481198252-compute@developer.gserviceaccount.com","availableMemory":"256Mi","allTrafficOnLatestRevision":true,"revision":"createuser-00005-duk","maxInstanceRequestConcurrency":80,"availableCpu":"1"},"state":"ACTIVE","updateTime":"2025-10-27T22:40:02.599034199Z","labels":{"deployment-callable":"true","firebase-functions-hash":"7f3906ff9144d4ceedde9361a44e8025a8e61454","deployment-tool":"cli-firebase"},"environment":"GEN_2","url":"https://us-central1-crmdoceria-9959e.cloudfunctions.net/createUser","createTime":"2025-10-02T17:18:14.055479900Z","satisfiesPzi":true},{"name":"projects/crmdoceria-9959e/locations/us-central1/functions/api","buildConfig":{"build":"projects/389481198252/locations/us-central1/builds/0dd4f3ec-ef4b-45f4-8533-2ce3fa5c9f70","runtime":"nodejs20","entryPoint":"api","source":{"storageSource":{"bucket":"gcf-v2-sources-389481198252-us-central1","object":"api/function-source.zip","generation":"1761604735685410"}},"environmentVariables":{"GOOGLE_NODE_RUN_SCRIPTS":""},"dockerRepository":"projects/crmdoceria-9959e/locations/us-central1/repositories/gcf-artifacts","sourceProvenance":{"resolvedStorageSource":{"bucket":"gcf-v2-sources-389481198252-us-central1","object":"api/function-source.zip","generation":"1761604735685410"}},"dockerRegistry":"ARTIFACT_REGISTRY","serviceAccount":"projects/crmdoceria-9959e/serviceAccounts/389481198252-compute@developer.gserviceaccount.com","automaticUpdatePolicy":{}},"serviceConfig":{"service":"projects/crmdoceria-9959e/locations/us-central1/services/api","timeoutSeconds":60,"environmentVariables":{"FIREBASE_CONFIG":"{\"projectId\":\"crmdoceria-9959e\",\"storageBucket\":\"crmdoceria-9959e.firebasestorage.app\"}","GCLOUD_PROJECT":"crmdoceria-9959e","EVENTARC_CLOUD_EVENT_SOURCE":"projects/crmdoceria-9959e/locations/us-central1/services/api","FUNCTION_TARGET":"api","LOG_EXECUTION_ID":"true","FUNCTION_SIGNATURE_TYPE":"http"},"maxInstanceCount":20,"ingressSettings":"ALLOW_ALL","uri":"https://api-6i65vyioiq-uc.a.run.app","serviceAccountEmail":"389481198252-compute@developer.gserviceaccount.com","availableMemory":"256Mi","allTrafficOnLatestRevision":true,"revision":"api-00006-cuq","maxInstanceRequestConcurrency":80,"availableCpu":"1"},"state":"ACTIVE","updateTime":"2025-10-27T22:39:50.522092589Z","labels":{"deployment-tool":"cli-firebase","firebase-functions-hash":"7f3906ff9144d4ceedde9361a44e8025a8e61454"},"environment":"GEN_2","url":"https://us-central1-crmdoceria-9959e.cloudfunctions.net/api","createTime":"2025-10-02T14:52:03.959767524Z","satisfiesPzi":true}]}
[debug] [2025-10-28T02:12:07.508Z] Checked if tokens are valid: true, expires at: 1761621106407
[debug] [2025-10-28T02:12:07.508Z] Checked if tokens are valid: true, expires at: 1761621106407
[debug] [2025-10-28T02:12:07.508Z] >>> [apiv2][query] GET https://firestore.googleapis.com/v1/projects/crmdoceria-9959e/databases/(default) [none]
[debug] [2025-10-28T02:12:07.668Z] <<< [apiv2][status] GET https://firestore.googleapis.com/v1/projects/crmdoceria-9959e/databases/(default) 200
[debug] [2025-10-28T02:12:07.668Z] <<< [apiv2][body] GET https://firestore.googleapis.com/v1/projects/crmdoceria-9959e/databases/(default) {"name":"projects/crmdoceria-9959e/databases/(default)","uid":"41cf4433-6973-4b89-a8ba-968c7ce66f67","createTime":"2025-09-02T23:44:37.318789Z","updateTime":"2025-09-02T23:44:37.318789Z","locationId":"southamerica-east1","type":"FIRESTORE_NATIVE","concurrencyMode":"PESSIMISTIC","versionRetentionPeriod":"3600s","earliestVersionTime":"2025-10-28T01:12:07.829198Z","appEngineIntegrationMode":"DISABLED","keyPrefix":"i","pointInTimeRecoveryEnablement":"POINT_IN_TIME_RECOVERY_DISABLED","deleteProtectionState":"DELETE_PROTECTION_DISABLED","databaseEdition":"STANDARD","freeTier":true,"realtimeUpdatesMode":"REALTIME_UPDATES_MODE_ENABLED","etag":"IJzi59foxZADMMfS9q+l4Y8D"}
[info] i  functions: ensuring required API run.googleapis.com is enabled... 
[info] i  functions: ensuring required API eventarc.googleapis.com is enabled... 
[info] i  functions: ensuring required API pubsub.googleapis.com is enabled... 
[info] i  functions: ensuring required API storage.googleapis.com is enabled... 
[info] i  functions: generating the service identity for pubsub.googleapis.com... 
[debug] [2025-10-28T02:12:07.674Z] Checked if tokens are valid: true, expires at: 1761621106407
[debug] [2025-10-28T02:12:07.674Z] Checked if tokens are valid: true, expires at: 1761621106407
[info] i  functions: generating the service identity for eventarc.googleapis.com... 
[debug] [2025-10-28T02:12:07.674Z] Checked if tokens are valid: true, expires at: 1761621106407
[debug] [2025-10-28T02:12:07.674Z] Checked if tokens are valid: true, expires at: 1761621106407
[debug] [2025-10-28T02:12:07.674Z] >>> [apiv2][query] POST https://serviceusage.googleapis.com/v1beta1/projects/389481198252/services/pubsub.googleapis.com:generateServiceIdentity [none]
[debug] [2025-10-28T02:12:07.675Z] >>> [apiv2][(partial)header] POST https://serviceusage.googleapis.com/v1beta1/projects/389481198252/services/pubsub.googleapis.com:generateServiceIdentity x-goog-quota-user=projects/389481198252
[debug] [2025-10-28T02:12:07.675Z] >>> [apiv2][body] POST https://serviceusage.googleapis.com/v1beta1/projects/389481198252/services/pubsub.googleapis.com:generateServiceIdentity {}
[debug] [2025-10-28T02:12:07.675Z] >>> [apiv2][query] POST https://serviceusage.googleapis.com/v1beta1/projects/389481198252/services/eventarc.googleapis.com:generateServiceIdentity [none]
[debug] [2025-10-28T02:12:07.675Z] >>> [apiv2][(partial)header] POST https://serviceusage.googleapis.com/v1beta1/projects/389481198252/services/eventarc.googleapis.com:generateServiceIdentity x-goog-quota-user=projects/389481198252
[debug] [2025-10-28T02:12:07.675Z] >>> [apiv2][body] POST https://serviceusage.googleapis.com/v1beta1/projects/389481198252/services/eventarc.googleapis.com:generateServiceIdentity {}
[debug] [2025-10-28T02:12:08.996Z] <<< [apiv2][status] POST https://serviceusage.googleapis.com/v1beta1/projects/389481198252/services/eventarc.googleapis.com:generateServiceIdentity 200
[debug] [2025-10-28T02:12:08.996Z] <<< [apiv2][body] POST https://serviceusage.googleapis.com/v1beta1/projects/389481198252/services/eventarc.googleapis.com:generateServiceIdentity {"name":"operations/finished.DONE_OPERATION","done":true,"response":{"@type":"type.googleapis.com/google.api.serviceusage.v1beta1.ServiceIdentity","email":"service-389481198252@gcp-sa-eventarc.iam.gserviceaccount.com","uniqueId":"109086361530963913014"}}
[debug] [2025-10-28T02:12:09.001Z] <<< [apiv2][status] POST https://serviceusage.googleapis.com/v1beta1/projects/389481198252/services/pubsub.googleapis.com:generateServiceIdentity 200
[debug] [2025-10-28T02:12:09.001Z] <<< [apiv2][body] POST https://serviceusage.googleapis.com/v1beta1/projects/389481198252/services/pubsub.googleapis.com:generateServiceIdentity {"name":"operations/finished.DONE_OPERATION","done":true,"response":{"@type":"type.googleapis.com/google.api.serviceusage.v1beta1.ServiceIdentity","email":"service-389481198252@gcp-sa-pubsub.iam.gserviceaccount.com","uniqueId":"108150893967578748622"}}
[debug] [2025-10-28T02:12:09.002Z] Checked if tokens are valid: true, expires at: 1761621106407
[debug] [2025-10-28T02:12:09.003Z] Checked if tokens are valid: true, expires at: 1761621106407
[debug] [2025-10-28T02:12:09.003Z] >>> [apiv2][query] GET https://compute.googleapis.com/compute/v1/projects/389481198252 [none]
[debug] [2025-10-28T02:12:09.501Z] <<< [apiv2][status] GET https://compute.googleapis.com/compute/v1/projects/389481198252 403
[debug] [2025-10-28T02:12:09.501Z] <<< [apiv2][body] GET https://compute.googleapis.com/compute/v1/projects/389481198252 {"error":{"code":403,"message":"Compute Engine API has not been used in project 389481198252 before or it is disabled. Enable it by visiting https://console.developers.google.com/apis/api/compute.googleapis.com/overview?project=389481198252 then retry. If you enabled this API recently, wait a few minutes for the action to propagate to our systems and retry.","errors":[{"message":"Compute Engine API has not been used in project 389481198252 before or it is disabled. Enable it by visiting https://console.developers.google.com/apis/api/compute.googleapis.com/overview?project=389481198252 then retry. If you enabled this API recently, wait a few minutes for the action to propagate to our systems and retry.","domain":"usageLimits","reason":"accessNotConfigured","extendedHelp":"https://console.developers.google.com"}],"status":"PERMISSION_DENIED","details":[{"@type":"type.googleapis.com/google.rpc.ErrorInfo","reason":"SERVICE_DISABLED","domain":"googleapis.com","metadata":{"consumer":"projects/389481198252","serviceTitle":"Compute Engine API","service":"compute.googleapis.com","containerInfo":"389481198252","activationUrl":"https://console.developers.google.com/apis/api/compute.googleapis.com/overview?project=389481198252"}},{"@type":"type.googleapis.com/google.rpc.LocalizedMessage","locale":"en-US","message":"Compute Engine API has not been used in project 389481198252 before or it is disabled. Enable it by visiting https://console.developers.google.com/apis/api/compute.googleapis.com/overview?project=389481198252 then retry. If you enabled this API recently, wait a few minutes for the action to propagate to our systems and retry."},{"@type":"type.googleapis.com/google.rpc.Help","links":[{"description":"Google developers console API activation","url":"https://console.developers.google.com/apis/api/compute.googleapis.com/overview?project=389481198252"}]}]}}
[debug] [2025-10-28T02:12:09.502Z] unable to look up default compute service account. Falling back to 389481198252-compute@developer.gserviceaccount.com. Error: {"name":"FirebaseError","children":[],"context":{"body":{"error":{"code":403,"message":"Compute Engine API has not been used in project 389481198252 before or it is disabled. Enable it by visiting https://console.developers.google.com/apis/api/compute.googleapis.com/overview?project=389481198252 then retry. If you enabled this API recently, wait a few minutes for the action to propagate to our systems and retry.","errors":[{"message":"Compute Engine API has not been used in project 389481198252 before or it is disabled. Enable it by visiting https://console.developers.google.com/apis/api/compute.googleapis.com/overview?project=389481198252 then retry. If you enabled this API recently, wait a few minutes for the action to propagate to our systems and retry.","domain":"usageLimits","reason":"accessNotConfigured","extendedHelp":"https://console.developers.google.com"}],"status":"PERMISSION_DENIED","details":[{"@type":"type.googleapis.com/google.rpc.ErrorInfo","reason":"SERVICE_DISABLED","domain":"googleapis.com","metadata":{"consumer":"projects/389481198252","serviceTitle":"Compute Engine API","service":"compute.googleapis.com","containerInfo":"389481198252","activationUrl":"https://console.developers.google.com/apis/api/compute.googleapis.com/overview?project=389481198252"}},{"@type":"type.googleapis.com/google.rpc.LocalizedMessage","locale":"en-US","message":"Compute Engine API has not been used in project 389481198252 before or it is disabled. Enable it by visiting https://console.developers.google.com/apis/api/compute.googleapis.com/overview?project=389481198252 then retry. If you enabled this API recently, wait a few minutes for the action to propagate to our systems and retry."},{"@type":"type.googleapis.com/google.rpc.Help","links":[{"description":"Google developers console API activation","url":"https://console.developers.google.com/apis/api/compute.googleapis.com/overview?project=389481198252"}]}]}},"response":{"statusCode":403}},"exit":1,"message":"Request to https://compute.googleapis.com/compute/v1/projects/389481198252 had HTTP Error: 403, Compute Engine API has not been used in project 389481198252 before or it is disabled. Enable it by visiting https://console.developers.google.com/apis/api/compute.googleapis.com/overview?project=389481198252 then retry. If you enabled this API recently, wait a few minutes for the action to propagate to our systems and retry.","status":403}
[debug] [2025-10-28T02:12:09.502Z] Checked if tokens are valid: true, expires at: 1761621106407
[debug] [2025-10-28T02:12:09.502Z] Checked if tokens are valid: true, expires at: 1761621106407
[debug] [2025-10-28T02:12:09.502Z] >>> [apiv2][query] POST https://cloudresourcemanager.googleapis.com/v1/projects/389481198252:getIamPolicy [none]
[debug] [2025-10-28T02:12:10.538Z] <<< [apiv2][status] POST https://cloudresourcemanager.googleapis.com/v1/projects/389481198252:getIamPolicy 200
[debug] [2025-10-28T02:12:10.538Z] <<< [apiv2][body] POST https://cloudresourcemanager.googleapis.com/v1/projects/389481198252:getIamPolicy {"version":1,"etag":"BwY/CzQQmls=","bindings":[{"role":"roles/artifactregistry.serviceAgent","members":["serviceAccount:service-389481198252@gcp-sa-artifactregistry.iam.gserviceaccount.com"]},{"role":"roles/cloudaicompanion.serviceAgent","members":["serviceAccount:service-389481198252@gcp-sa-cloudaicompanion.iam.gserviceaccount.com"]},{"role":"roles/cloudbuild.builds.builder","members":["serviceAccount:389481198252@cloudbuild.gserviceaccount.com"]},{"role":"roles/cloudbuild.serviceAgent","members":["serviceAccount:service-389481198252@gcp-sa-cloudbuild.iam.gserviceaccount.com"]},{"role":"roles/cloudfunctions.serviceAgent","members":["serviceAccount:service-389481198252@gcf-admin-robot.iam.gserviceaccount.com"]},{"role":"roles/containerregistry.ServiceAgent","members":["serviceAccount:service-389481198252@containerregistry.iam.gserviceaccount.com"]},{"role":"roles/editor","members":["serviceAccount:389481198252-compute@developer.gserviceaccount.com","serviceAccount:389481198252@cloudservices.gserviceaccount.com","serviceAccount:crmdoceria-9959e@appspot.gserviceaccount.com"]},{"role":"roles/firebase.managementServiceAgent","members":["serviceAccount:service-389481198252@gcp-sa-firebase.iam.gserviceaccount.com"]},{"role":"roles/firebase.sdkAdminServiceAgent","members":["serviceAccount:firebase-adminsdk-fbsvc@crmdoceria-9959e.iam.gserviceaccount.com"]},{"role":"roles/firebaseauth.admin","members":["serviceAccount:firebase-adminsdk-fbsvc@crmdoceria-9959e.iam.gserviceaccount.com"]},{"role":"roles/firebasemods.serviceAgent","members":["serviceAccount:service-389481198252@gcp-sa-firebasemods.iam.gserviceaccount.com"]},{"role":"roles/firebaserules.system","members":["serviceAccount:service-389481198252@firebase-rules.iam.gserviceaccount.com"]},{"role":"roles/firebasestorage.serviceAgent","members":["serviceAccount:service-389481198252@gcp-sa-firebasestorage.iam.gserviceaccount.com"]},{"role":"roles/firestore.serviceAgent","members":["serviceAccount:service-389481198252@gcp-sa-firestore.iam.gserviceaccount.com"]},{"role":"roles/iam.serviceAccountTokenCreator","members":["serviceAccount:firebase-adminsdk-fbsvc@crmdoceria-9959e.iam.gserviceaccount.com"]},{"role":"roles/owner","members":["user:anabm.guimaraes@gmail.com"]},{"role":"roles/run.serviceAgent","members":["serviceAccount:service-389481198252@serverless-robot-prod.iam.gserviceaccount.com"]},{"role":"roles/storage.admin","members":["serviceAccount:firebase-adminsdk-fbsvc@crmdoceria-9959e.iam.gserviceaccount.com"]}]}
[debug] [2025-10-28T02:12:10.539Z] Checked if tokens are valid: true, expires at: 1761621106407
[debug] [2025-10-28T02:12:10.539Z] Checked if tokens are valid: true, expires at: 1761621106407
[debug] [2025-10-28T02:12:10.539Z] >>> [apiv2][query] POST https://cloudresourcemanager.googleapis.com/v1/projects/389481198252:setIamPolicy [none]
[debug] [2025-10-28T02:12:10.539Z] >>> [apiv2][body] POST https://cloudresourcemanager.googleapis.com/v1/projects/389481198252:setIamPolicy {"policy":{"version":1,"etag":"BwY/CzQQmls=","bindings":[{"role":"roles/artifactregistry.serviceAgent","members":["serviceAccount:service-389481198252@gcp-sa-artifactregistry.iam.gserviceaccount.com"]},{"role":"roles/cloudaicompanion.serviceAgent","members":["serviceAccount:service-389481198252@gcp-sa-cloudaicompanion.iam.gserviceaccount.com"]},{"role":"roles/cloudbuild.builds.builder","members":["serviceAccount:389481198252@cloudbuild.gserviceaccount.com"]},{"role":"roles/cloudbuild.serviceAgent","members":["serviceAccount:service-389481198252@gcp-sa-cloudbuild.iam.gserviceaccount.com"]},{"role":"roles/cloudfunctions.serviceAgent","members":["serviceAccount:service-389481198252@gcf-admin-robot.iam.gserviceaccount.com"]},{"role":"roles/containerregistry.ServiceAgent","members":["serviceAccount:service-389481198252@containerregistry.iam.gserviceaccount.com"]},{"role":"roles/editor","members":["serviceAccount:389481198252-compute@developer.gserviceaccount.com","serviceAccount:389481198252@cloudservices.gserviceaccount.com","serviceAccount:crmdoceria-9959e@appspot.gserviceaccount.com"]},{"role":"roles/firebase.managementServiceAgent","members":["serviceAccount:service-389481198252@gcp-sa-firebase.iam.gserviceaccount.com"]},{"role":"roles/firebase.sdkAdminServiceAgent","members":["serviceAccount:firebase-adminsdk-fbsvc@crmdoceria-9959e.iam.gserviceaccount.com"]},{"role":"roles/firebaseauth.admin","members":["serviceAccount:firebase-adminsdk-fbsvc@crmdoceria-9959e.iam.gserviceaccount.com"]},{"role":"roles/firebasemods.serviceAgent","members":["serviceAccount:service-389481198252@gcp-sa-firebasemods.iam.gserviceaccount.com"]},{"role":"roles/firebaserules.system","members":["serviceAccount:service-389481198252@firebase-rules.iam.gserviceaccount.com"]},{"role":"roles/firebasestorage.serviceAgent","members":["serviceAccount:service-389481198252@gcp-sa-firebasestorage.iam.gserviceaccount.com"]},{"role":"roles/firestore.serviceAgent","members":["serviceAccount:service-389481198252@gcp-sa-firestore.iam.gserviceaccount.com"]},{"role":"roles/iam.serviceAccountTokenCreator","members":["serviceAccount:firebase-adminsdk-fbsvc@crmdoceria-9959e.iam.gserviceaccount.com","serviceAccount:service-389481198252@gcp-sa-pubsub.iam.gserviceaccount.com"]},{"role":"roles/owner","members":["user:anabm.guimaraes@gmail.com"]},{"role":"roles/run.serviceAgent","members":["serviceAccount:service-389481198252@serverless-robot-prod.iam.gserviceaccount.com"]},{"role":"roles/storage.admin","members":["serviceAccount:firebase-adminsdk-fbsvc@crmdoceria-9959e.iam.gserviceaccount.com"]},{"role":"roles/run.invoker","members":["serviceAccount:389481198252-compute@developer.gserviceaccount.com"]},{"role":"roles/eventarc.eventReceiver","members":["serviceAccount:389481198252-compute@developer.gserviceaccount.com"]}]},"updateMask":"bindings"}
[debug] [2025-10-28T02:12:11.446Z] <<< [apiv2][status] POST https://cloudresourcemanager.googleapis.com/v1/projects/389481198252:setIamPolicy 200
[debug] [2025-10-28T02:12:11.446Z] <<< [apiv2][body] POST https://cloudresourcemanager.googleapis.com/v1/projects/389481198252:setIamPolicy {"version":1,"etag":"BwZCLosyPiY=","bindings":[{"role":"roles/artifactregistry.serviceAgent","members":["serviceAccount:service-389481198252@gcp-sa-artifactregistry.iam.gserviceaccount.com"]},{"role":"roles/cloudaicompanion.serviceAgent","members":["serviceAccount:service-389481198252@gcp-sa-cloudaicompanion.iam.gserviceaccount.com"]},{"role":"roles/cloudbuild.builds.builder","members":["serviceAccount:389481198252@cloudbuild.gserviceaccount.com"]},{"role":"roles/cloudbuild.serviceAgent","members":["serviceAccount:service-389481198252@gcp-sa-cloudbuild.iam.gserviceaccount.com"]},{"role":"roles/cloudfunctions.serviceAgent","members":["serviceAccount:service-389481198252@gcf-admin-robot.iam.gserviceaccount.com"]},{"role":"roles/containerregistry.ServiceAgent","members":["serviceAccount:service-389481198252@containerregistry.iam.gserviceaccount.com"]},{"role":"roles/editor","members":["serviceAccount:389481198252-compute@developer.gserviceaccount.com","serviceAccount:389481198252@cloudservices.gserviceaccount.com","serviceAccount:crmdoceria-9959e@appspot.gserviceaccount.com"]},{"role":"roles/eventarc.eventReceiver","members":["serviceAccount:389481198252-compute@developer.gserviceaccount.com"]},{"role":"roles/firebase.managementServiceAgent","members":["serviceAccount:service-389481198252@gcp-sa-firebase.iam.gserviceaccount.com"]},{"role":"roles/firebase.sdkAdminServiceAgent","members":["serviceAccount:firebase-adminsdk-fbsvc@crmdoceria-9959e.iam.gserviceaccount.com"]},{"role":"roles/firebaseauth.admin","members":["serviceAccount:firebase-adminsdk-fbsvc@crmdoceria-9959e.iam.gserviceaccount.com"]},{"role":"roles/firebasemods.serviceAgent","members":["serviceAccount:service-389481198252@gcp-sa-firebasemods.iam.gserviceaccount.com"]},{"role":"roles/firebaserules.system","members":["serviceAccount:service-389481198252@firebase-rules.iam.gserviceaccount.com"]},{"role":"roles/firebasestorage.serviceAgent","members":["serviceAccount:service-389481198252@gcp-sa-firebasestorage.iam.gserviceaccount.com"]},{"role":"roles/firestore.serviceAgent","members":["serviceAccount:service-389481198252@gcp-sa-firestore.iam.gserviceaccount.com"]},{"role":"roles/iam.serviceAccountTokenCreator","members":["serviceAccount:firebase-adminsdk-fbsvc@crmdoceria-9959e.iam.gserviceaccount.com","serviceAccount:service-389481198252@gcp-sa-pubsub.iam.gserviceaccount.com"]},{"role":"roles/owner","members":["user:anabm.guimaraes@gmail.com"]},{"role":"roles/run.invoker","members":["serviceAccount:389481198252-compute@developer.gserviceaccount.com"]},{"role":"roles/run.serviceAgent","members":["serviceAccount:service-389481198252@serverless-robot-prod.iam.gserviceaccount.com"]},{"role":"roles/storage.admin","members":["serviceAccount:firebase-adminsdk-fbsvc@crmdoceria-9959e.iam.gserviceaccount.com"]}]}
[debug] [2025-10-28T02:12:11.448Z] Checked if tokens are valid: true, expires at: 1761621106407
[debug] [2025-10-28T02:12:11.448Z] Checked if tokens are valid: true, expires at: 1761621106407
[debug] [2025-10-28T02:12:11.448Z] >>> [apiv2][query] GET https://cloudresourcemanager.googleapis.com/v1/projects/crmdoceria-9959e [none]
[debug] [2025-10-28T02:12:11.669Z] <<< [apiv2][status] GET https://cloudresourcemanager.googleapis.com/v1/projects/crmdoceria-9959e 200
[debug] [2025-10-28T02:12:11.669Z] <<< [apiv2][body] GET https://cloudresourcemanager.googleapis.com/v1/projects/crmdoceria-9959e {"projectNumber":"389481198252","projectId":"crmdoceria-9959e","lifecycleState":"ACTIVE","name":"CRMDoceria","labels":{"firebase":"enabled","firebase-core":"disabled"},"createTime":"2025-09-02T23:42:27.827852Z"}
[debug] [2025-10-28T02:12:11.669Z] Checked if tokens are valid: true, expires at: 1761621106407
[debug] [2025-10-28T02:12:11.669Z] Checked if tokens are valid: true, expires at: 1761621106407
[debug] [2025-10-28T02:12:11.669Z] >>> [apiv2][query] GET https://compute.googleapis.com/compute/v1/projects/389481198252 [none]
[debug] [2025-10-28T02:12:11.938Z] <<< [apiv2][status] GET https://compute.googleapis.com/compute/v1/projects/389481198252 403
[debug] [2025-10-28T02:12:11.938Z] <<< [apiv2][body] GET https://compute.googleapis.com/compute/v1/projects/389481198252 {"error":{"code":403,"message":"Compute Engine API has not been used in project 389481198252 before or it is disabled. Enable it by visiting https://console.developers.google.com/apis/api/compute.googleapis.com/overview?project=389481198252 then retry. If you enabled this API recently, wait a few minutes for the action to propagate to our systems and retry.","errors":[{"message":"Compute Engine API has not been used in project 389481198252 before or it is disabled. Enable it by visiting https://console.developers.google.com/apis/api/compute.googleapis.com/overview?project=389481198252 then retry. If you enabled this API recently, wait a few minutes for the action to propagate to our systems and retry.","domain":"usageLimits","reason":"accessNotConfigured","extendedHelp":"https://console.developers.google.com"}],"status":"PERMISSION_DENIED","details":[{"@type":"type.googleapis.com/google.rpc.ErrorInfo","reason":"SERVICE_DISABLED","domain":"googleapis.com","metadata":{"containerInfo":"389481198252","consumer":"projects/389481198252","serviceTitle":"Compute Engine API","service":"compute.googleapis.com","activationUrl":"https://console.developers.google.com/apis/api/compute.googleapis.com/overview?project=389481198252"}},{"@type":"type.googleapis.com/google.rpc.LocalizedMessage","locale":"en-US","message":"Compute Engine API has not been used in project 389481198252 before or it is disabled. Enable it by visiting https://console.developers.google.com/apis/api/compute.googleapis.com/overview?project=389481198252 then retry. If you enabled this API recently, wait a few minutes for the action to propagate to our systems and retry."},{"@type":"type.googleapis.com/google.rpc.Help","links":[{"description":"Google developers console API activation","url":"https://console.developers.google.com/apis/api/compute.googleapis.com/overview?project=389481198252"}]}]}}
[debug] [2025-10-28T02:12:11.938Z] unable to look up default compute service account. Falling back to 389481198252-compute@developer.gserviceaccount.com. Error: {"name":"FirebaseError","children":[],"context":{"body":{"error":{"code":403,"message":"Compute Engine API has not been used in project 389481198252 before or it is disabled. Enable it by visiting https://console.developers.google.com/apis/api/compute.googleapis.com/overview?project=389481198252 then retry. If you enabled this API recently, wait a few minutes for the action to propagate to our systems and retry.","errors":[{"message":"Compute Engine API has not been used in project 389481198252 before or it is disabled. Enable it by visiting https://console.developers.google.com/apis/api/compute.googleapis.com/overview?project=389481198252 then retry. If you enabled this API recently, wait a few minutes for the action to propagate to our systems and retry.","domain":"usageLimits","reason":"accessNotConfigured","extendedHelp":"https://console.developers.google.com"}],"status":"PERMISSION_DENIED","details":[{"@type":"type.googleapis.com/google.rpc.ErrorInfo","reason":"SERVICE_DISABLED","domain":"googleapis.com","metadata":{"containerInfo":"389481198252","consumer":"projects/389481198252","serviceTitle":"Compute Engine API","service":"compute.googleapis.com","activationUrl":"https://console.developers.google.com/apis/api/compute.googleapis.com/overview?project=389481198252"}},{"@type":"type.googleapis.com/google.rpc.LocalizedMessage","locale":"en-US","message":"Compute Engine API has not been used in project 389481198252 before or it is disabled. Enable it by visiting https://console.developers.google.com/apis/api/compute.googleapis.com/overview?project=389481198252 then retry. If you enabled this API recently, wait a few minutes for the action to propagate to our systems and retry."},{"@type":"type.googleapis.com/google.rpc.Help","links":[{"description":"Google developers console API activation","url":"https://console.developers.google.com/apis/api/compute.googleapis.com/overview?project=389481198252"}]}]}},"response":{"statusCode":403}},"exit":1,"message":"Request to https://compute.googleapis.com/compute/v1/projects/389481198252 had HTTP Error: 403, Compute Engine API has not been used in project 389481198252 before or it is disabled. Enable it by visiting https://console.developers.google.com/apis/api/compute.googleapis.com/overview?project=389481198252 then retry. If you enabled this API recently, wait a few minutes for the action to propagate to our systems and retry.","status":403}
[debug] [2025-10-28T02:12:11.938Z] Checked if tokens are valid: true, expires at: 1761621106407
[debug] [2025-10-28T02:12:11.938Z] Checked if tokens are valid: true, expires at: 1761621106407
[debug] [2025-10-28T02:12:11.938Z] >>> [apiv2][query] GET https://compute.googleapis.com/compute/v1/projects/389481198252 [none]
[debug] [2025-10-28T02:12:12.175Z] <<< [apiv2][status] GET https://compute.googleapis.com/compute/v1/projects/389481198252 403
[debug] [2025-10-28T02:12:12.175Z] <<< [apiv2][body] GET https://compute.googleapis.com/compute/v1/projects/389481198252 {"error":{"code":403,"message":"Compute Engine API has not been used in project 389481198252 before or it is disabled. Enable it by visiting https://console.developers.google.com/apis/api/compute.googleapis.com/overview?project=389481198252 then retry. If you enabled this API recently, wait a few minutes for the action to propagate to our systems and retry.","errors":[{"message":"Compute Engine API has not been used in project 389481198252 before or it is disabled. Enable it by visiting https://console.developers.google.com/apis/api/compute.googleapis.com/overview?project=389481198252 then retry. If you enabled this API recently, wait a few minutes for the action to propagate to our systems and retry.","domain":"usageLimits","reason":"accessNotConfigured","extendedHelp":"https://console.developers.google.com"}],"status":"PERMISSION_DENIED","details":[{"@type":"type.googleapis.com/google.rpc.ErrorInfo","reason":"SERVICE_DISABLED","domain":"googleapis.com","metadata":{"containerInfo":"389481198252","activationUrl":"https://console.developers.google.com/apis/api/compute.googleapis.com/overview?project=389481198252","service":"compute.googleapis.com","consumer":"projects/389481198252","serviceTitle":"Compute Engine API"}},{"@type":"type.googleapis.com/google.rpc.LocalizedMessage","locale":"en-US","message":"Compute Engine API has not been used in project 389481198252 before or it is disabled. Enable it by visiting https://console.developers.google.com/apis/api/compute.googleapis.com/overview?project=389481198252 then retry. If you enabled this API recently, wait a few minutes for the action to propagate to our systems and retry."},{"@type":"type.googleapis.com/google.rpc.Help","links":[{"description":"Google developers console API activation","url":"https://console.developers.google.com/apis/api/compute.googleapis.com/overview?project=389481198252"}]}]}}
[debug] [2025-10-28T02:12:12.175Z] unable to look up default compute service account. Falling back to 389481198252-compute@developer.gserviceaccount.com. Error: {"name":"FirebaseError","children":[],"context":{"body":{"error":{"code":403,"message":"Compute Engine API has not been used in project 389481198252 before or it is disabled. Enable it by visiting https://console.developers.google.com/apis/api/compute.googleapis.com/overview?project=389481198252 then retry. If you enabled this API recently, wait a few minutes for the action to propagate to our systems and retry.","errors":[{"message":"Compute Engine API has not been used in project 389481198252 before or it is disabled. Enable it by visiting https://console.developers.google.com/apis/api/compute.googleapis.com/overview?project=389481198252 then retry. If you enabled this API recently, wait a few minutes for the action to propagate to our systems and retry.","domain":"usageLimits","reason":"accessNotConfigured","extendedHelp":"https://console.developers.google.com"}],"status":"PERMISSION_DENIED","details":[{"@type":"type.googleapis.com/google.rpc.ErrorInfo","reason":"SERVICE_DISABLED","domain":"googleapis.com","metadata":{"containerInfo":"389481198252","activationUrl":"https://console.developers.google.com/apis/api/compute.googleapis.com/overview?project=389481198252","service":"compute.googleapis.com","consumer":"projects/389481198252","serviceTitle":"Compute Engine API"}},{"@type":"type.googleapis.com/google.rpc.LocalizedMessage","locale":"en-US","message":"Compute Engine API has not been used in project 389481198252 before or it is disabled. Enable it by visiting https://console.developers.google.com/apis/api/compute.googleapis.com/overview?project=389481198252 then retry. If you enabled this API recently, wait a few minutes for the action to propagate to our systems and retry."},{"@type":"type.googleapis.com/google.rpc.Help","links":[{"description":"Google developers console API activation","url":"https://console.developers.google.com/apis/api/compute.googleapis.com/overview?project=389481198252"}]}]}},"response":{"statusCode":403}},"exit":1,"message":"Request to https://compute.googleapis.com/compute/v1/projects/389481198252 had HTTP Error: 403, Compute Engine API has not been used in project 389481198252 before or it is disabled. Enable it by visiting https://console.developers.google.com/apis/api/compute.googleapis.com/overview?project=389481198252 then retry. If you enabled this API recently, wait a few minutes for the action to propagate to our systems and retry.","status":403}
[debug] [2025-10-28T02:12:12.175Z] Checked if tokens are valid: true, expires at: 1761621106407
[debug] [2025-10-28T02:12:12.175Z] Checked if tokens are valid: true, expires at: 1761621106407
[debug] [2025-10-28T02:12:12.175Z] >>> [apiv2][query] GET https://compute.googleapis.com/compute/v1/projects/389481198252 [none]
[debug] [2025-10-28T02:12:13.111Z] <<< [apiv2][status] GET https://compute.googleapis.com/compute/v1/projects/389481198252 403
[debug] [2025-10-28T02:12:13.111Z] <<< [apiv2][body] GET https://compute.googleapis.com/compute/v1/projects/389481198252 {"error":{"code":403,"message":"Compute Engine API has not been used in project 389481198252 before or it is disabled. Enable it by visiting https://console.developers.google.com/apis/api/compute.googleapis.com/overview?project=389481198252 then retry. If you enabled this API recently, wait a few minutes for the action to propagate to our systems and retry.","errors":[{"message":"Compute Engine API has not been used in project 389481198252 before or it is disabled. Enable it by visiting https://console.developers.google.com/apis/api/compute.googleapis.com/overview?project=389481198252 then retry. If you enabled this API recently, wait a few minutes for the action to propagate to our systems and retry.","domain":"usageLimits","reason":"accessNotConfigured","extendedHelp":"https://console.developers.google.com"}],"status":"PERMISSION_DENIED","details":[{"@type":"type.googleapis.com/google.rpc.ErrorInfo","reason":"SERVICE_DISABLED","domain":"googleapis.com","metadata":{"containerInfo":"389481198252","consumer":"projects/389481198252","activationUrl":"https://console.developers.google.com/apis/api/compute.googleapis.com/overview?project=389481198252","serviceTitle":"Compute Engine API","service":"compute.googleapis.com"}},{"@type":"type.googleapis.com/google.rpc.LocalizedMessage","locale":"en-US","message":"Compute Engine API has not been used in project 389481198252 before or it is disabled. Enable it by visiting https://console.developers.google.com/apis/api/compute.googleapis.com/overview?project=389481198252 then retry. If you enabled this API recently, wait a few minutes for the action to propagate to our systems and retry."},{"@type":"type.googleapis.com/google.rpc.Help","links":[{"description":"Google developers console API activation","url":"https://console.developers.google.com/apis/api/compute.googleapis.com/overview?project=389481198252"}]}]}}
[debug] [2025-10-28T02:12:13.111Z] unable to look up default compute service account. Falling back to 389481198252-compute@developer.gserviceaccount.com. Error: {"name":"FirebaseError","children":[],"context":{"body":{"error":{"code":403,"message":"Compute Engine API has not been used in project 389481198252 before or it is disabled. Enable it by visiting https://console.developers.google.com/apis/api/compute.googleapis.com/overview?project=389481198252 then retry. If you enabled this API recently, wait a few minutes for the action to propagate to our systems and retry.","errors":[{"message":"Compute Engine API has not been used in project 389481198252 before or it is disabled. Enable it by visiting https://console.developers.google.com/apis/api/compute.googleapis.com/overview?project=389481198252 then retry. If you enabled this API recently, wait a few minutes for the action to propagate to our systems and retry.","domain":"usageLimits","reason":"accessNotConfigured","extendedHelp":"https://console.developers.google.com"}],"status":"PERMISSION_DENIED","details":[{"@type":"type.googleapis.com/google.rpc.ErrorInfo","reason":"SERVICE_DISABLED","domain":"googleapis.com","metadata":{"containerInfo":"389481198252","consumer":"projects/389481198252","activationUrl":"https://console.developers.google.com/apis/api/compute.googleapis.com/overview?project=389481198252","serviceTitle":"Compute Engine API","service":"compute.googleapis.com"}},{"@type":"type.googleapis.com/google.rpc.LocalizedMessage","locale":"en-US","message":"Compute Engine API has not been used in project 389481198252 before or it is disabled. Enable it by visiting https://console.developers.google.com/apis/api/compute.googleapis.com/overview?project=389481198252 then retry. If you enabled this API recently, wait a few minutes for the action to propagate to our systems and retry."},{"@type":"type.googleapis.com/google.rpc.Help","links":[{"description":"Google developers console API activation","url":"https://console.developers.google.com/apis/api/compute.googleapis.com/overview?project=389481198252"}]}]}},"response":{"statusCode":403}},"exit":1,"message":"Request to https://compute.googleapis.com/compute/v1/projects/389481198252 had HTTP Error: 403, Compute Engine API has not been used in project 389481198252 before or it is disabled. Enable it by visiting https://console.developers.google.com/apis/api/compute.googleapis.com/overview?project=389481198252 then retry. If you enabled this API recently, wait a few minutes for the action to propagate to our systems and retry.","status":403}
[debug] [2025-10-28T02:12:13.111Z] Checked if tokens are valid: true, expires at: 1761621106407
[debug] [2025-10-28T02:12:13.111Z] Checked if tokens are valid: true, expires at: 1761621106407
[debug] [2025-10-28T02:12:13.111Z] >>> [apiv2][query] GET https://compute.googleapis.com/compute/v1/projects/389481198252 [none]
[debug] [2025-10-28T02:12:13.583Z] <<< [apiv2][status] GET https://compute.googleapis.com/compute/v1/projects/389481198252 403
[debug] [2025-10-28T02:12:13.583Z] <<< [apiv2][body] GET https://compute.googleapis.com/compute/v1/projects/389481198252 {"error":{"code":403,"message":"Compute Engine API has not been used in project 389481198252 before or it is disabled. Enable it by visiting https://console.developers.google.com/apis/api/compute.googleapis.com/overview?project=389481198252 then retry. If you enabled this API recently, wait a few minutes for the action to propagate to our systems and retry.","errors":[{"message":"Compute Engine API has not been used in project 389481198252 before or it is disabled. Enable it by visiting https://console.developers.google.com/apis/api/compute.googleapis.com/overview?project=389481198252 then retry. If you enabled this API recently, wait a few minutes for the action to propagate to our systems and retry.","domain":"usageLimits","reason":"accessNotConfigured","extendedHelp":"https://console.developers.google.com"}],"status":"PERMISSION_DENIED","details":[{"@type":"type.googleapis.com/google.rpc.ErrorInfo","reason":"SERVICE_DISABLED","domain":"googleapis.com","metadata":{"serviceTitle":"Compute Engine API","consumer":"projects/389481198252","service":"compute.googleapis.com","activationUrl":"https://console.developers.google.com/apis/api/compute.googleapis.com/overview?project=389481198252","containerInfo":"389481198252"}},{"@type":"type.googleapis.com/google.rpc.LocalizedMessage","locale":"en-US","message":"Compute Engine API has not been used in project 389481198252 before or it is disabled. Enable it by visiting https://console.developers.google.com/apis/api/compute.googleapis.com/overview?project=389481198252 then retry. If you enabled this API recently, wait a few minutes for the action to propagate to our systems and retry."},{"@type":"type.googleapis.com/google.rpc.Help","links":[{"description":"Google developers console API activation","url":"https://console.developers.google.com/apis/api/compute.googleapis.com/overview?project=389481198252"}]}]}}
[debug] [2025-10-28T02:12:13.583Z] unable to look up default compute service account. Falling back to 389481198252-compute@developer.gserviceaccount.com. Error: {"name":"FirebaseError","children":[],"context":{"body":{"error":{"code":403,"message":"Compute Engine API has not been used in project 389481198252 before or it is disabled. Enable it by visiting https://console.developers.google.com/apis/api/compute.googleapis.com/overview?project=389481198252 then retry. If you enabled this API recently, wait a few minutes for the action to propagate to our systems and retry.","errors":[{"message":"Compute Engine API has not been used in project 389481198252 before or it is disabled. Enable it by visiting https://console.developers.google.com/apis/api/compute.googleapis.com/overview?project=389481198252 then retry. If you enabled this API recently, wait a few minutes for the action to propagate to our systems and retry.","domain":"usageLimits","reason":"accessNotConfigured","extendedHelp":"https://console.developers.google.com"}],"status":"PERMISSION_DENIED","details":[{"@type":"type.googleapis.com/google.rpc.ErrorInfo","reason":"SERVICE_DISABLED","domain":"googleapis.com","metadata":{"serviceTitle":"Compute Engine API","consumer":"projects/389481198252","service":"compute.googleapis.com","activationUrl":"https://console.developers.google.com/apis/api/compute.googleapis.com/overview?project=389481198252","containerInfo":"389481198252"}},{"@type":"type.googleapis.com/google.rpc.LocalizedMessage","locale":"en-US","message":"Compute Engine API has not been used in project 389481198252 before or it is disabled. Enable it by visiting https://console.developers.google.com/apis/api/compute.googleapis.com/overview?project=389481198252 then retry. If you enabled this API recently, wait a few minutes for the action to propagate to our systems and retry."},{"@type":"type.googleapis.com/google.rpc.Help","links":[{"description":"Google developers console API activation","url":"https://console.developers.google.com/apis/api/compute.googleapis.com/overview?project=389481198252"}]}]}},"response":{"statusCode":403}},"exit":1,"message":"Request to https://compute.googleapis.com/compute/v1/projects/389481198252 had HTTP Error: 403, Compute Engine API has not been used in project 389481198252 before or it is disabled. Enable it by visiting https://console.developers.google.com/apis/api/compute.googleapis.com/overview?project=389481198252 then retry. If you enabled this API recently, wait a few minutes for the action to propagate to our systems and retry.","status":403}
[debug] [2025-10-28T02:12:13.584Z] Checked if tokens are valid: true, expires at: 1761621106407
[debug] [2025-10-28T02:12:13.584Z] Checked if tokens are valid: true, expires at: 1761621106407
[debug] [2025-10-28T02:12:13.584Z] >>> [apiv2][query] GET https://compute.googleapis.com/compute/v1/projects/389481198252 [none]
[debug] [2025-10-28T02:12:13.818Z] <<< [apiv2][status] GET https://compute.googleapis.com/compute/v1/projects/389481198252 403
[debug] [2025-10-28T02:12:13.818Z] <<< [apiv2][body] GET https://compute.googleapis.com/compute/v1/projects/389481198252 {"error":{"code":403,"message":"Compute Engine API has not been used in project 389481198252 before or it is disabled. Enable it by visiting https://console.developers.google.com/apis/api/compute.googleapis.com/overview?project=389481198252 then retry. If you enabled this API recently, wait a few minutes for the action to propagate to our systems and retry.","errors":[{"message":"Compute Engine API has not been used in project 389481198252 before or it is disabled. Enable it by visiting https://console.developers.google.com/apis/api/compute.googleapis.com/overview?project=389481198252 then retry. If you enabled this API recently, wait a few minutes for the action to propagate to our systems and retry.","domain":"usageLimits","reason":"accessNotConfigured","extendedHelp":"https://console.developers.google.com"}],"status":"PERMISSION_DENIED","details":[{"@type":"type.googleapis.com/google.rpc.ErrorInfo","reason":"SERVICE_DISABLED","domain":"googleapis.com","metadata":{"serviceTitle":"Compute Engine API","activationUrl":"https://console.developers.google.com/apis/api/compute.googleapis.com/overview?project=389481198252","service":"compute.googleapis.com","consumer":"projects/389481198252","containerInfo":"389481198252"}},{"@type":"type.googleapis.com/google.rpc.LocalizedMessage","locale":"en-US","message":"Compute Engine API has not been used in project 389481198252 before or it is disabled. Enable it by visiting https://console.developers.google.com/apis/api/compute.googleapis.com/overview?project=389481198252 then retry. If you enabled this API recently, wait a few minutes for the action to propagate to our systems and retry."},{"@type":"type.googleapis.com/google.rpc.Help","links":[{"description":"Google developers console API activation","url":"https://console.developers.google.com/apis/api/compute.googleapis.com/overview?project=389481198252"}]}]}}
[debug] [2025-10-28T02:12:13.818Z] unable to look up default compute service account. Falling back to 389481198252-compute@developer.gserviceaccount.com. Error: {"name":"FirebaseError","children":[],"context":{"body":{"error":{"code":403,"message":"Compute Engine API has not been used in project 389481198252 before or it is disabled. Enable it by visiting https://console.developers.google.com/apis/api/compute.googleapis.com/overview?project=389481198252 then retry. If you enabled this API recently, wait a few minutes for the action to propagate to our systems and retry.","errors":[{"message":"Compute Engine API has not been used in project 389481198252 before or it is disabled. Enable it by visiting https://console.developers.google.com/apis/api/compute.googleapis.com/overview?project=389481198252 then retry. If you enabled this API recently, wait a few minutes for the action to propagate to our systems and retry.","domain":"usageLimits","reason":"accessNotConfigured","extendedHelp":"https://console.developers.google.com"}],"status":"PERMISSION_DENIED","details":[{"@type":"type.googleapis.com/google.rpc.ErrorInfo","reason":"SERVICE_DISABLED","domain":"googleapis.com","metadata":{"serviceTitle":"Compute Engine API","activationUrl":"https://console.developers.google.com/apis/api/compute.googleapis.com/overview?project=389481198252","service":"compute.googleapis.com","consumer":"projects/389481198252","containerInfo":"389481198252"}},{"@type":"type.googleapis.com/google.rpc.LocalizedMessage","locale":"en-US","message":"Compute Engine API has not been used in project 389481198252 before or it is disabled. Enable it by visiting https://console.developers.google.com/apis/api/compute.googleapis.com/overview?project=389481198252 then retry. If you enabled this API recently, wait a few minutes for the action to propagate to our systems and retry."},{"@type":"type.googleapis.com/google.rpc.Help","links":[{"description":"Google developers console API activation","url":"https://console.developers.google.com/apis/api/compute.googleapis.com/overview?project=389481198252"}]}]}},"response":{"statusCode":403}},"exit":1,"message":"Request to https://compute.googleapis.com/compute/v1/projects/389481198252 had HTTP Error: 403, Compute Engine API has not been used in project 389481198252 before or it is disabled. Enable it by visiting https://console.developers.google.com/apis/api/compute.googleapis.com/overview?project=389481198252 then retry. If you enabled this API recently, wait a few minutes for the action to propagate to our systems and retry.","status":403}
[debug] [2025-10-28T02:12:13.818Z] Checked if tokens are valid: true, expires at: 1761621106407
[debug] [2025-10-28T02:12:13.818Z] Checked if tokens are valid: true, expires at: 1761621106407
[debug] [2025-10-28T02:12:13.818Z] >>> [apiv2][query] GET https://compute.googleapis.com/compute/v1/projects/389481198252 [none]
[debug] [2025-10-28T02:12:14.078Z] <<< [apiv2][status] GET https://compute.googleapis.com/compute/v1/projects/389481198252 403
[debug] [2025-10-28T02:12:14.079Z] <<< [apiv2][body] GET https://compute.googleapis.com/compute/v1/projects/389481198252 {"error":{"code":403,"message":"Compute Engine API has not been used in project 389481198252 before or it is disabled. Enable it by visiting https://console.developers.google.com/apis/api/compute.googleapis.com/overview?project=389481198252 then retry. If you enabled this API recently, wait a few minutes for the action to propagate to our systems and retry.","errors":[{"message":"Compute Engine API has not been used in project 389481198252 before or it is disabled. Enable it by visiting https://console.developers.google.com/apis/api/compute.googleapis.com/overview?project=389481198252 then retry. If you enabled this API recently, wait a few minutes for the action to propagate to our systems and retry.","domain":"usageLimits","reason":"accessNotConfigured","extendedHelp":"https://console.developers.google.com"}],"status":"PERMISSION_DENIED","details":[{"@type":"type.googleapis.com/google.rpc.ErrorInfo","reason":"SERVICE_DISABLED","domain":"googleapis.com","metadata":{"activationUrl":"https://console.developers.google.com/apis/api/compute.googleapis.com/overview?project=389481198252","service":"compute.googleapis.com","serviceTitle":"Compute Engine API","containerInfo":"389481198252","consumer":"projects/389481198252"}},{"@type":"type.googleapis.com/google.rpc.LocalizedMessage","locale":"en-US","message":"Compute Engine API has not been used in project 389481198252 before or it is disabled. Enable it by visiting https://console.developers.google.com/apis/api/compute.googleapis.com/overview?project=389481198252 then retry. If you enabled this API recently, wait a few minutes for the action to propagate to our systems and retry."},{"@type":"type.googleapis.com/google.rpc.Help","links":[{"description":"Google developers console API activation","url":"https://console.developers.google.com/apis/api/compute.googleapis.com/overview?project=389481198252"}]}]}}
[debug] [2025-10-28T02:12:14.079Z] unable to look up default compute service account. Falling back to 389481198252-compute@developer.gserviceaccount.com. Error: {"name":"FirebaseError","children":[],"context":{"body":{"error":{"code":403,"message":"Compute Engine API has not been used in project 389481198252 before or it is disabled. Enable it by visiting https://console.developers.google.com/apis/api/compute.googleapis.com/overview?project=389481198252 then retry. If you enabled this API recently, wait a few minutes for the action to propagate to our systems and retry.","errors":[{"message":"Compute Engine API has not been used in project 389481198252 before or it is disabled. Enable it by visiting https://console.developers.google.com/apis/api/compute.googleapis.com/overview?project=389481198252 then retry. If you enabled this API recently, wait a few minutes for the action to propagate to our systems and retry.","domain":"usageLimits","reason":"accessNotConfigured","extendedHelp":"https://console.developers.google.com"}],"status":"PERMISSION_DENIED","details":[{"@type":"type.googleapis.com/google.rpc.ErrorInfo","reason":"SERVICE_DISABLED","domain":"googleapis.com","metadata":{"activationUrl":"https://console.developers.google.com/apis/api/compute.googleapis.com/overview?project=389481198252","service":"compute.googleapis.com","serviceTitle":"Compute Engine API","containerInfo":"389481198252","consumer":"projects/389481198252"}},{"@type":"type.googleapis.com/google.rpc.LocalizedMessage","locale":"en-US","message":"Compute Engine API has not been used in project 389481198252 before or it is disabled. Enable it by visiting https://console.developers.google.com/apis/api/compute.googleapis.com/overview?project=389481198252 then retry. If you enabled this API recently, wait a few minutes for the action to propagate to our systems and retry."},{"@type":"type.googleapis.com/google.rpc.Help","links":[{"description":"Google developers console API activation","url":"https://console.developers.google.com/apis/api/compute.googleapis.com/overview?project=389481198252"}]}]}},"response":{"statusCode":403}},"exit":1,"message":"Request to https://compute.googleapis.com/compute/v1/projects/389481198252 had HTTP Error: 403, Compute Engine API has not been used in project 389481198252 before or it is disabled. Enable it by visiting https://console.developers.google.com/apis/api/compute.googleapis.com/overview?project=389481198252 then retry. If you enabled this API recently, wait a few minutes for the action to propagate to our systems and retry.","status":403}
[debug] [2025-10-28T02:12:14.079Z] Checked if tokens are valid: true, expires at: 1761621106407
[debug] [2025-10-28T02:12:14.079Z] Checked if tokens are valid: true, expires at: 1761621106407
[debug] [2025-10-28T02:12:14.079Z] >>> [apiv2][query] GET https://compute.googleapis.com/compute/v1/projects/389481198252 [none]
[debug] [2025-10-28T02:12:15.014Z] <<< [apiv2][status] GET https://compute.googleapis.com/compute/v1/projects/389481198252 403
[debug] [2025-10-28T02:12:15.014Z] <<< [apiv2][body] GET https://compute.googleapis.com/compute/v1/projects/389481198252 {"error":{"code":403,"message":"Compute Engine API has not been used in project 389481198252 before or it is disabled. Enable it by visiting https://console.developers.google.com/apis/api/compute.googleapis.com/overview?project=389481198252 then retry. If you enabled this API recently, wait a few minutes for the action to propagate to our systems and retry.","errors":[{"message":"Compute Engine API has not been used in project 389481198252 before or it is disabled. Enable it by visiting https://console.developers.google.com/apis/api/compute.googleapis.com/overview?project=389481198252 then retry. If you enabled this API recently, wait a few minutes for the action to propagate to our systems and retry.","domain":"usageLimits","reason":"accessNotConfigured","extendedHelp":"https://console.developers.google.com"}],"status":"PERMISSION_DENIED","details":[{"@type":"type.googleapis.com/google.rpc.ErrorInfo","reason":"SERVICE_DISABLED","domain":"googleapis.com","metadata":{"serviceTitle":"Compute Engine API","activationUrl":"https://console.developers.google.com/apis/api/compute.googleapis.com/overview?project=389481198252","service":"compute.googleapis.com","containerInfo":"389481198252","consumer":"projects/389481198252"}},{"@type":"type.googleapis.com/google.rpc.LocalizedMessage","locale":"en-US","message":"Compute Engine API has not been used in project 389481198252 before or it is disabled. Enable it by visiting https://console.developers.google.com/apis/api/compute.googleapis.com/overview?project=389481198252 then retry. If you enabled this API recently, wait a few minutes for the action to propagate to our systems and retry."},{"@type":"type.googleapis.com/google.rpc.Help","links":[{"description":"Google developers console API activation","url":"https://console.developers.google.com/apis/api/compute.googleapis.com/overview?project=389481198252"}]}]}}
[debug] [2025-10-28T02:12:15.014Z] unable to look up default compute service account. Falling back to 389481198252-compute@developer.gserviceaccount.com. Error: {"name":"FirebaseError","children":[],"context":{"body":{"error":{"code":403,"message":"Compute Engine API has not been used in project 389481198252 before or it is disabled. Enable it by visiting https://console.developers.google.com/apis/api/compute.googleapis.com/overview?project=389481198252 then retry. If you enabled this API recently, wait a few minutes for the action to propagate to our systems and retry.","errors":[{"message":"Compute Engine API has not been used in project 389481198252 before or it is disabled. Enable it by visiting https://console.developers.google.com/apis/api/compute.googleapis.com/overview?project=389481198252 then retry. If you enabled this API recently, wait a few minutes for the action to propagate to our systems and retry.","domain":"usageLimits","reason":"accessNotConfigured","extendedHelp":"https://console.developers.google.com"}],"status":"PERMISSION_DENIED","details":[{"@type":"type.googleapis.com/google.rpc.ErrorInfo","reason":"SERVICE_DISABLED","domain":"googleapis.com","metadata":{"serviceTitle":"Compute Engine API","activationUrl":"https://console.developers.google.com/apis/api/compute.googleapis.com/overview?project=389481198252","service":"compute.googleapis.com","containerInfo":"389481198252","consumer":"projects/389481198252"}},{"@type":"type.googleapis.com/google.rpc.LocalizedMessage","locale":"en-US","message":"Compute Engine API has not been used in project 389481198252 before or it is disabled. Enable it by visiting https://console.developers.google.com/apis/api/compute.googleapis.com/overview?project=389481198252 then retry. If you enabled this API recently, wait a few minutes for the action to propagate to our systems and retry."},{"@type":"type.googleapis.com/google.rpc.Help","links":[{"description":"Google developers console API activation","url":"https://console.developers.google.com/apis/api/compute.googleapis.com/overview?project=389481198252"}]}]}},"response":{"statusCode":403}},"exit":1,"message":"Request to https://compute.googleapis.com/compute/v1/projects/389481198252 had HTTP Error: 403, Compute Engine API has not been used in project 389481198252 before or it is disabled. Enable it by visiting https://console.developers.google.com/apis/api/compute.googleapis.com/overview?project=389481198252 then retry. If you enabled this API recently, wait a few minutes for the action to propagate to our systems and retry.","status":403}
[debug] [2025-10-28T02:12:15.019Z] Checked if tokens are valid: true, expires at: 1761621106407
[debug] [2025-10-28T02:12:15.019Z] Checked if tokens are valid: true, expires at: 1761621106407
[debug] [2025-10-28T02:12:15.019Z] >>> [apiv2][query] POST https://firebasehosting.googleapis.com/v1beta1/projects/-/sites/crmdoceria-9959e/versions [none]
[debug] [2025-10-28T02:12:15.019Z] >>> [apiv2][body] POST https://firebasehosting.googleapis.com/v1beta1/projects/-/sites/crmdoceria-9959e/versions {"status":"CREATED","labels":{"deployment-tool":"cli-firebase"}}
[debug] [2025-10-28T02:12:16.423Z] <<< [apiv2][status] POST https://firebasehosting.googleapis.com/v1beta1/projects/-/sites/crmdoceria-9959e/versions 200
[debug] [2025-10-28T02:12:16.423Z] <<< [apiv2][body] POST https://firebasehosting.googleapis.com/v1beta1/projects/-/sites/crmdoceria-9959e/versions {"name":"projects/389481198252/sites/crmdoceria-9959e/versions/b4189cd84cfa6328","status":"CREATED","config":{},"labels":{"deployment-tool":"cli-firebase"}}
[debug] [2025-10-28T02:12:16.424Z] Checked if tokens are valid: true, expires at: 1761621106407
[debug] [2025-10-28T02:12:16.424Z] Checked if tokens are valid: true, expires at: 1761621106407
[debug] [2025-10-28T02:12:16.424Z] >>> [apiv2][query] GET https://firebaserules.googleapis.com/v1/projects/crmdoceria-9959e/releases pageSize=10&pageToken=
[debug] [2025-10-28T02:12:17.609Z] <<< [apiv2][status] GET https://firebaserules.googleapis.com/v1/projects/crmdoceria-9959e/releases 200
[debug] [2025-10-28T02:12:17.609Z] <<< [apiv2][body] GET https://firebaserules.googleapis.com/v1/projects/crmdoceria-9959e/releases {"releases":[{"name":"projects/crmdoceria-9959e/releases/cloud.firestore","rulesetName":"projects/crmdoceria-9959e/rulesets/d30fd702-dfe7-44ac-baa5-3732f0a76e34","createTime":"2025-09-02T23:44:45.093543Z","updateTime":"2025-10-27T22:38:53.411146Z"},{"name":"projects/crmdoceria-9959e/releases/firebase.storage/crmdoceria-9959e.firebasestorage.app","rulesetName":"projects/crmdoceria-9959e/rulesets/3847778c-cee1-4877-8ed9-69cd2b50d4b1","createTime":"2025-09-04T12:54:34.037227Z","updateTime":"2025-10-27T22:38:52.889300Z"}]}
[debug] [2025-10-28T02:12:17.620Z] Checked if tokens are valid: true, expires at: 1761621106407
[debug] [2025-10-28T02:12:17.620Z] Checked if tokens are valid: true, expires at: 1761621106407
[debug] [2025-10-28T02:12:17.620Z] >>> [apiv2][query] GET https://firebaserules.googleapis.com/v1/projects/crmdoceria-9959e/rulesets/3847778c-cee1-4877-8ed9-69cd2b50d4b1 [none]
[debug] [2025-10-28T02:12:18.562Z] <<< [apiv2][status] GET https://firebaserules.googleapis.com/v1/projects/crmdoceria-9959e/rulesets/3847778c-cee1-4877-8ed9-69cd2b50d4b1 200
[debug] [2025-10-28T02:12:18.562Z] <<< [apiv2][body] GET https://firebaserules.googleapis.com/v1/projects/crmdoceria-9959e/rulesets/3847778c-cee1-4877-8ed9-69cd2b50d4b1 [omitted]
[info] i  storage: latest version of storage.rules already up to date, skipping upload... 
[debug] [2025-10-28T02:12:18.563Z] Checked if tokens are valid: true, expires at: 1761621106407
[debug] [2025-10-28T02:12:18.563Z] Checked if tokens are valid: true, expires at: 1761621106407
[debug] [2025-10-28T02:12:18.563Z] >>> [apiv2][query] GET https://firebaserules.googleapis.com/v1/projects/crmdoceria-9959e/releases pageSize=10&pageToken=
[debug] [2025-10-28T02:12:19.606Z] <<< [apiv2][status] GET https://firebaserules.googleapis.com/v1/projects/crmdoceria-9959e/releases 200
[debug] [2025-10-28T02:12:19.606Z] <<< [apiv2][body] GET https://firebaserules.googleapis.com/v1/projects/crmdoceria-9959e/releases {"releases":[{"name":"projects/crmdoceria-9959e/releases/cloud.firestore","rulesetName":"projects/crmdoceria-9959e/rulesets/d30fd702-dfe7-44ac-baa5-3732f0a76e34","createTime":"2025-09-02T23:44:45.093543Z","updateTime":"2025-10-27T22:38:53.411146Z"},{"name":"projects/crmdoceria-9959e/releases/firebase.storage/crmdoceria-9959e.firebasestorage.app","rulesetName":"projects/crmdoceria-9959e/rulesets/3847778c-cee1-4877-8ed9-69cd2b50d4b1","createTime":"2025-09-04T12:54:34.037227Z","updateTime":"2025-10-27T22:38:52.889300Z"}]}
[debug] [2025-10-28T02:12:19.606Z] Checked if tokens are valid: true, expires at: 1761621106407
[debug] [2025-10-28T02:12:19.606Z] Checked if tokens are valid: true, expires at: 1761621106407
[debug] [2025-10-28T02:12:19.606Z] >>> [apiv2][query] GET https://firebaserules.googleapis.com/v1/projects/crmdoceria-9959e/rulesets/d30fd702-dfe7-44ac-baa5-3732f0a76e34 [none]
[debug] [2025-10-28T02:12:20.540Z] <<< [apiv2][status] GET https://firebaserules.googleapis.com/v1/projects/crmdoceria-9959e/rulesets/d30fd702-dfe7-44ac-baa5-3732f0a76e34 200
[debug] [2025-10-28T02:12:20.540Z] <<< [apiv2][body] GET https://firebaserules.googleapis.com/v1/projects/crmdoceria-9959e/rulesets/d30fd702-dfe7-44ac-baa5-3732f0a76e34 [omitted]
[info] i  firestore: latest version of firestore.rules already up to date, skipping upload... 
[info] i  firestore: deploying indexes... 
[debug] [2025-10-28T02:12:20.542Z] Checked if tokens are valid: true, expires at: 1761621106407
[debug] [2025-10-28T02:12:20.542Z] Checked if tokens are valid: true, expires at: 1761621106407
[debug] [2025-10-28T02:12:20.542Z] >>> [apiv2][query] GET https://firestore.googleapis.com/v1/projects/crmdoceria-9959e/databases/(default)/collectionGroups/-/indexes [none]
[debug] [2025-10-28T02:12:20.724Z] <<< [apiv2][status] GET https://firestore.googleapis.com/v1/projects/crmdoceria-9959e/databases/(default)/collectionGroups/-/indexes 200
[debug] [2025-10-28T02:12:20.724Z] <<< [apiv2][body] GET https://firestore.googleapis.com/v1/projects/crmdoceria-9959e/databases/(default)/collectionGroups/-/indexes {}
[debug] [2025-10-28T02:12:20.724Z] Checked if tokens are valid: true, expires at: 1761621106407
[debug] [2025-10-28T02:12:20.725Z] Checked if tokens are valid: true, expires at: 1761621106407
[debug] [2025-10-28T02:12:20.725Z] >>> [apiv2][query] GET https://firestore.googleapis.com/v1/projects/crmdoceria-9959e/databases/(default)/collectionGroups/-/fields?filter=indexConfig.usesAncestorConfig=false OR ttlConfig:* [none]
[debug] [2025-10-28T02:12:20.840Z] <<< [apiv2][status] GET https://firestore.googleapis.com/v1/projects/crmdoceria-9959e/databases/(default)/collectionGroups/-/fields?filter=indexConfig.usesAncestorConfig=false OR ttlConfig:* 200
[debug] [2025-10-28T02:12:20.840Z] <<< [apiv2][body] GET https://firestore.googleapis.com/v1/projects/crmdoceria-9959e/databases/(default)/collectionGroups/-/fields?filter=indexConfig.usesAncestorConfig=false OR ttlConfig:* {"fields":[{"name":"projects/crmdoceria-9959e/databases/(default)/collectionGroups/__default__/fields/*","indexConfig":{"indexes":[{"queryScope":"COLLECTION","fields":[{"fieldPath":"*","order":"ASCENDING"}],"state":"READY"},{"queryScope":"COLLECTION","fields":[{"fieldPath":"*","order":"DESCENDING"}],"state":"READY"},{"queryScope":"COLLECTION","fields":[{"fieldPath":"*","arrayConfig":"CONTAINS"}],"state":"READY"}]}}]}
[debug] [2025-10-28T02:12:20.840Z] Checked if tokens are valid: true, expires at: 1761621106407
[debug] [2025-10-28T02:12:20.840Z] Checked if tokens are valid: true, expires at: 1761621106407
[debug] [2025-10-28T02:12:20.840Z] >>> [apiv2][query] GET https://firestore.googleapis.com/v1/projects/crmdoceria-9959e/databases/(default) [none]
[debug] [2025-10-28T02:12:20.887Z] <<< [apiv2][status] GET https://firestore.googleapis.com/v1/projects/crmdoceria-9959e/databases/(default) 200
[debug] [2025-10-28T02:12:20.887Z] <<< [apiv2][body] GET https://firestore.googleapis.com/v1/projects/crmdoceria-9959e/databases/(default) {"name":"projects/crmdoceria-9959e/databases/(default)","uid":"41cf4433-6973-4b89-a8ba-968c7ce66f67","createTime":"2025-09-02T23:44:37.318789Z","updateTime":"2025-09-02T23:44:37.318789Z","locationId":"southamerica-east1","type":"FIRESTORE_NATIVE","concurrencyMode":"PESSIMISTIC","versionRetentionPeriod":"3600s","earliestVersionTime":"2025-10-28T01:12:21.046610Z","appEngineIntegrationMode":"DISABLED","keyPrefix":"i","pointInTimeRecoveryEnablement":"POINT_IN_TIME_RECOVERY_DISABLED","deleteProtectionState":"DELETE_PROTECTION_DISABLED","databaseEdition":"STANDARD","freeTier":true,"realtimeUpdatesMode":"REALTIME_UPDATES_MODE_ENABLED","etag":"INm8jt7oxZADMMfS9q+l4Y8D"}
[info] +  firestore: deployed indexes in firestore.indexes.json successfully for (default) database 
[debug] [2025-10-28T02:12:20.888Z] Checked if tokens are valid: true, expires at: 1761621106407
[debug] [2025-10-28T02:12:20.888Z] Checked if tokens are valid: true, expires at: 1761621106407
[debug] [2025-10-28T02:12:20.888Z] >>> [apiv2][query] GET https://cloudbilling.googleapis.com/v1/projects/crmdoceria-9959e/billingInfo [none]
[debug] [2025-10-28T02:12:22.244Z] <<< [apiv2][status] GET https://cloudbilling.googleapis.com/v1/projects/crmdoceria-9959e/billingInfo 200
[debug] [2025-10-28T02:12:22.244Z] <<< [apiv2][body] GET https://cloudbilling.googleapis.com/v1/projects/crmdoceria-9959e/billingInfo {"name":"projects/crmdoceria-9959e/billingInfo","projectId":"crmdoceria-9959e","billingAccountName":"billingAccounts/01277E-44FFBB-534072","billingEnabled":true}
[debug] [2025-10-28T02:12:22.246Z] Checked if tokens are valid: true, expires at: 1761621106407
[debug] [2025-10-28T02:12:22.246Z] Checked if tokens are valid: true, expires at: 1761621106407
[debug] [2025-10-28T02:12:22.246Z] >>> [apiv2][query] POST https://cloudfunctions.googleapis.com/v2/projects/crmdoceria-9959e/locations/us-central1/functions:generateUploadUrl [none]
[debug] [2025-10-28T02:12:23.428Z] <<< [apiv2][status] POST https://cloudfunctions.googleapis.com/v2/projects/crmdoceria-9959e/locations/us-central1/functions:generateUploadUrl 200
[debug] [2025-10-28T02:12:23.428Z] <<< [apiv2][body] POST https://cloudfunctions.googleapis.com/v2/projects/crmdoceria-9959e/locations/us-central1/functions:generateUploadUrl {"uploadUrl":"https://storage.googleapis.com/gcf-v2-uploads-389481198252.us-central1.cloudfunctions.appspot.com/079455a4-8144-4db8-b932-d2a7fc3d65d0.zip?GoogleAccessId=service-389481198252@gcf-admin-robot.iam.gserviceaccount.com&Expires=1761619343&Signature=i3LRHpEGbBgvR8KoRraDWEuUWSVelmhvDa3iR6XIEUcwh10iViZyj%2FTMnKbsX9y2Kt3N1H%2FmNENqAqwqrkMcu%2BjkjEmhQO1z3Ex7JU5TZqKgDaGJBBhirid1CUF2WutEIKrIexV66VI4vDO6%2FLJJfORpFnftz1Y3y%2F74VpABIu5Xmc%2B4YF7f98fcwoMnkDNwKCqs7NNrIwwGfdL%2BAs8ajhFSEMbFWMYfNA0uskjkyBmJHIVaY1uLhH297HTctlvCA7AgCRDT084sWDQE21Brq9PIhvgcZ0YGOhu9G5sC6TI3CrWYRvAY4HQwC066a2bq6ejAr12p9vdkMP8g%2FvJRjQ%3D%3D","storageSource":{"bucket":"gcf-v2-uploads-389481198252.us-central1.cloudfunctions.appspot.com","object":"079455a4-8144-4db8-b932-d2a7fc3d65d0.zip"}}
[debug] [2025-10-28T02:12:23.428Z] >>> [apiv2][query] PUT https://storage.googleapis.com/gcf-v2-uploads-389481198252.us-central1.cloudfunctions.appspot.com/079455a4-8144-4db8-b932-d2a7fc3d65d0.zip GoogleAccessId=service-389481198252%40gcf-admin-robot.iam.gserviceaccount.com&Expires=1761619343&Signature=i3LRHpEGbBgvR8KoRraDWEuUWSVelmhvDa3iR6XIEUcwh10iViZyj%2FTMnKbsX9y2Kt3N1H%2FmNENqAqwqrkMcu%2BjkjEmhQO1z3Ex7JU5TZqKgDaGJBBhirid1CUF2WutEIKrIexV66VI4vDO6%2FLJJfORpFnftz1Y3y%2F74VpABIu5Xmc%2B4YF7f98fcwoMnkDNwKCqs7NNrIwwGfdL%2BAs8ajhFSEMbFWMYfNA0uskjkyBmJHIVaY1uLhH297HTctlvCA7AgCRDT084sWDQE21Brq9PIhvgcZ0YGOhu9G5sC6TI3CrWYRvAY4HQwC066a2bq6ejAr12p9vdkMP8g%2FvJRjQ%3D%3D
[debug] [2025-10-28T02:12:23.428Z] >>> [apiv2][body] PUT https://storage.googleapis.com/gcf-v2-uploads-389481198252.us-central1.cloudfunctions.appspot.com/079455a4-8144-4db8-b932-d2a7fc3d65d0.zip [stream]
[debug] [2025-10-28T02:12:24.136Z] <<< [apiv2][status] PUT https://storage.googleapis.com/gcf-v2-uploads-389481198252.us-central1.cloudfunctions.appspot.com/079455a4-8144-4db8-b932-d2a7fc3d65d0.zip 200
[debug] [2025-10-28T02:12:24.136Z] <<< [apiv2][body] PUT https://storage.googleapis.com/gcf-v2-uploads-389481198252.us-central1.cloudfunctions.appspot.com/079455a4-8144-4db8-b932-d2a7fc3d65d0.zip [omitted]
[info] +  functions: functions source uploaded successfully 
[info] i  hosting[crmdoceria-9959e]: beginning deploy... 
[info] i  hosting[crmdoceria-9959e]: found 24 files in crm/build 
[debug] [2025-10-28T02:12:24.153Z] [hosting] uploading with 200 concurrency
[debug] [2025-10-28T02:12:24.366Z] Checked if tokens are valid: true, expires at: 1761621106407
[debug] [2025-10-28T02:12:24.366Z] Checked if tokens are valid: true, expires at: 1761621106407
[debug] [2025-10-28T02:12:24.367Z] [hosting] hash cache [Y3JtXGJ1aWxk] stored for 24 files
[debug] [2025-10-28T02:12:24.367Z] [hosting][hash queue][FINAL] {"max":209,"min":1,"avg":12.291666666666666,"active":0,"complete":24,"success":24,"errored":0,"retried":0,"total":24,"elapsed":212}
[debug] [2025-10-28T02:12:24.367Z] >>> [apiv2][query] POST https://firebasehosting.googleapis.com/v1beta1/projects/389481198252/sites/crmdoceria-9959e/versions/b4189cd84cfa6328:populateFiles [none]
[debug] [2025-10-28T02:12:24.367Z] >>> [apiv2][body] POST https://firebasehosting.googleapis.com/v1beta1/projects/389481198252/sites/crmdoceria-9959e/versions/b4189cd84cfa6328:populateFiles {"files":{"/mixkit-vintage-warning-alarm-990.wav":"4136058fe54d1180e38dbfe6ecf97e91d988ce8ede2f85b442c9344b2fcbfd30","/logo_old.png":"9bc6a82ed162be18729cd8f28d86cbd7f58ca4bfc9dd36fc9b5508c2ee97b020","/logotipo.png":"f78226792883b69073e9ae092d94ffcba7db438ac821d16b0a882bdea1a21f71\r","/logo512.png":"41d5675ed615ddb1590c265fce07b73ff67f627c7989476c3e101fda7324ac99","/logo192.png":"41d5675ed615ddb1590c265fce07b73ff67f627c7989476c3e101fda7324ac99","/logo.png":"41d5675ed615ddb1590c265fce07b73ff67f627c7989476c3e101fda7324ac99","/index_bkp_funcionando.html":"21a66324e3b4b7c6ccbe25c54cc196ba3558282441300da8dc680b929700d628","/cardapio_bkp_funcionandoAndroid_iOS.html":"49e9cace19f61543e331ad5bd44e53fba922090a02ab79da7fbd0e1e6f950054","/cardapio.html":"d6870c982e46f37d082c1edc75450056583d2cd771d42005d48c349e04698004","/cardapio-festa.html":"37e4c3aad338ce4c87ea283d196ad2e1098c590b0a9a6963a244f61eca937963","/cardapio pulicado.html":"49e9cace19f61543e331ad5bd44e53fba922090a02ab79da7fbd0e1e6f950054","/slide/slide3.png":"0240b5d5613e234274692c7e6f6b596c289180b65c279fc919ef38d8443c3f12\r","/slide/slide2.png":"917ac429d6356523119aca2dde84f3cf64b553a1cd45dd92466c6f8af3306613\r","/slide/slide1.png":"4af8e24669690d7d595f8ee5740bc5e46af066a5c3638d0d85cbd56e45da537e\r","/manifest.json":"e9294cdcb581c31daa1544c25b01c456ee2593d9166e1f6403a29014e81b3a89","/firebaseClientConfig.js":"ddff72a1ca8680d5a74d50e6116ea1a7303ef3e2241640c3b6d390555281b788","/firebase-messaging-sw.js":"02ab9365897a5950d6670af747158d0ae01e54d836c4ab0a8a954aa8112ad8f7","/index.html":"d021166cf6b7d8f1e97d4d5f255062fee9b8d1f551f47d615580149d21436360","/static/js/main.c6c78842.js.LICENSE.txt":"49b883b96e85a98e25c781dda0889a0d55e5288b8e9d39ed0ad8976506160dbd","/asset-manifest.json":"ecc3efceac8c75340aea64fc23987eb71b390dbd3ea4787d20e5a80ef8199c34","/static/css/main.b3dda19e.css.map":"03d2e9f34060beee4ee7bc6790d0298c6b9f0269844b453bf1a304e1aec95286","/static/css/main.b3dda19e.css":"45be4d6c8c0ab278d3afa603e5e1bd40ecf577063b16396f9ed73703dd6afe2b","/static/js/main.c6c78842.js":"84b045b481ed20a3b232a4ca08955e395242e5663c4501530c29b7eb4505afde","/static/js/main.c6c78842.js.map":"9da93482fad2b2f92e4d40beb34c24a7eca62c064597dd8739f6fb2614c46cfd"}}
[debug] [2025-10-28T02:12:25.452Z] <<< [apiv2][status] POST https://firebasehosting.googleapis.com/v1beta1/projects/389481198252/sites/crmdoceria-9959e/versions/b4189cd84cfa6328:populateFiles 200
[debug] [2025-10-28T02:12:25.452Z] <<< [apiv2][body] POST https://firebasehosting.googleapis.com/v1beta1/projects/389481198252/sites/crmdoceria-9959e/versions/b4189cd84cfa6328:populateFiles {"uploadRequiredHashes":["d021166cf6b7d8f1e97d4d5f255062fee9b8d1f551f47d615580149d21436360","e9294cdcb581c31daa1544c25b01c456ee2593d9166e1f6403a29014e81b3a89","84b045b481ed20a3b232a4ca08955e395242e5663c4501530c29b7eb4505afde","9da93482fad2b2f92e4d40beb34c24a7eca62c064597dd8739f6fb2614c46cfd","ddff72a1ca8680d5a74d50e6116ea1a7303ef3e2241640c3b6d390555281b788","02ab9365897a5950d6670af747158d0ae01e54d836c4ab0a8a954aa8112ad8f7","ecc3efceac8c75340aea64fc23987eb71b390dbd3ea4787d20e5a80ef8199c34"],"uploadUrl":"https://upload-firebasehosting.googleapis.com/upload/sites/crmdoceria-9959e/versions/b4189cd84cfa6328/files"}
[debug] [2025-10-28T02:12:25.453Z] Checked if tokens are valid: true, expires at: 1761621106407
[debug] [2025-10-28T02:12:25.453Z] Checked if tokens are valid: true, expires at: 1761621106407
[debug] [2025-10-28T02:12:25.453Z] Checked if tokens are valid: true, expires at: 1761621106407
[debug] [2025-10-28T02:12:25.453Z] Checked if tokens are valid: true, expires at: 1761621106407
[debug] [2025-10-28T02:12:25.453Z] Checked if tokens are valid: true, expires at: 1761621106407
[debug] [2025-10-28T02:12:25.453Z] Checked if tokens are valid: true, expires at: 1761621106407
[debug] [2025-10-28T02:12:25.453Z] Checked if tokens are valid: true, expires at: 1761621106407
[debug] [2025-10-28T02:12:25.453Z] Checked if tokens are valid: true, expires at: 1761621106407
[debug] [2025-10-28T02:12:25.454Z] Checked if tokens are valid: true, expires at: 1761621106407
[debug] [2025-10-28T02:12:25.454Z] Checked if tokens are valid: true, expires at: 1761621106407
[debug] [2025-10-28T02:12:25.454Z] Checked if tokens are valid: true, expires at: 1761621106407
[debug] [2025-10-28T02:12:25.454Z] Checked if tokens are valid: true, expires at: 1761621106407
[debug] [2025-10-28T02:12:25.454Z] Checked if tokens are valid: true, expires at: 1761621106407
[debug] [2025-10-28T02:12:25.454Z] Checked if tokens are valid: true, expires at: 1761621106407
[debug] [2025-10-28T02:12:25.454Z] >>> [apiv2][query] POST https://upload-firebasehosting.googleapis.com/upload/sites/crmdoceria-9959e/versions/b4189cd84cfa6328/files/d021166cf6b7d8f1e97d4d5f255062fee9b8d1f551f47d615580149d21436360 [none]
[debug] [2025-10-28T02:12:25.454Z] >>> [apiv2][body] POST https://upload-firebasehosting.googleapis.com/upload/sites/crmdoceria-9959e/versions/b4189cd84cfa6328/files/d021166cf6b7d8f1e97d4d5f255062fee9b8d1f551f47d615580149d21436360 [stream]
[debug] [2025-10-28T02:12:25.455Z] >>> [apiv2][query] POST https://upload-firebasehosting.googleapis.com/upload/sites/crmdoceria-9959e/versions/b4189cd84cfa6328/files/e9294cdcb581c31daa1544c25b01c456ee2593d9166e1f6403a29014e81b3a89 [none]
[debug] [2025-10-28T02:12:25.455Z] >>> [apiv2][body] POST https://upload-firebasehosting.googleapis.com/upload/sites/crmdoceria-9959e/versions/b4189cd84cfa6328/files/e9294cdcb581c31daa1544c25b01c456ee2593d9166e1f6403a29014e81b3a89 [stream]
[debug] [2025-10-28T02:12:25.456Z] >>> [apiv2][query] POST https://upload-firebasehosting.googleapis.com/upload/sites/crmdoceria-9959e/versions/b4189cd84cfa6328/files/84b045b481ed20a3b232a4ca08955e395242e5663c4501530c29b7eb4505afde [none]
[debug] [2025-10-28T02:12:25.456Z] >>> [apiv2][body] POST https://upload-firebasehosting.googleapis.com/upload/sites/crmdoceria-9959e/versions/b4189cd84cfa6328/files/84b045b481ed20a3b232a4ca08955e395242e5663c4501530c29b7eb4505afde [stream]
[debug] [2025-10-28T02:12:25.456Z] >>> [apiv2][query] POST https://upload-firebasehosting.googleapis.com/upload/sites/crmdoceria-9959e/versions/b4189cd84cfa6328/files/9da93482fad2b2f92e4d40beb34c24a7eca62c064597dd8739f6fb2614c46cfd [none]
[debug] [2025-10-28T02:12:25.456Z] >>> [apiv2][body] POST https://upload-firebasehosting.googleapis.com/upload/sites/crmdoceria-9959e/versions/b4189cd84cfa6328/files/9da93482fad2b2f92e4d40beb34c24a7eca62c064597dd8739f6fb2614c46cfd [stream]
[debug] [2025-10-28T02:12:25.457Z] >>> [apiv2][query] POST https://upload-firebasehosting.googleapis.com/upload/sites/crmdoceria-9959e/versions/b4189cd84cfa6328/files/ddff72a1ca8680d5a74d50e6116ea1a7303ef3e2241640c3b6d390555281b788 [none]
[debug] [2025-10-28T02:12:25.457Z] >>> [apiv2][body] POST https://upload-firebasehosting.googleapis.com/upload/sites/crmdoceria-9959e/versions/b4189cd84cfa6328/files/ddff72a1ca8680d5a74d50e6116ea1a7303ef3e2241640c3b6d390555281b788 [stream]
[debug] [2025-10-28T02:12:25.458Z] >>> [apiv2][query] POST https://upload-firebasehosting.googleapis.com/upload/sites/crmdoceria-9959e/versions/b4189cd84cfa6328/files/02ab9365897a5950d6670af747158d0ae01e54d836c4ab0a8a954aa8112ad8f7 [none]
[debug] [2025-10-28T02:12:25.458Z] >>> [apiv2][body] POST https://upload-firebasehosting.googleapis.com/upload/sites/crmdoceria-9959e/versions/b4189cd84cfa6328/files/02ab9365897a5950d6670af747158d0ae01e54d836c4ab0a8a954aa8112ad8f7 [stream]
[debug] [2025-10-28T02:12:25.458Z] >>> [apiv2][query] POST https://upload-firebasehosting.googleapis.com/upload/sites/crmdoceria-9959e/versions/b4189cd84cfa6328/files/ecc3efceac8c75340aea64fc23987eb71b390dbd3ea4787d20e5a80ef8199c34 [none]
[debug] [2025-10-28T02:12:25.458Z] >>> [apiv2][body] POST https://upload-firebasehosting.googleapis.com/upload/sites/crmdoceria-9959e/versions/b4189cd84cfa6328/files/ecc3efceac8c75340aea64fc23987eb71b390dbd3ea4787d20e5a80ef8199c34 [stream]
[debug] [2025-10-28T02:12:25.459Z] [hosting][populate queue][FINAL] {"max":1088,"min":1088,"avg":1088,"active":0,"complete":1,"success":1,"errored":0,"retried":0,"total":1,"elapsed":1093}
[debug] [2025-10-28T02:12:25.459Z] [hosting] uploads queued: 7
[debug] [2025-10-28T02:12:26.733Z] <<< [apiv2][status] POST https://upload-firebasehosting.googleapis.com/upload/sites/crmdoceria-9959e/versions/b4189cd84cfa6328/files/ecc3efceac8c75340aea64fc23987eb71b390dbd3ea4787d20e5a80ef8199c34 200
[debug] [2025-10-28T02:12:26.733Z] <<< [apiv2][body] POST https://upload-firebasehosting.googleapis.com/upload/sites/crmdoceria-9959e/versions/b4189cd84cfa6328/files/ecc3efceac8c75340aea64fc23987eb71b390dbd3ea4787d20e5a80ef8199c34 [stream]
[debug] [2025-10-28T02:12:26.828Z] <<< [apiv2][status] POST https://upload-firebasehosting.googleapis.com/upload/sites/crmdoceria-9959e/versions/b4189cd84cfa6328/files/e9294cdcb581c31daa1544c25b01c456ee2593d9166e1f6403a29014e81b3a89 200
[debug] [2025-10-28T02:12:26.828Z] <<< [apiv2][body] POST https://upload-firebasehosting.googleapis.com/upload/sites/crmdoceria-9959e/versions/b4189cd84cfa6328/files/e9294cdcb581c31daa1544c25b01c456ee2593d9166e1f6403a29014e81b3a89 [stream]
[debug] [2025-10-28T02:12:26.896Z] <<< [apiv2][status] POST https://upload-firebasehosting.googleapis.com/upload/sites/crmdoceria-9959e/versions/b4189cd84cfa6328/files/02ab9365897a5950d6670af747158d0ae01e54d836c4ab0a8a954aa8112ad8f7 200
[debug] [2025-10-28T02:12:26.896Z] <<< [apiv2][body] POST https://upload-firebasehosting.googleapis.com/upload/sites/crmdoceria-9959e/versions/b4189cd84cfa6328/files/02ab9365897a5950d6670af747158d0ae01e54d836c4ab0a8a954aa8112ad8f7 [stream]
[debug] [2025-10-28T02:12:26.993Z] <<< [apiv2][status] POST https://upload-firebasehosting.googleapis.com/upload/sites/crmdoceria-9959e/versions/b4189cd84cfa6328/files/d021166cf6b7d8f1e97d4d5f255062fee9b8d1f551f47d615580149d21436360 200
[debug] [2025-10-28T02:12:26.993Z] <<< [apiv2][body] POST https://upload-firebasehosting.googleapis.com/upload/sites/crmdoceria-9959e/versions/b4189cd84cfa6328/files/d021166cf6b7d8f1e97d4d5f255062fee9b8d1f551f47d615580149d21436360 [stream]
[debug] [2025-10-28T02:12:27.021Z] <<< [apiv2][status] POST https://upload-firebasehosting.googleapis.com/upload/sites/crmdoceria-9959e/versions/b4189cd84cfa6328/files/ddff72a1ca8680d5a74d50e6116ea1a7303ef3e2241640c3b6d390555281b788 200
[debug] [2025-10-28T02:12:27.021Z] <<< [apiv2][body] POST https://upload-firebasehosting.googleapis.com/upload/sites/crmdoceria-9959e/versions/b4189cd84cfa6328/files/ddff72a1ca8680d5a74d50e6116ea1a7303ef3e2241640c3b6d390555281b788 [stream]
[debug] [2025-10-28T02:12:27.430Z] <<< [apiv2][status] POST https://upload-firebasehosting.googleapis.com/upload/sites/crmdoceria-9959e/versions/b4189cd84cfa6328/files/84b045b481ed20a3b232a4ca08955e395242e5663c4501530c29b7eb4505afde 200
[debug] [2025-10-28T02:12:27.431Z] <<< [apiv2][body] POST https://upload-firebasehosting.googleapis.com/upload/sites/crmdoceria-9959e/versions/b4189cd84cfa6328/files/84b045b481ed20a3b232a4ca08955e395242e5663c4501530c29b7eb4505afde [stream]
[debug] [2025-10-28T02:12:27.477Z] <<< [apiv2][status] POST https://upload-firebasehosting.googleapis.com/upload/sites/crmdoceria-9959e/versions/b4189cd84cfa6328/files/9da93482fad2b2f92e4d40beb34c24a7eca62c064597dd8739f6fb2614c46cfd 200
[debug] [2025-10-28T02:12:27.477Z] <<< [apiv2][body] POST https://upload-firebasehosting.googleapis.com/upload/sites/crmdoceria-9959e/versions/b4189cd84cfa6328/files/9da93482fad2b2f92e4d40beb34c24a7eca62c064597dd8739f6fb2614c46cfd [stream]
[debug] [2025-10-28T02:12:27.477Z] [hosting][upload queue][FINAL] {"max":2024,"min":1279,"avg":1600.857142857143,"active":0,"complete":7,"success":7,"errored":0,"retried":0,"total":7,"elapsed":2024}
[info] +  hosting[crmdoceria-9959e]: file upload complete 
[debug] [2025-10-28T02:12:27.478Z] [hosting] deploy completed after 3338ms
[debug] [2025-10-28T02:12:27.479Z] [rules] releasing firebase.storage/crmdoceria-9959e.firebasestorage.app with ruleset projects/crmdoceria-9959e/rulesets/3847778c-cee1-4877-8ed9-69cd2b50d4b1
[debug] [2025-10-28T02:12:27.479Z] Checked if tokens are valid: true, expires at: 1761621106407
[debug] [2025-10-28T02:12:27.479Z] Checked if tokens are valid: true, expires at: 1761621106407
[debug] [2025-10-28T02:12:27.479Z] >>> [apiv2][query] PATCH https://firebaserules.googleapis.com/v1/projects/crmdoceria-9959e/releases/firebase.storage/crmdoceria-9959e.firebasestorage.app [none]
[debug] [2025-10-28T02:12:27.479Z] >>> [apiv2][body] PATCH https://firebaserules.googleapis.com/v1/projects/crmdoceria-9959e/releases/firebase.storage/crmdoceria-9959e.firebasestorage.app {"release":{"name":"projects/crmdoceria-9959e/releases/firebase.storage/crmdoceria-9959e.firebasestorage.app","rulesetName":"projects/crmdoceria-9959e/rulesets/3847778c-cee1-4877-8ed9-69cd2b50d4b1"}}
[debug] [2025-10-28T02:12:28.711Z] <<< [apiv2][status] PATCH https://firebaserules.googleapis.com/v1/projects/crmdoceria-9959e/releases/firebase.storage/crmdoceria-9959e.firebasestorage.app 200
[debug] [2025-10-28T02:12:28.711Z] <<< [apiv2][body] PATCH https://firebaserules.googleapis.com/v1/projects/crmdoceria-9959e/releases/firebase.storage/crmdoceria-9959e.firebasestorage.app {"name":"projects/crmdoceria-9959e/releases/firebase.storage/crmdoceria-9959e.firebasestorage.app","rulesetName":"projects/crmdoceria-9959e/rulesets/3847778c-cee1-4877-8ed9-69cd2b50d4b1","createTime":"2025-09-04T12:54:34.037227Z","updateTime":"2025-10-28T02:12:28.740054Z"}
[debug] [2025-10-28T02:12:28.711Z] [rules] updated release projects/crmdoceria-9959e/releases/firebase.storage/crmdoceria-9959e.firebasestorage.app
[info] +  storage: released rules storage.rules to firebase.storage 
[debug] [2025-10-28T02:12:28.711Z] [rules] releasing cloud.firestore/(default) with ruleset projects/crmdoceria-9959e/rulesets/d30fd702-dfe7-44ac-baa5-3732f0a76e34
[debug] [2025-10-28T02:12:28.712Z] Checked if tokens are valid: true, expires at: 1761621106407
[debug] [2025-10-28T02:12:28.712Z] Checked if tokens are valid: true, expires at: 1761621106407
[debug] [2025-10-28T02:12:28.712Z] >>> [apiv2][query] PATCH https://firebaserules.googleapis.com/v1/projects/crmdoceria-9959e/releases/cloud.firestore/(default) [none]
[debug] [2025-10-28T02:12:28.712Z] >>> [apiv2][body] PATCH https://firebaserules.googleapis.com/v1/projects/crmdoceria-9959e/releases/cloud.firestore/(default) {"release":{"name":"projects/crmdoceria-9959e/releases/cloud.firestore/(default)","rulesetName":"projects/crmdoceria-9959e/rulesets/d30fd702-dfe7-44ac-baa5-3732f0a76e34"}}
[debug] [2025-10-28T02:12:29.078Z] <<< [apiv2][status] PATCH https://firebaserules.googleapis.com/v1/projects/crmdoceria-9959e/releases/cloud.firestore/(default) 200
[debug] [2025-10-28T02:12:29.078Z] <<< [apiv2][body] PATCH https://firebaserules.googleapis.com/v1/projects/crmdoceria-9959e/releases/cloud.firestore/(default) {"name":"projects/crmdoceria-9959e/releases/cloud.firestore","rulesetName":"projects/crmdoceria-9959e/rulesets/d30fd702-dfe7-44ac-baa5-3732f0a76e34","createTime":"2025-09-02T23:44:45.093543Z","updateTime":"2025-10-28T02:12:29.097237Z"}
[debug] [2025-10-28T02:12:29.078Z] [rules] updated release projects/crmdoceria-9959e/releases/cloud.firestore
[info] +  firestore: released rules firestore.rules to cloud.firestore 
[info] i  functions: creating Node.js 20 (2nd Gen) function notifyNewOrder(us-central1)... 
[info] i  functions: updating Node.js 20 (2nd Gen) function api(us-central1)... 
[info] i  functions: updating Node.js 20 (2nd Gen) function listAllUsers(us-central1)... 
[info] i  functions: updating Node.js 20 (2nd Gen) function createUser(us-central1)... 
[info] i  functions: updating Node.js 20 (2nd Gen) function updateUser(us-central1)... 
[info] i  functions: updating Node.js 20 (2nd Gen) function deleteUser(us-central1)... 
[info] i  functions: updating Node.js 20 (2nd Gen) function updateUserPassword(us-central1)... 
[debug] [2025-10-28T02:12:29.085Z] Checked if tokens are valid: true, expires at: 1761621106407
[debug] [2025-10-28T02:12:29.085Z] Checked if tokens are valid: true, expires at: 1761621106407
[debug] [2025-10-28T02:12:29.085Z] >>> [apiv2][query] POST https://cloudfunctions.googleapis.com/v2/projects/crmdoceria-9959e/locations/us-central1/functions functionId=notifyNewOrder
[debug] [2025-10-28T02:12:29.085Z] >>> [apiv2][body] POST https://cloudfunctions.googleapis.com/v2/projects/crmdoceria-9959e/locations/us-central1/functions {"name":"projects/crmdoceria-9959e/locations/us-central1/functions/notifyNewOrder","buildConfig":{"runtime":"nodejs20","entryPoint":"notifyNewOrder","source":{"storageSource":{"bucket":"gcf-v2-uploads-389481198252.us-central1.cloudfunctions.appspot.com","object":"079455a4-8144-4db8-b932-d2a7fc3d65d0.zip"}},"environmentVariables":{"GOOGLE_NODE_RUN_SCRIPTS":""}},"serviceConfig":{"environmentVariables":{"FIREBASE_CONFIG":"{\"projectId\":\"crmdoceria-9959e\",\"storageBucket\":\"crmdoceria-9959e.firebasestorage.app\"}","GCLOUD_PROJECT":"crmdoceria-9959e","EVENTARC_CLOUD_EVENT_SOURCE":"projects/crmdoceria-9959e/locations/us-central1/services/notifyNewOrder","FUNCTION_SIGNATURE_TYPE":"cloudevent","FUNCTION_TARGET":"notifyNewOrder","LOG_EXECUTION_ID":"true"},"ingressSettings":null,"timeoutSeconds":null,"serviceAccountEmail":null,"availableMemory":"256Mi","minInstanceCount":null,"maxInstanceCount":null,"maxInstanceRequestConcurrency":80,"availableCpu":"1","vpcConnector":null,"vpcConnectorEgressSettings":null},"labels":{"deployment-tool":"cli-firebase","firebase-functions-hash":"3e69db12fecee57a4134980ad661d1e5d22d9f32"},"eventTrigger":{"eventType":"google.cloud.firestore.document.v1.created","retryPolicy":"RETRY_POLICY_DO_NOT_RETRY","eventFilters":[{"attribute":"database","value":"(default)"},{"attribute":"namespace","value":"(default)"},{"attribute":"document","value":"pedidos/{pedidoId}","operator":"match-path-pattern"}],"triggerRegion":"southamerica-east1"}}
[debug] [2025-10-28T02:12:47.190Z] <<< [apiv2][status] POST https://cloudfunctions.googleapis.com/v2/projects/crmdoceria-9959e/locations/us-central1/functions 400
[debug] [2025-10-28T02:12:47.191Z] <<< [apiv2][body] POST https://cloudfunctions.googleapis.com/v2/projects/crmdoceria-9959e/locations/us-central1/functions {"error":{"code":400,"message":"Validation failed for trigger projects/crmdoceria-9959e/locations/southamerica-east1/triggers/notifyneworder-508233: Invalid resource state for \"\": Permission denied while using the Eventarc Service Agent. If you recently started to use Eventarc, it may take a few minutes before all necessary permissions are propagated to the Service Agent. Otherwise, verify that it has Eventarc Service Agent role.","status":"FAILED_PRECONDITION"}}
[warn] !  functions: Request to https://cloudfunctions.googleapis.com/v2/projects/crmdoceria-9959e/locations/us-central1/functions?functionId=notifyNewOrder had HTTP Error: 400, Validation failed for trigger projects/crmdoceria-9959e/locations/southamerica-east1/triggers/notifyneworder-508233: Invalid resource state for "": Permission denied while using the Eventarc Service Agent. If you recently started to use Eventarc, it may take a few minutes before all necessary permissions are propagated to the Service Agent. Otherwise, verify that it has Eventarc Service Agent role. 
[warn] !  functions: Since this is your first time using 2nd gen functions, we need a little bit longer to finish setting everything up. Retry the deployment in a few minutes. 
[warn] !  functions:  failed to create function projects/crmdoceria-9959e/locations/us-central1/functions/notifyNewOrder 
[error] Failed to create function projects/crmdoceria-9959e/locations/us-central1/functions/notifyNewOrder
[debug] [2025-10-28T02:12:47.194Z] Checked if tokens are valid: true, expires at: 1761621106407
[debug] [2025-10-28T02:12:47.194Z] Checked if tokens are valid: true, expires at: 1761621106407
[debug] [2025-10-28T02:12:47.194Z] Checked if tokens are valid: true, expires at: 1761621106407
[debug] [2025-10-28T02:12:47.194Z] Checked if tokens are valid: true, expires at: 1761621106407
[debug] [2025-10-28T02:12:47.194Z] Checked if tokens are valid: true, expires at: 1761621106407
[debug] [2025-10-28T02:12:47.194Z] Checked if tokens are valid: true, expires at: 1761621106407
[debug] [2025-10-28T02:12:47.195Z] Checked if tokens are valid: true, expires at: 1761621106407
[debug] [2025-10-28T02:12:47.195Z] Checked if tokens are valid: true, expires at: 1761621106407
[debug] [2025-10-28T02:12:47.195Z] Checked if tokens are valid: true, expires at: 1761621106407
[debug] [2025-10-28T02:12:47.195Z] Checked if tokens are valid: true, expires at: 1761621106407
[debug] [2025-10-28T02:12:47.195Z] Checked if tokens are valid: true, expires at: 1761621106407
[debug] [2025-10-28T02:12:47.195Z] Checked if tokens are valid: true, expires at: 1761621106407
[debug] [2025-10-28T02:12:47.195Z] >>> [apiv2][query] PATCH https://cloudfunctions.googleapis.com/v2/projects/crmdoceria-9959e/locations/us-central1/functions/api updateMask=name%2CbuildConfig.runtime%2CbuildConfig.entryPoint%2CbuildConfig.source.storageSource.bucket%2CbuildConfig.source.storageSource.object%2CbuildConfig.environmentVariables%2CbuildConfig.sourceToken%2CserviceConfig.environmentVariables%2CserviceConfig.ingressSettings%2CserviceConfig.timeoutSeconds%2CserviceConfig.serviceAccountEmail%2CserviceConfig.availableMemory%2CserviceConfig.minInstanceCount%2CserviceConfig.maxInstanceCount%2CserviceConfig.maxInstanceRequestConcurrency%2CserviceConfig.availableCpu%2CserviceConfig.vpcConnector%2CserviceConfig.vpcConnectorEgressSettings%2Clabels
[debug] [2025-10-28T02:12:47.195Z] >>> [apiv2][body] PATCH https://cloudfunctions.googleapis.com/v2/projects/crmdoceria-9959e/locations/us-central1/functions/api {"name":"projects/crmdoceria-9959e/locations/us-central1/functions/api","buildConfig":{"runtime":"nodejs20","entryPoint":"api","source":{"storageSource":{"bucket":"gcf-v2-uploads-389481198252.us-central1.cloudfunctions.appspot.com","object":"079455a4-8144-4db8-b932-d2a7fc3d65d0.zip"}},"environmentVariables":{"GOOGLE_NODE_RUN_SCRIPTS":""}},"serviceConfig":{"environmentVariables":{"FIREBASE_CONFIG":"{\"projectId\":\"crmdoceria-9959e\",\"storageBucket\":\"crmdoceria-9959e.firebasestorage.app\"}","GCLOUD_PROJECT":"crmdoceria-9959e","EVENTARC_CLOUD_EVENT_SOURCE":"projects/crmdoceria-9959e/locations/us-central1/services/api","FUNCTION_TARGET":"api","LOG_EXECUTION_ID":"true","FUNCTION_SIGNATURE_TYPE":"http"},"ingressSettings":null,"timeoutSeconds":null,"serviceAccountEmail":null,"availableMemory":"256Mi","minInstanceCount":null,"maxInstanceCount":null,"maxInstanceRequestConcurrency":80,"availableCpu":"1","vpcConnector":null,"vpcConnectorEgressSettings":null},"labels":{"deployment-tool":"cli-firebase","firebase-functions-hash":"3e69db12fecee57a4134980ad661d1e5d22d9f32"}}
[debug] [2025-10-28T02:12:47.196Z] >>> [apiv2][query] PATCH https://cloudfunctions.googleapis.com/v2/projects/crmdoceria-9959e/locations/us-central1/functions/listAllUsers updateMask=name%2CbuildConfig.runtime%2CbuildConfig.entryPoint%2CbuildConfig.source.storageSource.bucket%2CbuildConfig.source.storageSource.object%2CbuildConfig.environmentVariables%2CbuildConfig.sourceToken%2CserviceConfig.environmentVariables%2CserviceConfig.ingressSettings%2CserviceConfig.timeoutSeconds%2CserviceConfig.serviceAccountEmail%2CserviceConfig.availableMemory%2CserviceConfig.minInstanceCount%2CserviceConfig.maxInstanceCount%2CserviceConfig.maxInstanceRequestConcurrency%2CserviceConfig.availableCpu%2CserviceConfig.vpcConnector%2CserviceConfig.vpcConnectorEgressSettings%2Clabels
[debug] [2025-10-28T02:12:47.196Z] >>> [apiv2][body] PATCH https://cloudfunctions.googleapis.com/v2/projects/crmdoceria-9959e/locations/us-central1/functions/listAllUsers {"name":"projects/crmdoceria-9959e/locations/us-central1/functions/listAllUsers","buildConfig":{"runtime":"nodejs20","entryPoint":"listAllUsers","source":{"storageSource":{"bucket":"gcf-v2-uploads-389481198252.us-central1.cloudfunctions.appspot.com","object":"079455a4-8144-4db8-b932-d2a7fc3d65d0.zip"}},"environmentVariables":{"GOOGLE_NODE_RUN_SCRIPTS":""}},"serviceConfig":{"environmentVariables":{"FIREBASE_CONFIG":"{\"projectId\":\"crmdoceria-9959e\",\"storageBucket\":\"crmdoceria-9959e.firebasestorage.app\"}","GCLOUD_PROJECT":"crmdoceria-9959e","EVENTARC_CLOUD_EVENT_SOURCE":"projects/crmdoceria-9959e/locations/us-central1/services/listAllUsers","FUNCTION_TARGET":"listAllUsers","LOG_EXECUTION_ID":"true","FUNCTION_SIGNATURE_TYPE":"http"},"ingressSettings":null,"timeoutSeconds":null,"serviceAccountEmail":null,"availableMemory":"256Mi","minInstanceCount":null,"maxInstanceCount":null,"maxInstanceRequestConcurrency":80,"availableCpu":"1","vpcConnector":null,"vpcConnectorEgressSettings":null},"labels":{"deployment-tool":"cli-firebase","deployment-callable":"true","firebase-functions-hash":"3e69db12fecee57a4134980ad661d1e5d22d9f32"}}
[debug] [2025-10-28T02:12:47.198Z] >>> [apiv2][query] PATCH https://cloudfunctions.googleapis.com/v2/projects/crmdoceria-9959e/locations/us-central1/functions/createUser updateMask=name%2CbuildConfig.runtime%2CbuildConfig.entryPoint%2CbuildConfig.source.storageSource.bucket%2CbuildConfig.source.storageSource.object%2CbuildConfig.environmentVariables%2CbuildConfig.sourceToken%2CserviceConfig.environmentVariables%2CserviceConfig.ingressSettings%2CserviceConfig.timeoutSeconds%2CserviceConfig.serviceAccountEmail%2CserviceConfig.availableMemory%2CserviceConfig.minInstanceCount%2CserviceConfig.maxInstanceCount%2CserviceConfig.maxInstanceRequestConcurrency%2CserviceConfig.availableCpu%2CserviceConfig.vpcConnector%2CserviceConfig.vpcConnectorEgressSettings%2Clabels
[debug] [2025-10-28T02:12:47.198Z] >>> [apiv2][body] PATCH https://cloudfunctions.googleapis.com/v2/projects/crmdoceria-9959e/locations/us-central1/functions/createUser {"name":"projects/crmdoceria-9959e/locations/us-central1/functions/createUser","buildConfig":{"runtime":"nodejs20","entryPoint":"createUser","source":{"storageSource":{"bucket":"gcf-v2-uploads-389481198252.us-central1.cloudfunctions.appspot.com","object":"079455a4-8144-4db8-b932-d2a7fc3d65d0.zip"}},"environmentVariables":{"GOOGLE_NODE_RUN_SCRIPTS":""}},"serviceConfig":{"environmentVariables":{"FIREBASE_CONFIG":"{\"projectId\":\"crmdoceria-9959e\",\"storageBucket\":\"crmdoceria-9959e.firebasestorage.app\"}","GCLOUD_PROJECT":"crmdoceria-9959e","EVENTARC_CLOUD_EVENT_SOURCE":"projects/crmdoceria-9959e/locations/us-central1/services/createUser","FUNCTION_TARGET":"createUser","LOG_EXECUTION_ID":"true","FUNCTION_SIGNATURE_TYPE":"http"},"ingressSettings":null,"timeoutSeconds":null,"serviceAccountEmail":null,"availableMemory":"256Mi","minInstanceCount":null,"maxInstanceCount":null,"maxInstanceRequestConcurrency":80,"availableCpu":"1","vpcConnector":null,"vpcConnectorEgressSettings":null},"labels":{"deployment-tool":"cli-firebase","deployment-callable":"true","firebase-functions-hash":"3e69db12fecee57a4134980ad661d1e5d22d9f32"}}
[debug] [2025-10-28T02:12:47.199Z] >>> [apiv2][query] PATCH https://cloudfunctions.googleapis.com/v2/projects/crmdoceria-9959e/locations/us-central1/functions/updateUser updateMask=name%2CbuildConfig.runtime%2CbuildConfig.entryPoint%2CbuildConfig.source.storageSource.bucket%2CbuildConfig.source.storageSource.object%2CbuildConfig.environmentVariables%2CbuildConfig.sourceToken%2CserviceConfig.environmentVariables%2CserviceConfig.ingressSettings%2CserviceConfig.timeoutSeconds%2CserviceConfig.serviceAccountEmail%2CserviceConfig.availableMemory%2CserviceConfig.minInstanceCount%2CserviceConfig.maxInstanceCount%2CserviceConfig.maxInstanceRequestConcurrency%2CserviceConfig.availableCpu%2CserviceConfig.vpcConnector%2CserviceConfig.vpcConnectorEgressSettings%2Clabels
[debug] [2025-10-28T02:12:47.199Z] >>> [apiv2][body] PATCH https://cloudfunctions.googleapis.com/v2/projects/crmdoceria-9959e/locations/us-central1/functions/updateUser {"name":"projects/crmdoceria-9959e/locations/us-central1/functions/updateUser","buildConfig":{"runtime":"nodejs20","entryPoint":"updateUser","source":{"storageSource":{"bucket":"gcf-v2-uploads-389481198252.us-central1.cloudfunctions.appspot.com","object":"079455a4-8144-4db8-b932-d2a7fc3d65d0.zip"}},"environmentVariables":{"GOOGLE_NODE_RUN_SCRIPTS":""}},"serviceConfig":{"environmentVariables":{"FIREBASE_CONFIG":"{\"projectId\":\"crmdoceria-9959e\",\"storageBucket\":\"crmdoceria-9959e.firebasestorage.app\"}","GCLOUD_PROJECT":"crmdoceria-9959e","EVENTARC_CLOUD_EVENT_SOURCE":"projects/crmdoceria-9959e/locations/us-central1/services/updateUser","FUNCTION_TARGET":"updateUser","LOG_EXECUTION_ID":"true","FUNCTION_SIGNATURE_TYPE":"http"},"ingressSettings":null,"timeoutSeconds":null,"serviceAccountEmail":null,"availableMemory":"256Mi","minInstanceCount":null,"maxInstanceCount":null,"maxInstanceRequestConcurrency":80,"availableCpu":"1","vpcConnector":null,"vpcConnectorEgressSettings":null},"labels":{"deployment-tool":"cli-firebase","deployment-callable":"true","firebase-functions-hash":"3e69db12fecee57a4134980ad661d1e5d22d9f32"}}
[debug] [2025-10-28T02:12:47.200Z] >>> [apiv2][query] PATCH https://cloudfunctions.googleapis.com/v2/projects/crmdoceria-9959e/locations/us-central1/functions/deleteUser updateMask=name%2CbuildConfig.runtime%2CbuildConfig.entryPoint%2CbuildConfig.source.storageSource.bucket%2CbuildConfig.source.storageSource.object%2CbuildConfig.environmentVariables%2CbuildConfig.sourceToken%2CserviceConfig.environmentVariables%2CserviceConfig.ingressSettings%2CserviceConfig.timeoutSeconds%2CserviceConfig.serviceAccountEmail%2CserviceConfig.availableMemory%2CserviceConfig.minInstanceCount%2CserviceConfig.maxInstanceCount%2CserviceConfig.maxInstanceRequestConcurrency%2CserviceConfig.availableCpu%2CserviceConfig.vpcConnector%2CserviceConfig.vpcConnectorEgressSettings%2Clabels
[debug] [2025-10-28T02:12:47.200Z] >>> [apiv2][body] PATCH https://cloudfunctions.googleapis.com/v2/projects/crmdoceria-9959e/locations/us-central1/functions/deleteUser {"name":"projects/crmdoceria-9959e/locations/us-central1/functions/deleteUser","buildConfig":{"runtime":"nodejs20","entryPoint":"deleteUser","source":{"storageSource":{"bucket":"gcf-v2-uploads-389481198252.us-central1.cloudfunctions.appspot.com","object":"079455a4-8144-4db8-b932-d2a7fc3d65d0.zip"}},"environmentVariables":{"GOOGLE_NODE_RUN_SCRIPTS":""}},"serviceConfig":{"environmentVariables":{"FIREBASE_CONFIG":"{\"projectId\":\"crmdoceria-9959e\",\"storageBucket\":\"crmdoceria-9959e.firebasestorage.app\"}","GCLOUD_PROJECT":"crmdoceria-9959e","EVENTARC_CLOUD_EVENT_SOURCE":"projects/crmdoceria-9959e/locations/us-central1/services/deleteUser","FUNCTION_TARGET":"deleteUser","LOG_EXECUTION_ID":"true","FUNCTION_SIGNATURE_TYPE":"http"},"ingressSettings":null,"timeoutSeconds":null,"serviceAccountEmail":null,"availableMemory":"256Mi","minInstanceCount":null,"maxInstanceCount":null,"maxInstanceRequestConcurrency":80,"availableCpu":"1","vpcConnector":null,"vpcConnectorEgressSettings":null},"labels":{"deployment-tool":"cli-firebase","deployment-callable":"true","firebase-functions-hash":"3e69db12fecee57a4134980ad661d1e5d22d9f32"}}
[debug] [2025-10-28T02:12:47.201Z] >>> [apiv2][query] PATCH https://cloudfunctions.googleapis.com/v2/projects/crmdoceria-9959e/locations/us-central1/functions/updateUserPassword updateMask=name%2CbuildConfig.runtime%2CbuildConfig.entryPoint%2CbuildConfig.source.storageSource.bucket%2CbuildConfig.source.storageSource.object%2CbuildConfig.environmentVariables%2CbuildConfig.sourceToken%2CserviceConfig.environmentVariables%2CserviceConfig.ingressSettings%2CserviceConfig.timeoutSeconds%2CserviceConfig.serviceAccountEmail%2CserviceConfig.availableMemory%2CserviceConfig.minInstanceCount%2CserviceConfig.maxInstanceCount%2CserviceConfig.maxInstanceRequestConcurrency%2CserviceConfig.availableCpu%2CserviceConfig.vpcConnector%2CserviceConfig.vpcConnectorEgressSettings%2Clabels
[debug] [2025-10-28T02:12:47.201Z] >>> [apiv2][body] PATCH https://cloudfunctions.googleapis.com/v2/projects/crmdoceria-9959e/locations/us-central1/functions/updateUserPassword {"name":"projects/crmdoceria-9959e/locations/us-central1/functions/updateUserPassword","buildConfig":{"runtime":"nodejs20","entryPoint":"updateUserPassword","source":{"storageSource":{"bucket":"gcf-v2-uploads-389481198252.us-central1.cloudfunctions.appspot.com","object":"079455a4-8144-4db8-b932-d2a7fc3d65d0.zip"}},"environmentVariables":{"GOOGLE_NODE_RUN_SCRIPTS":""}},"serviceConfig":{"environmentVariables":{"FIREBASE_CONFIG":"{\"projectId\":\"crmdoceria-9959e\",\"storageBucket\":\"crmdoceria-9959e.firebasestorage.app\"}","GCLOUD_PROJECT":"crmdoceria-9959e","EVENTARC_CLOUD_EVENT_SOURCE":"projects/crmdoceria-9959e/locations/us-central1/services/updateUserPassword","FUNCTION_TARGET":"updateUserPassword","LOG_EXECUTION_ID":"true","FUNCTION_SIGNATURE_TYPE":"http"},"ingressSettings":null,"timeoutSeconds":null,"serviceAccountEmail":null,"availableMemory":"256Mi","minInstanceCount":null,"maxInstanceCount":null,"maxInstanceRequestConcurrency":80,"availableCpu":"1","vpcConnector":null,"vpcConnectorEgressSettings":null},"labels":{"deployment-tool":"cli-firebase","deployment-callable":"true","firebase-functions-hash":"3e69db12fecee57a4134980ad661d1e5d22d9f32"}}
[debug] [2025-10-28T02:12:49.052Z] <<< [apiv2][status] PATCH https://cloudfunctions.googleapis.com/v2/projects/crmdoceria-9959e/locations/us-central1/functions/createUser 200
[debug] [2025-10-28T02:12:49.052Z] <<< [apiv2][body] PATCH https://cloudfunctions.googleapis.com/v2/projects/crmdoceria-9959e/locations/us-central1/functions/createUser {"name":"projects/crmdoceria-9959e/locations/us-central1/operations/operation-1761617568239-6422e8d628e94-6c18cc95-9cff9920","metadata":{"@type":"type.googleapis.com/google.cloud.functions.v2.OperationMetadata","createTime":"2025-10-28T02:12:49.083981340Z","target":"projects/crmdoceria-9959e/locations/us-central1/functions/createUser","verb":"update","cancelRequested":false,"apiVersion":"v2"},"done":false}
[debug] [2025-10-28T02:12:49.052Z] Checked if tokens are valid: true, expires at: 1761621106407
[debug] [2025-10-28T02:12:49.052Z] Checked if tokens are valid: true, expires at: 1761621106407
[debug] [2025-10-28T02:12:49.053Z] >>> [apiv2][query] GET https://cloudfunctions.googleapis.com/v2/projects/crmdoceria-9959e/locations/us-central1/operations/operation-1761617568239-6422e8d628e94-6c18cc95-9cff9920 [none]
[debug] [2025-10-28T02:12:49.053Z] <<< [apiv2][status] PATCH https://cloudfunctions.googleapis.com/v2/projects/crmdoceria-9959e/locations/us-central1/functions/updateUserPassword 200
[debug] [2025-10-28T02:12:49.053Z] <<< [apiv2][body] PATCH https://cloudfunctions.googleapis.com/v2/projects/crmdoceria-9959e/locations/us-central1/functions/updateUserPassword {"name":"projects/crmdoceria-9959e/locations/us-central1/operations/operation-1761617568268-6422e8d6301b6-ba73ba3c-ea79e894","metadata":{"@type":"type.googleapis.com/google.cloud.functions.v2.OperationMetadata","createTime":"2025-10-28T02:12:49.083803961Z","target":"projects/crmdoceria-9959e/locations/us-central1/functions/updateUserPassword","verb":"update","cancelRequested":false,"apiVersion":"v2"},"done":false}
[debug] [2025-10-28T02:12:49.053Z] Checked if tokens are valid: true, expires at: 1761621106407
[debug] [2025-10-28T02:12:49.053Z] Checked if tokens are valid: true, expires at: 1761621106407
[debug] [2025-10-28T02:12:49.053Z] >>> [apiv2][query] GET https://cloudfunctions.googleapis.com/v2/projects/crmdoceria-9959e/locations/us-central1/operations/operation-1761617568268-6422e8d6301b6-ba73ba3c-ea79e894 [none]
[debug] [2025-10-28T02:12:49.087Z] <<< [apiv2][status] PATCH https://cloudfunctions.googleapis.com/v2/projects/crmdoceria-9959e/locations/us-central1/functions/api 200
[debug] [2025-10-28T02:12:49.087Z] <<< [apiv2][body] PATCH https://cloudfunctions.googleapis.com/v2/projects/crmdoceria-9959e/locations/us-central1/functions/api {"name":"projects/crmdoceria-9959e/locations/us-central1/operations/operation-1761617568167-6422e8d61783d-1b783a05-7c42065d","metadata":{"@type":"type.googleapis.com/google.cloud.functions.v2.OperationMetadata","createTime":"2025-10-28T02:12:49.113773452Z","target":"projects/crmdoceria-9959e/locations/us-central1/functions/api","verb":"update","cancelRequested":false,"apiVersion":"v2"},"done":false}
[debug] [2025-10-28T02:12:49.087Z] Checked if tokens are valid: true, expires at: 1761621106407
[debug] [2025-10-28T02:12:49.087Z] Checked if tokens are valid: true, expires at: 1761621106407
[debug] [2025-10-28T02:12:49.087Z] >>> [apiv2][query] GET https://cloudfunctions.googleapis.com/v2/projects/crmdoceria-9959e/locations/us-central1/operations/operation-1761617568167-6422e8d61783d-1b783a05-7c42065d [none]
[debug] [2025-10-28T02:12:49.088Z] <<< [apiv2][status] PATCH https://cloudfunctions.googleapis.com/v2/projects/crmdoceria-9959e/locations/us-central1/functions/updateUser 200
[debug] [2025-10-28T02:12:49.088Z] <<< [apiv2][body] PATCH https://cloudfunctions.googleapis.com/v2/projects/crmdoceria-9959e/locations/us-central1/functions/updateUser {"name":"projects/crmdoceria-9959e/locations/us-central1/operations/operation-1761617568271-6422e8d630e3d-946165cb-5bcd63f8","metadata":{"@type":"type.googleapis.com/google.cloud.functions.v2.OperationMetadata","createTime":"2025-10-28T02:12:49.137522924Z","target":"projects/crmdoceria-9959e/locations/us-central1/functions/updateUser","verb":"update","cancelRequested":false,"apiVersion":"v2"},"done":false}
[debug] [2025-10-28T02:12:49.088Z] Checked if tokens are valid: true, expires at: 1761621106407
[debug] [2025-10-28T02:12:49.088Z] Checked if tokens are valid: true, expires at: 1761621106407
[debug] [2025-10-28T02:12:49.088Z] >>> [apiv2][query] GET https://cloudfunctions.googleapis.com/v2/projects/crmdoceria-9959e/locations/us-central1/operations/operation-1761617568271-6422e8d630e3d-946165cb-5bcd63f8 [none]
[debug] [2025-10-28T02:12:49.095Z] <<< [apiv2][status] PATCH https://cloudfunctions.googleapis.com/v2/projects/crmdoceria-9959e/locations/us-central1/functions/listAllUsers 200
[debug] [2025-10-28T02:12:49.095Z] <<< [apiv2][body] PATCH https://cloudfunctions.googleapis.com/v2/projects/crmdoceria-9959e/locations/us-central1/functions/listAllUsers {"name":"projects/crmdoceria-9959e/locations/us-central1/operations/operation-1761617568266-6422e8d62f87f-49a35ca9-50960aac","metadata":{"@type":"type.googleapis.com/google.cloud.functions.v2.OperationMetadata","createTime":"2025-10-28T02:12:49.123494922Z","target":"projects/crmdoceria-9959e/locations/us-central1/functions/listAllUsers","verb":"update","cancelRequested":false,"apiVersion":"v2"},"done":false}
[debug] [2025-10-28T02:12:49.095Z] Checked if tokens are valid: true, expires at: 1761621106407
[debug] [2025-10-28T02:12:49.095Z] Checked if tokens are valid: true, expires at: 1761621106407
[debug] [2025-10-28T02:12:49.095Z] >>> [apiv2][query] GET https://cloudfunctions.googleapis.com/v2/projects/crmdoceria-9959e/locations/us-central1/operations/operation-1761617568266-6422e8d62f87f-49a35ca9-50960aac [none]
[debug] [2025-10-28T02:12:49.122Z] <<< [apiv2][status] PATCH https://cloudfunctions.googleapis.com/v2/projects/crmdoceria-9959e/locations/us-central1/functions/deleteUser 200
[debug] [2025-10-28T02:12:49.122Z] <<< [apiv2][body] PATCH https://cloudfunctions.googleapis.com/v2/projects/crmdoceria-9959e/locations/us-central1/functions/deleteUser {"name":"projects/crmdoceria-9959e/locations/us-central1/operations/operation-1761617568270-6422e8d630a3a-1985be96-78d90479","metadata":{"@type":"type.googleapis.com/google.cloud.functions.v2.OperationMetadata","createTime":"2025-10-28T02:12:49.169162186Z","target":"projects/crmdoceria-9959e/locations/us-central1/functions/deleteUser","verb":"update","cancelRequested":false,"apiVersion":"v2"},"done":false}
[debug] [2025-10-28T02:12:49.122Z] Checked if tokens are valid: true, expires at: 1761621106407
[debug] [2025-10-28T02:12:49.122Z] Checked if tokens are valid: true, expires at: 1761621106407
[debug] [2025-10-28T02:12:49.122Z] >>> [apiv2][query] GET https://cloudfunctions.googleapis.com/v2/projects/crmdoceria-9959e/locations/us-central1/operations/operation-1761617568270-6422e8d630a3a-1985be96-78d90479 [none]
[debug] [2025-10-28T02:12:49.952Z] <<< [apiv2][status] GET https://cloudfunctions.googleapis.com/v2/projects/crmdoceria-9959e/locations/us-central1/operations/operation-1761617568268-6422e8d6301b6-ba73ba3c-ea79e894 200
[debug] [2025-10-28T02:12:49.952Z] <<< [apiv2][body] GET https://cloudfunctions.googleapis.com/v2/projects/crmdoceria-9959e/locations/us-central1/operations/operation-1761617568268-6422e8d6301b6-ba73ba3c-ea79e894 {"name":"projects/crmdoceria-9959e/locations/us-central1/operations/operation-1761617568268-6422e8d6301b6-ba73ba3c-ea79e894","metadata":{"@type":"type.googleapis.com/google.cloud.functions.v2.OperationMetadata","createTime":"2025-10-28T02:12:49.083803961Z","target":"projects/crmdoceria-9959e/locations/us-central1/functions/updateUserPassword","verb":"update","cancelRequested":false,"apiVersion":"v2","requestResource":{"@type":"type.googleapis.com/google.cloud.functions.v2.Function","name":"projects/crmdoceria-9959e/locations/us-central1/functions/updateUserPassword","buildConfig":{"runtime":"nodejs20","entryPoint":"updateUserPassword","source":{"storageSource":{"bucket":"gcf-v2-sources-389481198252-us-central1","object":"updateUserPassword/function-source.zip","generation":"1761617569037178"}},"environmentVariables":{"GOOGLE_NODE_RUN_SCRIPTS":""},"dockerRepository":"projects/crmdoceria-9959e/locations/us-central1/repositories/gcf-artifacts","sourceProvenance":{"resolvedStorageSource":{"bucket":"gcf-v2-sources-389481198252-us-central1","object":"updateUserPassword/function-source.zip","generation":"1761604792411875"}},"dockerRegistry":"ARTIFACT_REGISTRY","serviceAccount":"projects/crmdoceria-9959e/serviceAccounts/389481198252-compute@developer.gserviceaccount.com","automaticUpdatePolicy":{}},"serviceConfig":{"service":"projects/crmdoceria-9959e/locations/us-central1/services/updateuserpassword","timeoutSeconds":60,"environmentVariables":{"FIREBASE_CONFIG":"{\"projectId\":\"crmdoceria-9959e\",\"storageBucket\":\"crmdoceria-9959e.firebasestorage.app\"}","GCLOUD_PROJECT":"crmdoceria-9959e","EVENTARC_CLOUD_EVENT_SOURCE":"projects/crmdoceria-9959e/locations/us-central1/services/updateUserPassword","FUNCTION_TARGET":"updateUserPassword","LOG_EXECUTION_ID":"true","FUNCTION_SIGNATURE_TYPE":"http"},"ingressSettings":"ALLOW_ALL","uri":"https://updateuserpassword-6i65vyioiq-uc.a.run.app","serviceAccountEmail":"389481198252-compute@developer.gserviceaccount.com","availableMemory":"256Mi","allTrafficOnLatestRevision":true,"revision":"updateuserpassword-00005-yap","maxInstanceRequestConcurrency":80,"availableCpu":"1"},"state":"ACTIVE","labels":{"deployment-tool":"cli-firebase","deployment-callable":"true","firebase-functions-hash":"3e69db12fecee57a4134980ad661d1e5d22d9f32"},"environment":"GEN_2","url":"https://us-central1-crmdoceria-9959e.cloudfunctions.net/updateUserPassword","satisfiesPzi":true},"stages":[{"name":"BUILD","message":"Build in progress","state":"IN_PROGRESS","resource":"projects/389481198252/locations/us-central1/builds/efd47067-f306-4bb8-afc3-e07eba1dbf29","resourceUri":"https://console.cloud.google.com/cloud-build/builds;region=us-central1/efd47067-f306-4bb8-afc3-e07eba1dbf29?project=389481198252"},{"name":"SERVICE","state":"NOT_STARTED"}],"operationType":"UPDATE_FUNCTION","buildName":"projects/389481198252/locations/us-central1/builds/efd47067-f306-4bb8-afc3-e07eba1dbf29"},"done":false}
[debug] [2025-10-28T02:12:49.953Z] <<< [apiv2][status] GET https://cloudfunctions.googleapis.com/v2/projects/crmdoceria-9959e/locations/us-central1/operations/operation-1761617568239-6422e8d628e94-6c18cc95-9cff9920 200
[debug] [2025-10-28T02:12:49.953Z] <<< [apiv2][body] GET https://cloudfunctions.googleapis.com/v2/projects/crmdoceria-9959e/locations/us-central1/operations/operation-1761617568239-6422e8d628e94-6c18cc95-9cff9920 {"name":"projects/crmdoceria-9959e/locations/us-central1/operations/operation-1761617568239-6422e8d628e94-6c18cc95-9cff9920","metadata":{"@type":"type.googleapis.com/google.cloud.functions.v2.OperationMetadata","createTime":"2025-10-28T02:12:49.083981340Z","target":"projects/crmdoceria-9959e/locations/us-central1/functions/createUser","verb":"update","cancelRequested":false,"apiVersion":"v2","requestResource":{"@type":"type.googleapis.com/google.cloud.functions.v2.Function","name":"projects/crmdoceria-9959e/locations/us-central1/functions/createUser","buildConfig":{"runtime":"nodejs20","entryPoint":"createUser","source":{"storageSource":{"bucket":"gcf-v2-sources-389481198252-us-central1","object":"createUser/function-source.zip","generation":"1761617569029450"}},"environmentVariables":{"GOOGLE_NODE_RUN_SCRIPTS":""},"dockerRepository":"projects/crmdoceria-9959e/locations/us-central1/repositories/gcf-artifacts","sourceProvenance":{"resolvedStorageSource":{"bucket":"gcf-v2-sources-389481198252-us-central1","object":"createUser/function-source.zip","generation":"1761604792409765"}},"dockerRegistry":"ARTIFACT_REGISTRY","serviceAccount":"projects/crmdoceria-9959e/serviceAccounts/389481198252-compute@developer.gserviceaccount.com","automaticUpdatePolicy":{}},"serviceConfig":{"service":"projects/crmdoceria-9959e/locations/us-central1/services/createuser","timeoutSeconds":60,"environmentVariables":{"FIREBASE_CONFIG":"{\"projectId\":\"crmdoceria-9959e\",\"storageBucket\":\"crmdoceria-9959e.firebasestorage.app\"}","GCLOUD_PROJECT":"crmdoceria-9959e","EVENTARC_CLOUD_EVENT_SOURCE":"projects/crmdoceria-9959e/locations/us-central1/services/createUser","FUNCTION_TARGET":"createUser","LOG_EXECUTION_ID":"true","FUNCTION_SIGNATURE_TYPE":"http"},"ingressSettings":"ALLOW_ALL","uri":"https://createuser-6i65vyioiq-uc.a.run.app","serviceAccountEmail":"389481198252-compute@developer.gserviceaccount.com","availableMemory":"256Mi","allTrafficOnLatestRevision":true,"revision":"createuser-00005-duk","maxInstanceRequestConcurrency":80,"availableCpu":"1"},"state":"ACTIVE","labels":{"deployment-tool":"cli-firebase","deployment-callable":"true","firebase-functions-hash":"3e69db12fecee57a4134980ad661d1e5d22d9f32"},"environment":"GEN_2","url":"https://us-central1-crmdoceria-9959e.cloudfunctions.net/createUser","satisfiesPzi":true},"stages":[{"name":"BUILD","message":"Creating build","state":"IN_PROGRESS","resource":"projects/389481198252/locations/us-central1/builds/afab1a45-267d-4af0-b282-7628ffc390f1","resourceUri":"https://console.cloud.google.com/cloud-build/builds;region=us-central1/afab1a45-267d-4af0-b282-7628ffc390f1?project=389481198252"},{"name":"SERVICE","state":"NOT_STARTED"}],"operationType":"UPDATE_FUNCTION","buildName":"projects/389481198252/locations/us-central1/builds/afab1a45-267d-4af0-b282-7628ffc390f1"},"done":false}
[debug] [2025-10-28T02:12:49.968Z] <<< [apiv2][status] GET https://cloudfunctions.googleapis.com/v2/projects/crmdoceria-9959e/locations/us-central1/operations/operation-1761617568167-6422e8d61783d-1b783a05-7c42065d 200
[debug] [2025-10-28T02:12:49.968Z] <<< [apiv2][body] GET https://cloudfunctions.googleapis.com/v2/projects/crmdoceria-9959e/locations/us-central1/operations/operation-1761617568167-6422e8d61783d-1b783a05-7c42065d {"name":"projects/crmdoceria-9959e/locations/us-central1/operations/operation-1761617568167-6422e8d61783d-1b783a05-7c42065d","metadata":{"@type":"type.googleapis.com/google.cloud.functions.v2.OperationMetadata","createTime":"2025-10-28T02:12:49.113773452Z","target":"projects/crmdoceria-9959e/locations/us-central1/functions/api","verb":"update","cancelRequested":false,"apiVersion":"v2","requestResource":{"@type":"type.googleapis.com/google.cloud.functions.v2.Function","name":"projects/crmdoceria-9959e/locations/us-central1/functions/api","buildConfig":{"runtime":"nodejs20","entryPoint":"api","source":{"storageSource":{"bucket":"gcf-v2-sources-389481198252-us-central1","object":"api/function-source.zip","generation":"1761617569071007"}},"environmentVariables":{"GOOGLE_NODE_RUN_SCRIPTS":""},"dockerRepository":"projects/crmdoceria-9959e/locations/us-central1/repositories/gcf-artifacts","sourceProvenance":{"resolvedStorageSource":{"bucket":"gcf-v2-sources-389481198252-us-central1","object":"api/function-source.zip","generation":"1761604735685410"}},"dockerRegistry":"ARTIFACT_REGISTRY","serviceAccount":"projects/crmdoceria-9959e/serviceAccounts/389481198252-compute@developer.gserviceaccount.com","automaticUpdatePolicy":{}},"serviceConfig":{"service":"projects/crmdoceria-9959e/locations/us-central1/services/api","timeoutSeconds":60,"environmentVariables":{"FIREBASE_CONFIG":"{\"projectId\":\"crmdoceria-9959e\",\"storageBucket\":\"crmdoceria-9959e.firebasestorage.app\"}","GCLOUD_PROJECT":"crmdoceria-9959e","EVENTARC_CLOUD_EVENT_SOURCE":"projects/crmdoceria-9959e/locations/us-central1/services/api","FUNCTION_TARGET":"api","LOG_EXECUTION_ID":"true","FUNCTION_SIGNATURE_TYPE":"http"},"ingressSettings":"ALLOW_ALL","uri":"https://api-6i65vyioiq-uc.a.run.app","serviceAccountEmail":"389481198252-compute@developer.gserviceaccount.com","availableMemory":"256Mi","allTrafficOnLatestRevision":true,"revision":"api-00006-cuq","maxInstanceRequestConcurrency":80,"availableCpu":"1"},"state":"ACTIVE","labels":{"deployment-tool":"cli-firebase","firebase-functions-hash":"3e69db12fecee57a4134980ad661d1e5d22d9f32"},"environment":"GEN_2","url":"https://us-central1-crmdoceria-9959e.cloudfunctions.net/api","satisfiesPzi":true},"stages":[{"name":"BUILD","message":"Build in progress","state":"IN_PROGRESS","resource":"projects/389481198252/locations/us-central1/builds/b0d64fbf-3ccc-4a9c-8748-73cda997d037","resourceUri":"https://console.cloud.google.com/cloud-build/builds;region=us-central1/b0d64fbf-3ccc-4a9c-8748-73cda997d037?project=389481198252"},{"name":"SERVICE","state":"NOT_STARTED"}],"operationType":"UPDATE_FUNCTION","buildName":"projects/389481198252/locations/us-central1/builds/b0d64fbf-3ccc-4a9c-8748-73cda997d037"},"done":false}
[debug] [2025-10-28T02:12:49.979Z] <<< [apiv2][status] GET https://cloudfunctions.googleapis.com/v2/projects/crmdoceria-9959e/locations/us-central1/operations/operation-1761617568266-6422e8d62f87f-49a35ca9-50960aac 200
[debug] [2025-10-28T02:12:49.979Z] <<< [apiv2][body] GET https://cloudfunctions.googleapis.com/v2/projects/crmdoceria-9959e/locations/us-central1/operations/operation-1761617568266-6422e8d62f87f-49a35ca9-50960aac {"name":"projects/crmdoceria-9959e/locations/us-central1/operations/operation-1761617568266-6422e8d62f87f-49a35ca9-50960aac","metadata":{"@type":"type.googleapis.com/google.cloud.functions.v2.OperationMetadata","createTime":"2025-10-28T02:12:49.123494922Z","target":"projects/crmdoceria-9959e/locations/us-central1/functions/listAllUsers","verb":"update","cancelRequested":false,"apiVersion":"v2","requestResource":{"@type":"type.googleapis.com/google.cloud.functions.v2.Function","name":"projects/crmdoceria-9959e/locations/us-central1/functions/listAllUsers","buildConfig":{"runtime":"nodejs20","entryPoint":"listAllUsers","source":{"storageSource":{"bucket":"gcf-v2-sources-389481198252-us-central1","object":"listAllUsers/function-source.zip","generation":"1761617569074115"}},"environmentVariables":{"GOOGLE_NODE_RUN_SCRIPTS":""},"dockerRepository":"projects/crmdoceria-9959e/locations/us-central1/repositories/gcf-artifacts","sourceProvenance":{"resolvedStorageSource":{"bucket":"gcf-v2-sources-389481198252-us-central1","object":"listAllUsers/function-source.zip","generation":"1761604792409134"}},"dockerRegistry":"ARTIFACT_REGISTRY","serviceAccount":"projects/crmdoceria-9959e/serviceAccounts/389481198252-compute@developer.gserviceaccount.com","automaticUpdatePolicy":{}},"serviceConfig":{"service":"projects/crmdoceria-9959e/locations/us-central1/services/listallusers","timeoutSeconds":60,"environmentVariables":{"FIREBASE_CONFIG":"{\"projectId\":\"crmdoceria-9959e\",\"storageBucket\":\"crmdoceria-9959e.firebasestorage.app\"}","GCLOUD_PROJECT":"crmdoceria-9959e","EVENTARC_CLOUD_EVENT_SOURCE":"projects/crmdoceria-9959e/locations/us-central1/services/listAllUsers","FUNCTION_TARGET":"listAllUsers","LOG_EXECUTION_ID":"true","FUNCTION_SIGNATURE_TYPE":"http"},"ingressSettings":"ALLOW_ALL","uri":"https://listallusers-6i65vyioiq-uc.a.run.app","serviceAccountEmail":"389481198252-compute@developer.gserviceaccount.com","availableMemory":"256Mi","allTrafficOnLatestRevision":true,"revision":"listallusers-00005-hap","maxInstanceRequestConcurrency":80,"availableCpu":"1"},"state":"ACTIVE","labels":{"deployment-tool":"cli-firebase","deployment-callable":"true","firebase-functions-hash":"3e69db12fecee57a4134980ad661d1e5d22d9f32"},"environment":"GEN_2","url":"https://us-central1-crmdoceria-9959e.cloudfunctions.net/listAllUsers","satisfiesPzi":true},"stages":[{"name":"BUILD","message":"Build in progress","state":"IN_PROGRESS","resource":"projects/389481198252/locations/us-central1/builds/609ef905-5301-466f-ae14-d28dc5132817","resourceUri":"https://console.cloud.google.com/cloud-build/builds;region=us-central1/609ef905-5301-466f-ae14-d28dc5132817?project=389481198252"},{"name":"SERVICE","state":"NOT_STARTED"}],"operationType":"UPDATE_FUNCTION","buildName":"projects/389481198252/locations/us-central1/builds/609ef905-5301-466f-ae14-d28dc5132817"},"done":false}
[debug] [2025-10-28T02:12:49.994Z] <<< [apiv2][status] GET https://cloudfunctions.googleapis.com/v2/projects/crmdoceria-9959e/locations/us-central1/operations/operation-1761617568270-6422e8d630a3a-1985be96-78d90479 200
[debug] [2025-10-28T02:12:49.994Z] <<< [apiv2][body] GET https://cloudfunctions.googleapis.com/v2/projects/crmdoceria-9959e/locations/us-central1/operations/operation-1761617568270-6422e8d630a3a-1985be96-78d90479 {"name":"projects/crmdoceria-9959e/locations/us-central1/operations/operation-1761617568270-6422e8d630a3a-1985be96-78d90479","metadata":{"@type":"type.googleapis.com/google.cloud.functions.v2.OperationMetadata","createTime":"2025-10-28T02:12:49.169162186Z","target":"projects/crmdoceria-9959e/locations/us-central1/functions/deleteUser","verb":"update","cancelRequested":false,"apiVersion":"v2","requestResource":{"@type":"type.googleapis.com/google.cloud.functions.v2.Function","name":"projects/crmdoceria-9959e/locations/us-central1/functions/deleteUser","buildConfig":{"runtime":"nodejs20","entryPoint":"deleteUser","source":{"storageSource":{"bucket":"gcf-v2-sources-389481198252-us-central1","object":"deleteUser/function-source.zip","generation":"1761617569096032"}},"environmentVariables":{"GOOGLE_NODE_RUN_SCRIPTS":""},"dockerRepository":"projects/crmdoceria-9959e/locations/us-central1/repositories/gcf-artifacts","sourceProvenance":{"resolvedStorageSource":{"bucket":"gcf-v2-sources-389481198252-us-central1","object":"deleteUser/function-source.zip","generation":"1761604792413414"}},"dockerRegistry":"ARTIFACT_REGISTRY","serviceAccount":"projects/crmdoceria-9959e/serviceAccounts/389481198252-compute@developer.gserviceaccount.com","automaticUpdatePolicy":{}},"serviceConfig":{"service":"projects/crmdoceria-9959e/locations/us-central1/services/deleteuser","timeoutSeconds":60,"environmentVariables":{"FIREBASE_CONFIG":"{\"projectId\":\"crmdoceria-9959e\",\"storageBucket\":\"crmdoceria-9959e.firebasestorage.app\"}","GCLOUD_PROJECT":"crmdoceria-9959e","EVENTARC_CLOUD_EVENT_SOURCE":"projects/crmdoceria-9959e/locations/us-central1/services/deleteUser","FUNCTION_TARGET":"deleteUser","LOG_EXECUTION_ID":"true","FUNCTION_SIGNATURE_TYPE":"http"},"ingressSettings":"ALLOW_ALL","uri":"https://deleteuser-6i65vyioiq-uc.a.run.app","serviceAccountEmail":"389481198252-compute@developer.gserviceaccount.com","availableMemory":"256Mi","allTrafficOnLatestRevision":true,"revision":"deleteuser-00005-hoj","maxInstanceRequestConcurrency":80,"availableCpu":"1"},"state":"ACTIVE","labels":{"deployment-tool":"cli-firebase","deployment-callable":"true","firebase-functions-hash":"3e69db12fecee57a4134980ad661d1e5d22d9f32"},"environment":"GEN_2","url":"https://us-central1-crmdoceria-9959e.cloudfunctions.net/deleteUser","satisfiesPzi":true},"stages":[{"name":"BUILD","message":"Build in progress","state":"IN_PROGRESS","resource":"projects/389481198252/locations/us-central1/builds/ecf9631a-17bb-469c-98a6-ae1077ba8880","resourceUri":"https://console.cloud.google.com/cloud-build/builds;region=us-central1/ecf9631a-17bb-469c-98a6-ae1077ba8880?project=389481198252"},{"name":"SERVICE","state":"NOT_STARTED"}],"operationType":"UPDATE_FUNCTION","buildName":"projects/389481198252/locations/us-central1/builds/ecf9631a-17bb-469c-98a6-ae1077ba8880"},"done":false}
[debug] [2025-10-28T02:12:50.055Z] <<< [apiv2][status] GET https://cloudfunctions.googleapis.com/v2/projects/crmdoceria-9959e/locations/us-central1/operations/operation-1761617568271-6422e8d630e3d-946165cb-5bcd63f8 200
[debug] [2025-10-28T02:12:50.055Z] <<< [apiv2][body] GET https://cloudfunctions.googleapis.com/v2/projects/crmdoceria-9959e/locations/us-central1/operations/operation-1761617568271-6422e8d630e3d-946165cb-5bcd63f8 {"name":"projects/crmdoceria-9959e/locations/us-central1/operations/operation-1761617568271-6422e8d630e3d-946165cb-5bcd63f8","metadata":{"@type":"type.googleapis.com/google.cloud.functions.v2.OperationMetadata","createTime":"2025-10-28T02:12:49.137522924Z","target":"projects/crmdoceria-9959e/locations/us-central1/functions/updateUser","verb":"update","cancelRequested":false,"apiVersion":"v2","requestResource":{"@type":"type.googleapis.com/google.cloud.functions.v2.Function","name":"projects/crmdoceria-9959e/locations/us-central1/functions/updateUser","buildConfig":{"runtime":"nodejs20","entryPoint":"updateUser","source":{"storageSource":{"bucket":"gcf-v2-sources-389481198252-us-central1","object":"updateUser/function-source.zip","generation":"1761617569087809"}},"environmentVariables":{"GOOGLE_NODE_RUN_SCRIPTS":""},"dockerRepository":"projects/crmdoceria-9959e/locations/us-central1/repositories/gcf-artifacts","sourceProvenance":{"resolvedStorageSource":{"bucket":"gcf-v2-sources-389481198252-us-central1","object":"updateUser/function-source.zip","generation":"1761604792453501"}},"dockerRegistry":"ARTIFACT_REGISTRY","serviceAccount":"projects/crmdoceria-9959e/serviceAccounts/389481198252-compute@developer.gserviceaccount.com","automaticUpdatePolicy":{}},"serviceConfig":{"service":"projects/crmdoceria-9959e/locations/us-central1/services/updateuser","timeoutSeconds":60,"environmentVariables":{"FIREBASE_CONFIG":"{\"projectId\":\"crmdoceria-9959e\",\"storageBucket\":\"crmdoceria-9959e.firebasestorage.app\"}","GCLOUD_PROJECT":"crmdoceria-9959e","EVENTARC_CLOUD_EVENT_SOURCE":"projects/crmdoceria-9959e/locations/us-central1/services/updateUser","FUNCTION_TARGET":"updateUser","LOG_EXECUTION_ID":"true","FUNCTION_SIGNATURE_TYPE":"http"},"ingressSettings":"ALLOW_ALL","uri":"https://updateuser-6i65vyioiq-uc.a.run.app","serviceAccountEmail":"389481198252-compute@developer.gserviceaccount.com","availableMemory":"256Mi","allTrafficOnLatestRevision":true,"revision":"updateuser-00005-ruq","maxInstanceRequestConcurrency":80,"availableCpu":"1"},"state":"ACTIVE","labels":{"deployment-tool":"cli-firebase","deployment-callable":"true","firebase-functions-hash":"3e69db12fecee57a4134980ad661d1e5d22d9f32"},"environment":"GEN_2","url":"https://us-central1-crmdoceria-9959e.cloudfunctions.net/updateUser","satisfiesPzi":true},"stages":[{"name":"BUILD","message":"Build in progress","state":"IN_PROGRESS","resource":"projects/389481198252/locations/us-central1/builds/a8f9bca5-4437-46c1-b31a-e98c7f8e2080","resourceUri":"https://console.cloud.google.com/cloud-build/builds;region=us-central1/a8f9bca5-4437-46c1-b31a-e98c7f8e2080?project=389481198252"},{"name":"SERVICE","state":"NOT_STARTED"}],"operationType":"UPDATE_FUNCTION","buildName":"projects/389481198252/locations/us-central1/builds/a8f9bca5-4437-46c1-b31a-e98c7f8e2080"},"done":false}
[debug] [2025-10-28T02:12:50.453Z] [update-default-us-central1-updateUserPassword] Retrying task index 0
[debug] [2025-10-28T02:12:50.453Z] Checked if tokens are valid: true, expires at: 1761621106407
[debug] [2025-10-28T02:12:50.453Z] Checked if tokens are valid: true, expires at: 1761621106407
[debug] [2025-10-28T02:12:50.453Z] >>> [apiv2][query] GET https://cloudfunctions.googleapis.com/v2/projects/crmdoceria-9959e/locations/us-central1/operations/operation-1761617568268-6422e8d6301b6-ba73ba3c-ea79e894 [none]
[debug] [2025-10-28T02:12:50.454Z] [update-default-us-central1-createUser] Retrying task index 0
[debug] [2025-10-28T02:12:50.454Z] Checked if tokens are valid: true, expires at: 1761621106407
[debug] [2025-10-28T02:12:50.454Z] Checked if tokens are valid: true, expires at: 1761621106407
[debug] [2025-10-28T02:12:50.454Z] >>> [apiv2][query] GET https://cloudfunctions.googleapis.com/v2/projects/crmdoceria-9959e/locations/us-central1/operations/operation-1761617568239-6422e8d628e94-6c18cc95-9cff9920 [none]
[debug] [2025-10-28T02:12:50.484Z] [update-default-us-central1-api] Retrying task index 0
[debug] [2025-10-28T02:12:50.484Z] Checked if tokens are valid: true, expires at: 1761621106407
[debug] [2025-10-28T02:12:50.484Z] Checked if tokens are valid: true, expires at: 1761621106407
[debug] [2025-10-28T02:12:50.484Z] >>> [apiv2][query] GET https://cloudfunctions.googleapis.com/v2/projects/crmdoceria-9959e/locations/us-central1/operations/operation-1761617568167-6422e8d61783d-1b783a05-7c42065d [none]
[debug] [2025-10-28T02:12:50.485Z] [update-default-us-central1-listAllUsers] Retrying task index 0
[debug] [2025-10-28T02:12:50.485Z] Checked if tokens are valid: true, expires at: 1761621106407
[debug] [2025-10-28T02:12:50.485Z] Checked if tokens are valid: true, expires at: 1761621106407
[debug] [2025-10-28T02:12:50.485Z] >>> [apiv2][query] GET https://cloudfunctions.googleapis.com/v2/projects/crmdoceria-9959e/locations/us-central1/operations/operation-1761617568266-6422e8d62f87f-49a35ca9-50960aac [none]
[debug] [2025-10-28T02:12:50.499Z] [update-default-us-central1-deleteUser] Retrying task index 0
[debug] [2025-10-28T02:12:50.500Z] Checked if tokens are valid: true, expires at: 1761621106407
[debug] [2025-10-28T02:12:50.500Z] Checked if tokens are valid: true, expires at: 1761621106407
[debug] [2025-10-28T02:12:50.500Z] >>> [apiv2][query] GET https://cloudfunctions.googleapis.com/v2/projects/crmdoceria-9959e/locations/us-central1/operations/operation-1761617568270-6422e8d630a3a-1985be96-78d90479 [none]
[debug] [2025-10-28T02:12:50.562Z] [update-default-us-central1-updateUser] Retrying task index 0
[debug] [2025-10-28T02:12:50.562Z] Checked if tokens are valid: true, expires at: 1761621106407
[debug] [2025-10-28T02:12:50.562Z] Checked if tokens are valid: true, expires at: 1761621106407
[debug] [2025-10-28T02:12:50.562Z] >>> [apiv2][query] GET https://cloudfunctions.googleapis.com/v2/projects/crmdoceria-9959e/locations/us-central1/operations/operation-1761617568271-6422e8d630e3d-946165cb-5bcd63f8 [none]
[debug] [2025-10-28T02:12:51.347Z] <<< [apiv2][status] GET https://cloudfunctions.googleapis.com/v2/projects/crmdoceria-9959e/locations/us-central1/operations/operation-1761617568268-6422e8d6301b6-ba73ba3c-ea79e894 200
[debug] [2025-10-28T02:12:51.347Z] <<< [apiv2][body] GET https://cloudfunctions.googleapis.com/v2/projects/crmdoceria-9959e/locations/us-central1/operations/operation-1761617568268-6422e8d6301b6-ba73ba3c-ea79e894 {"name":"projects/crmdoceria-9959e/locations/us-central1/operations/operation-1761617568268-6422e8d6301b6-ba73ba3c-ea79e894","metadata":{"@type":"type.googleapis.com/google.cloud.functions.v2.OperationMetadata","createTime":"2025-10-28T02:12:49.083803961Z","target":"projects/crmdoceria-9959e/locations/us-central1/functions/updateUserPassword","verb":"update","cancelRequested":false,"apiVersion":"v2","requestResource":{"@type":"type.googleapis.com/google.cloud.functions.v2.Function","name":"projects/crmdoceria-9959e/locations/us-central1/functions/updateUserPassword","buildConfig":{"runtime":"nodejs20","entryPoint":"updateUserPassword","source":{"storageSource":{"bucket":"gcf-v2-sources-389481198252-us-central1","object":"updateUserPassword/function-source.zip","generation":"1761617569037178"}},"environmentVariables":{"GOOGLE_NODE_RUN_SCRIPTS":""},"dockerRepository":"projects/crmdoceria-9959e/locations/us-central1/repositories/gcf-artifacts","sourceProvenance":{"resolvedStorageSource":{"bucket":"gcf-v2-sources-389481198252-us-central1","object":"updateUserPassword/function-source.zip","generation":"1761604792411875"}},"dockerRegistry":"ARTIFACT_REGISTRY","serviceAccount":"projects/crmdoceria-9959e/serviceAccounts/389481198252-compute@developer.gserviceaccount.com","automaticUpdatePolicy":{}},"serviceConfig":{"service":"projects/crmdoceria-9959e/locations/us-central1/services/updateuserpassword","timeoutSeconds":60,"environmentVariables":{"FIREBASE_CONFIG":"{\"projectId\":\"crmdoceria-9959e\",\"storageBucket\":\"crmdoceria-9959e.firebasestorage.app\"}","GCLOUD_PROJECT":"crmdoceria-9959e","EVENTARC_CLOUD_EVENT_SOURCE":"projects/crmdoceria-9959e/locations/us-central1/services/updateUserPassword","FUNCTION_TARGET":"updateUserPassword","LOG_EXECUTION_ID":"true","FUNCTION_SIGNATURE_TYPE":"http"},"ingressSettings":"ALLOW_ALL","uri":"https://updateuserpassword-6i65vyioiq-uc.a.run.app","serviceAccountEmail":"389481198252-compute@developer.gserviceaccount.com","availableMemory":"256Mi","allTrafficOnLatestRevision":true,"revision":"updateuserpassword-00005-yap","maxInstanceRequestConcurrency":80,"availableCpu":"1"},"state":"ACTIVE","labels":{"deployment-tool":"cli-firebase","deployment-callable":"true","firebase-functions-hash":"3e69db12fecee57a4134980ad661d1e5d22d9f32"},"environment":"GEN_2","url":"https://us-central1-crmdoceria-9959e.cloudfunctions.net/updateUserPassword","satisfiesPzi":true},"stages":[{"name":"BUILD","message":"Build in progress","state":"IN_PROGRESS","resource":"projects/389481198252/locations/us-central1/builds/efd47067-f306-4bb8-afc3-e07eba1dbf29","resourceUri":"https://console.cloud.google.com/cloud-build/builds;region=us-central1/efd47067-f306-4bb8-afc3-e07eba1dbf29?project=389481198252"},{"name":"SERVICE","state":"NOT_STARTED"}],"operationType":"UPDATE_FUNCTION","buildName":"projects/389481198252/locations/us-central1/builds/efd47067-f306-4bb8-afc3-e07eba1dbf29"},"done":false}
[debug] [2025-10-28T02:12:51.347Z] <<< [apiv2][status] GET https://cloudfunctions.googleapis.com/v2/projects/crmdoceria-9959e/locations/us-central1/operations/operation-1761617568239-6422e8d628e94-6c18cc95-9cff9920 200
[debug] [2025-10-28T02:12:51.347Z] <<< [apiv2][body] GET https://cloudfunctions.googleapis.com/v2/projects/crmdoceria-9959e/locations/us-central1/operations/operation-1761617568239-6422e8d628e94-6c18cc95-9cff9920 {"name":"projects/crmdoceria-9959e/locations/us-central1/operations/operation-1761617568239-6422e8d628e94-6c18cc95-9cff9920","metadata":{"@type":"type.googleapis.com/google.cloud.functions.v2.OperationMetadata","createTime":"2025-10-28T02:12:49.083981340Z","target":"projects/crmdoceria-9959e/locations/us-central1/functions/createUser","verb":"update","cancelRequested":false,"apiVersion":"v2","requestResource":{"@type":"type.googleapis.com/google.cloud.functions.v2.Function","name":"projects/crmdoceria-9959e/locations/us-central1/functions/createUser","buildConfig":{"runtime":"nodejs20","entryPoint":"createUser","source":{"storageSource":{"bucket":"gcf-v2-sources-389481198252-us-central1","object":"createUser/function-source.zip","generation":"1761617569029450"}},"environmentVariables":{"GOOGLE_NODE_RUN_SCRIPTS":""},"dockerRepository":"projects/crmdoceria-9959e/locations/us-central1/repositories/gcf-artifacts","sourceProvenance":{"resolvedStorageSource":{"bucket":"gcf-v2-sources-389481198252-us-central1","object":"createUser/function-source.zip","generation":"1761604792409765"}},"dockerRegistry":"ARTIFACT_REGISTRY","serviceAccount":"projects/crmdoceria-9959e/serviceAccounts/389481198252-compute@developer.gserviceaccount.com","automaticUpdatePolicy":{}},"serviceConfig":{"service":"projects/crmdoceria-9959e/locations/us-central1/services/createuser","timeoutSeconds":60,"environmentVariables":{"FIREBASE_CONFIG":"{\"projectId\":\"crmdoceria-9959e\",\"storageBucket\":\"crmdoceria-9959e.firebasestorage.app\"}","GCLOUD_PROJECT":"crmdoceria-9959e","EVENTARC_CLOUD_EVENT_SOURCE":"projects/crmdoceria-9959e/locations/us-central1/services/createUser","FUNCTION_TARGET":"createUser","LOG_EXECUTION_ID":"true","FUNCTION_SIGNATURE_TYPE":"http"},"ingressSettings":"ALLOW_ALL","uri":"https://createuser-6i65vyioiq-uc.a.run.app","serviceAccountEmail":"389481198252-compute@developer.gserviceaccount.com","availableMemory":"256Mi","allTrafficOnLatestRevision":true,"revision":"createuser-00005-duk","maxInstanceRequestConcurrency":80,"availableCpu":"1"},"state":"ACTIVE","labels":{"deployment-tool":"cli-firebase","deployment-callable":"true","firebase-functions-hash":"3e69db12fecee57a4134980ad661d1e5d22d9f32"},"environment":"GEN_2","url":"https://us-central1-crmdoceria-9959e.cloudfunctions.net/createUser","satisfiesPzi":true},"stages":[{"name":"BUILD","message":"Build in progress","state":"IN_PROGRESS","resource":"projects/389481198252/locations/us-central1/builds/afab1a45-267d-4af0-b282-7628ffc390f1","resourceUri":"https://console.cloud.google.com/cloud-build/builds;region=us-central1/afab1a45-267d-4af0-b282-7628ffc390f1?project=389481198252"},{"name":"SERVICE","state":"NOT_STARTED"}],"operationType":"UPDATE_FUNCTION","buildName":"projects/389481198252/locations/us-central1/builds/afab1a45-267d-4af0-b282-7628ffc390f1"},"done":false}
[debug] [2025-10-28T02:12:51.364Z] <<< [apiv2][status] GET https://cloudfunctions.googleapis.com/v2/projects/crmdoceria-9959e/locations/us-central1/operations/operation-1761617568167-6422e8d61783d-1b783a05-7c42065d 200
[debug] [2025-10-28T02:12:51.364Z] <<< [apiv2][body] GET https://cloudfunctions.googleapis.com/v2/projects/crmdoceria-9959e/locations/us-central1/operations/operation-1761617568167-6422e8d61783d-1b783a05-7c42065d {"name":"projects/crmdoceria-9959e/locations/us-central1/operations/operation-1761617568167-6422e8d61783d-1b783a05-7c42065d","metadata":{"@type":"type.googleapis.com/google.cloud.functions.v2.OperationMetadata","createTime":"2025-10-28T02:12:49.113773452Z","target":"projects/crmdoceria-9959e/locations/us-central1/functions/api","verb":"update","cancelRequested":false,"apiVersion":"v2","requestResource":{"@type":"type.googleapis.com/google.cloud.functions.v2.Function","name":"projects/crmdoceria-9959e/locations/us-central1/functions/api","buildConfig":{"runtime":"nodejs20","entryPoint":"api","source":{"storageSource":{"bucket":"gcf-v2-sources-389481198252-us-central1","object":"api/function-source.zip","generation":"1761617569071007"}},"environmentVariables":{"GOOGLE_NODE_RUN_SCRIPTS":""},"dockerRepository":"projects/crmdoceria-9959e/locations/us-central1/repositories/gcf-artifacts","sourceProvenance":{"resolvedStorageSource":{"bucket":"gcf-v2-sources-389481198252-us-central1","object":"api/function-source.zip","generation":"1761604735685410"}},"dockerRegistry":"ARTIFACT_REGISTRY","serviceAccount":"projects/crmdoceria-9959e/serviceAccounts/389481198252-compute@developer.gserviceaccount.com","automaticUpdatePolicy":{}},"serviceConfig":{"service":"projects/crmdoceria-9959e/locations/us-central1/services/api","timeoutSeconds":60,"environmentVariables":{"FIREBASE_CONFIG":"{\"projectId\":\"crmdoceria-9959e\",\"storageBucket\":\"crmdoceria-9959e.firebasestorage.app\"}","GCLOUD_PROJECT":"crmdoceria-9959e","EVENTARC_CLOUD_EVENT_SOURCE":"projects/crmdoceria-9959e/locations/us-central1/services/api","FUNCTION_TARGET":"api","LOG_EXECUTION_ID":"true","FUNCTION_SIGNATURE_TYPE":"http"},"ingressSettings":"ALLOW_ALL","uri":"https://api-6i65vyioiq-uc.a.run.app","serviceAccountEmail":"389481198252-compute@developer.gserviceaccount.com","availableMemory":"256Mi","allTrafficOnLatestRevision":true,"revision":"api-00006-cuq","maxInstanceRequestConcurrency":80,"availableCpu":"1"},"state":"ACTIVE","labels":{"deployment-tool":"cli-firebase","firebase-functions-hash":"3e69db12fecee57a4134980ad661d1e5d22d9f32"},"environment":"GEN_2","url":"https://us-central1-crmdoceria-9959e.cloudfunctions.net/api","satisfiesPzi":true},"stages":[{"name":"BUILD","message":"Build in progress","state":"IN_PROGRESS","resource":"projects/389481198252/locations/us-central1/builds/b0d64fbf-3ccc-4a9c-8748-73cda997d037","resourceUri":"https://console.cloud.google.com/cloud-build/builds;region=us-central1/b0d64fbf-3ccc-4a9c-8748-73cda997d037?project=389481198252"},{"name":"SERVICE","state":"NOT_STARTED"}],"operationType":"UPDATE_FUNCTION","buildName":"projects/389481198252/locations/us-central1/builds/b0d64fbf-3ccc-4a9c-8748-73cda997d037"},"done":false}
[debug] [2025-10-28T02:12:51.380Z] <<< [apiv2][status] GET https://cloudfunctions.googleapis.com/v2/projects/crmdoceria-9959e/locations/us-central1/operations/operation-1761617568270-6422e8d630a3a-1985be96-78d90479 200
[debug] [2025-10-28T02:12:51.380Z] <<< [apiv2][body] GET https://cloudfunctions.googleapis.com/v2/projects/crmdoceria-9959e/locations/us-central1/operations/operation-1761617568270-6422e8d630a3a-1985be96-78d90479 {"name":"projects/crmdoceria-9959e/locations/us-central1/operations/operation-1761617568270-6422e8d630a3a-1985be96-78d90479","metadata":{"@type":"type.googleapis.com/google.cloud.functions.v2.OperationMetadata","createTime":"2025-10-28T02:12:49.169162186Z","target":"projects/crmdoceria-9959e/locations/us-central1/functions/deleteUser","verb":"update","cancelRequested":false,"apiVersion":"v2","requestResource":{"@type":"type.googleapis.com/google.cloud.functions.v2.Function","name":"projects/crmdoceria-9959e/locations/us-central1/functions/deleteUser","buildConfig":{"runtime":"nodejs20","entryPoint":"deleteUser","source":{"storageSource":{"bucket":"gcf-v2-sources-389481198252-us-central1","object":"deleteUser/function-source.zip","generation":"1761617569096032"}},"environmentVariables":{"GOOGLE_NODE_RUN_SCRIPTS":""},"dockerRepository":"projects/crmdoceria-9959e/locations/us-central1/repositories/gcf-artifacts","sourceProvenance":{"resolvedStorageSource":{"bucket":"gcf-v2-sources-389481198252-us-central1","object":"deleteUser/function-source.zip","generation":"1761604792413414"}},"dockerRegistry":"ARTIFACT_REGISTRY","serviceAccount":"projects/crmdoceria-9959e/serviceAccounts/389481198252-compute@developer.gserviceaccount.com","automaticUpdatePolicy":{}},"serviceConfig":{"service":"projects/crmdoceria-9959e/locations/us-central1/services/deleteuser","timeoutSeconds":60,"environmentVariables":{"FIREBASE_CONFIG":"{\"projectId\":\"crmdoceria-9959e\",\"storageBucket\":\"crmdoceria-9959e.firebasestorage.app\"}","GCLOUD_PROJECT":"crmdoceria-9959e","EVENTARC_CLOUD_EVENT_SOURCE":"projects/crmdoceria-9959e/locations/us-central1/services/deleteUser","FUNCTION_TARGET":"deleteUser","LOG_EXECUTION_ID":"true","FUNCTION_SIGNATURE_TYPE":"http"},"ingressSettings":"ALLOW_ALL","uri":"https://deleteuser-6i65vyioiq-uc.a.run.app","serviceAccountEmail":"389481198252-compute@developer.gserviceaccount.com","availableMemory":"256Mi","allTrafficOnLatestRevision":true,"revision":"deleteuser-00005-hoj","maxInstanceRequestConcurrency":80,"availableCpu":"1"},"state":"ACTIVE","labels":{"deployment-tool":"cli-firebase","deployment-callable":"true","firebase-functions-hash":"3e69db12fecee57a4134980ad661d1e5d22d9f32"},"environment":"GEN_2","url":"https://us-central1-crmdoceria-9959e.cloudfunctions.net/deleteUser","satisfiesPzi":true},"stages":[{"name":"BUILD","message":"Build in progress","state":"IN_PROGRESS","resource":"projects/389481198252/locations/us-central1/builds/ecf9631a-17bb-469c-98a6-ae1077ba8880","resourceUri":"https://console.cloud.google.com/cloud-build/builds;region=us-central1/ecf9631a-17bb-469c-98a6-ae1077ba8880?project=389481198252"},{"name":"SERVICE","state":"NOT_STARTED"}],"operationType":"UPDATE_FUNCTION","buildName":"projects/389481198252/locations/us-central1/builds/ecf9631a-17bb-469c-98a6-ae1077ba8880"},"done":false}
[debug] [2025-10-28T02:12:51.381Z] <<< [apiv2][status] GET https://cloudfunctions.googleapis.com/v2/projects/crmdoceria-9959e/locations/us-central1/operations/operation-1761617568266-6422e8d62f87f-49a35ca9-50960aac 200
[debug] [2025-10-28T02:12:51.381Z] <<< [apiv2][body] GET https://cloudfunctions.googleapis.com/v2/projects/crmdoceria-9959e/locations/us-central1/operations/operation-1761617568266-6422e8d62f87f-49a35ca9-50960aac {"name":"projects/crmdoceria-9959e/locations/us-central1/operations/operation-1761617568266-6422e8d62f87f-49a35ca9-50960aac","metadata":{"@type":"type.googleapis.com/google.cloud.functions.v2.OperationMetadata","createTime":"2025-10-28T02:12:49.123494922Z","target":"projects/crmdoceria-9959e/locations/us-central1/functions/listAllUsers","verb":"update","cancelRequested":false,"apiVersion":"v2","requestResource":{"@type":"type.googleapis.com/google.cloud.functions.v2.Function","name":"projects/crmdoceria-9959e/locations/us-central1/functions/listAllUsers","buildConfig":{"runtime":"nodejs20","entryPoint":"listAllUsers","source":{"storageSource":{"bucket":"gcf-v2-sources-389481198252-us-central1","object":"listAllUsers/function-source.zip","generation":"1761617569074115"}},"environmentVariables":{"GOOGLE_NODE_RUN_SCRIPTS":""},"dockerRepository":"projects/crmdoceria-9959e/locations/us-central1/repositories/gcf-artifacts","sourceProvenance":{"resolvedStorageSource":{"bucket":"gcf-v2-sources-389481198252-us-central1","object":"listAllUsers/function-source.zip","generation":"1761604792409134"}},"dockerRegistry":"ARTIFACT_REGISTRY","serviceAccount":"projects/crmdoceria-9959e/serviceAccounts/389481198252-compute@developer.gserviceaccount.com","automaticUpdatePolicy":{}},"serviceConfig":{"service":"projects/crmdoceria-9959e/locations/us-central1/services/listallusers","timeoutSeconds":60,"environmentVariables":{"FIREBASE_CONFIG":"{\"projectId\":\"crmdoceria-9959e\",\"storageBucket\":\"crmdoceria-9959e.firebasestorage.app\"}","GCLOUD_PROJECT":"crmdoceria-9959e","EVENTARC_CLOUD_EVENT_SOURCE":"projects/crmdoceria-9959e/locations/us-central1/services/listAllUsers","FUNCTION_TARGET":"listAllUsers","LOG_EXECUTION_ID":"true","FUNCTION_SIGNATURE_TYPE":"http"},"ingressSettings":"ALLOW_ALL","uri":"https://listallusers-6i65vyioiq-uc.a.run.app","serviceAccountEmail":"389481198252-compute@developer.gserviceaccount.com","availableMemory":"256Mi","allTrafficOnLatestRevision":true,"revision":"listallusers-00005-hap","maxInstanceRequestConcurrency":80,"availableCpu":"1"},"state":"ACTIVE","labels":{"deployment-tool":"cli-firebase","deployment-callable":"true","firebase-functions-hash":"3e69db12fecee57a4134980ad661d1e5d22d9f32"},"environment":"GEN_2","url":"https://us-central1-crmdoceria-9959e.cloudfunctions.net/listAllUsers","satisfiesPzi":true},"stages":[{"name":"BUILD","message":"Build in progress","state":"IN_PROGRESS","resource":"projects/389481198252/locations/us-central1/builds/609ef905-5301-466f-ae14-d28dc5132817","resourceUri":"https://console.cloud.google.com/cloud-build/builds;region=us-central1/609ef905-5301-466f-ae14-d28dc5132817?project=389481198252"},{"name":"SERVICE","state":"NOT_STARTED"}],"operationType":"UPDATE_FUNCTION","buildName":"projects/389481198252/locations/us-central1/builds/609ef905-5301-466f-ae14-d28dc5132817"},"done":false}
[debug] [2025-10-28T02:12:51.612Z] <<< [apiv2][status] GET https://cloudfunctions.googleapis.com/v2/projects/crmdoceria-9959e/locations/us-central1/operations/operation-1761617568271-6422e8d630e3d-946165cb-5bcd63f8 200
[debug] [2025-10-28T02:12:51.612Z] <<< [apiv2][body] GET https://cloudfunctions.googleapis.com/v2/projects/crmdoceria-9959e/locations/us-central1/operations/operation-1761617568271-6422e8d630e3d-946165cb-5bcd63f8 {"name":"projects/crmdoceria-9959e/locations/us-central1/operations/operation-1761617568271-6422e8d630e3d-946165cb-5bcd63f8","metadata":{"@type":"type.googleapis.com/google.cloud.functions.v2.OperationMetadata","createTime":"2025-10-28T02:12:49.137522924Z","target":"projects/crmdoceria-9959e/locations/us-central1/functions/updateUser","verb":"update","cancelRequested":false,"apiVersion":"v2","requestResource":{"@type":"type.googleapis.com/google.cloud.functions.v2.Function","name":"projects/crmdoceria-9959e/locations/us-central1/functions/updateUser","buildConfig":{"runtime":"nodejs20","entryPoint":"updateUser","source":{"storageSource":{"bucket":"gcf-v2-sources-389481198252-us-central1","object":"updateUser/function-source.zip","generation":"1761617569087809"}},"environmentVariables":{"GOOGLE_NODE_RUN_SCRIPTS":""},"dockerRepository":"projects/crmdoceria-9959e/locations/us-central1/repositories/gcf-artifacts","sourceProvenance":{"resolvedStorageSource":{"bucket":"gcf-v2-sources-389481198252-us-central1","object":"updateUser/function-source.zip","generation":"1761604792453501"}},"dockerRegistry":"ARTIFACT_REGISTRY","serviceAccount":"projects/crmdoceria-9959e/serviceAccounts/389481198252-compute@developer.gserviceaccount.com","automaticUpdatePolicy":{}},"serviceConfig":{"service":"projects/crmdoceria-9959e/locations/us-central1/services/updateuser","timeoutSeconds":60,"environmentVariables":{"FIREBASE_CONFIG":"{\"projectId\":\"crmdoceria-9959e\",\"storageBucket\":\"crmdoceria-9959e.firebasestorage.app\"}","GCLOUD_PROJECT":"crmdoceria-9959e","EVENTARC_CLOUD_EVENT_SOURCE":"projects/crmdoceria-9959e/locations/us-central1/services/updateUser","FUNCTION_TARGET":"updateUser","LOG_EXECUTION_ID":"true","FUNCTION_SIGNATURE_TYPE":"http"},"ingressSettings":"ALLOW_ALL","uri":"https://updateuser-6i65vyioiq-uc.a.run.app","serviceAccountEmail":"389481198252-compute@developer.gserviceaccount.com","availableMemory":"256Mi","allTrafficOnLatestRevision":true,"revision":"updateuser-00005-ruq","maxInstanceRequestConcurrency":80,"availableCpu":"1"},"state":"ACTIVE","labels":{"deployment-tool":"cli-firebase","deployment-callable":"true","firebase-functions-hash":"3e69db12fecee57a4134980ad661d1e5d22d9f32"},"environment":"GEN_2","url":"https://us-central1-crmdoceria-9959e.cloudfunctions.net/updateUser","satisfiesPzi":true},"stages":[{"name":"BUILD","message":"Build in progress","state":"IN_PROGRESS","resource":"projects/389481198252/locations/us-central1/builds/a8f9bca5-4437-46c1-b31a-e98c7f8e2080","resourceUri":"https://console.cloud.google.com/cloud-build/builds;region=us-central1/a8f9bca5-4437-46c1-b31a-e98c7f8e2080?project=389481198252"},{"name":"SERVICE","state":"NOT_STARTED"}],"operationType":"UPDATE_FUNCTION","buildName":"projects/389481198252/locations/us-central1/builds/a8f9bca5-4437-46c1-b31a-e98c7f8e2080"},"done":false}
[debug] [2025-10-28T02:12:52.361Z] [update-default-us-central1-updateUserPassword] Retrying task index 0
[debug] [2025-10-28T02:12:52.362Z] Checked if tokens are valid: true, expires at: 1761621106407
[debug] [2025-10-28T02:12:52.362Z] Checked if tokens are valid: true, expires at: 1761621106407
[debug] [2025-10-28T02:12:52.362Z] >>> [apiv2][query] GET https://cloudfunctions.googleapis.com/v2/projects/crmdoceria-9959e/locations/us-central1/operations/operation-1761617568268-6422e8d6301b6-ba73ba3c-ea79e894 [none]
[debug] [2025-10-28T02:12:52.362Z] [update-default-us-central1-createUser] Retrying task index 0
[debug] [2025-10-28T02:12:52.363Z] Checked if tokens are valid: true, expires at: 1761621106407
[debug] [2025-10-28T02:12:52.363Z] Checked if tokens are valid: true, expires at: 1761621106407
[debug] [2025-10-28T02:12:52.363Z] >>> [apiv2][query] GET https://cloudfunctions.googleapis.com/v2/projects/crmdoceria-9959e/locations/us-central1/operations/operation-1761617568239-6422e8d628e94-6c18cc95-9cff9920 [none]
[debug] [2025-10-28T02:12:52.376Z] [update-default-us-central1-api] Retrying task index 0
[debug] [2025-10-28T02:12:52.377Z] Checked if tokens are valid: true, expires at: 1761621106407
[debug] [2025-10-28T02:12:52.377Z] Checked if tokens are valid: true, expires at: 1761621106407
[debug] [2025-10-28T02:12:52.377Z] >>> [apiv2][query] GET https://cloudfunctions.googleapis.com/v2/projects/crmdoceria-9959e/locations/us-central1/operations/operation-1761617568167-6422e8d61783d-1b783a05-7c42065d [none]
[debug] [2025-10-28T02:12:52.392Z] [update-default-us-central1-deleteUser] Retrying task index 0
[debug] [2025-10-28T02:12:52.392Z] Checked if tokens are valid: true, expires at: 1761621106407
[debug] [2025-10-28T02:12:52.392Z] Checked if tokens are valid: true, expires at: 1761621106407
[debug] [2025-10-28T02:12:52.392Z] >>> [apiv2][query] GET https://cloudfunctions.googleapis.com/v2/projects/crmdoceria-9959e/locations/us-central1/operations/operation-1761617568270-6422e8d630a3a-1985be96-78d90479 [none]
[debug] [2025-10-28T02:12:52.393Z] [update-default-us-central1-listAllUsers] Retrying task index 0
[debug] [2025-10-28T02:12:52.393Z] Checked if tokens are valid: true, expires at: 1761621106407
[debug] [2025-10-28T02:12:52.393Z] Checked if tokens are valid: true, expires at: 1761621106407
[debug] [2025-10-28T02:12:52.393Z] >>> [apiv2][query] GET https://cloudfunctions.googleapis.com/v2/projects/crmdoceria-9959e/locations/us-central1/operations/operation-1761617568266-6422e8d62f87f-49a35ca9-50960aac [none]
[debug] [2025-10-28T02:12:52.621Z] [update-default-us-central1-updateUser] Retrying task index 0
[debug] [2025-10-28T02:12:52.622Z] Checked if tokens are valid: true, expires at: 1761621106407
[debug] [2025-10-28T02:12:52.622Z] Checked if tokens are valid: true, expires at: 1761621106407
[debug] [2025-10-28T02:12:52.622Z] >>> [apiv2][query] GET https://cloudfunctions.googleapis.com/v2/projects/crmdoceria-9959e/locations/us-central1/operations/operation-1761617568271-6422e8d630e3d-946165cb-5bcd63f8 [none]
[debug] [2025-10-28T02:12:53.308Z] <<< [apiv2][status] GET https://cloudfunctions.googleapis.com/v2/projects/crmdoceria-9959e/locations/us-central1/operations/operation-1761617568239-6422e8d628e94-6c18cc95-9cff9920 200
[debug] [2025-10-28T02:12:53.308Z] <<< [apiv2][body] GET https://cloudfunctions.googleapis.com/v2/projects/crmdoceria-9959e/locations/us-central1/operations/operation-1761617568239-6422e8d628e94-6c18cc95-9cff9920 {"name":"projects/crmdoceria-9959e/locations/us-central1/operations/operation-1761617568239-6422e8d628e94-6c18cc95-9cff9920","metadata":{"@type":"type.googleapis.com/google.cloud.functions.v2.OperationMetadata","createTime":"2025-10-28T02:12:49.083981340Z","target":"projects/crmdoceria-9959e/locations/us-central1/functions/createUser","verb":"update","cancelRequested":false,"apiVersion":"v2","requestResource":{"@type":"type.googleapis.com/google.cloud.functions.v2.Function","name":"projects/crmdoceria-9959e/locations/us-central1/functions/createUser","buildConfig":{"runtime":"nodejs20","entryPoint":"createUser","source":{"storageSource":{"bucket":"gcf-v2-sources-389481198252-us-central1","object":"createUser/function-source.zip","generation":"1761617569029450"}},"environmentVariables":{"GOOGLE_NODE_RUN_SCRIPTS":""},"dockerRepository":"projects/crmdoceria-9959e/locations/us-central1/repositories/gcf-artifacts","sourceProvenance":{"resolvedStorageSource":{"bucket":"gcf-v2-sources-389481198252-us-central1","object":"createUser/function-source.zip","generation":"1761604792409765"}},"dockerRegistry":"ARTIFACT_REGISTRY","serviceAccount":"projects/crmdoceria-9959e/serviceAccounts/389481198252-compute@developer.gserviceaccount.com","automaticUpdatePolicy":{}},"serviceConfig":{"service":"projects/crmdoceria-9959e/locations/us-central1/services/createuser","timeoutSeconds":60,"environmentVariables":{"FIREBASE_CONFIG":"{\"projectId\":\"crmdoceria-9959e\",\"storageBucket\":\"crmdoceria-9959e.firebasestorage.app\"}","GCLOUD_PROJECT":"crmdoceria-9959e","EVENTARC_CLOUD_EVENT_SOURCE":"projects/crmdoceria-9959e/locations/us-central1/services/createUser","FUNCTION_TARGET":"createUser","LOG_EXECUTION_ID":"true","FUNCTION_SIGNATURE_TYPE":"http"},"ingressSettings":"ALLOW_ALL","uri":"https://createuser-6i65vyioiq-uc.a.run.app","serviceAccountEmail":"389481198252-compute@developer.gserviceaccount.com","availableMemory":"256Mi","allTrafficOnLatestRevision":true,"revision":"createuser-00005-duk","maxInstanceRequestConcurrency":80,"availableCpu":"1"},"state":"ACTIVE","labels":{"deployment-tool":"cli-firebase","deployment-callable":"true","firebase-functions-hash":"3e69db12fecee57a4134980ad661d1e5d22d9f32"},"environment":"GEN_2","url":"https://us-central1-crmdoceria-9959e.cloudfunctions.net/createUser","satisfiesPzi":true},"stages":[{"name":"BUILD","message":"Build in progress","state":"IN_PROGRESS","resource":"projects/389481198252/locations/us-central1/builds/afab1a45-267d-4af0-b282-7628ffc390f1","resourceUri":"https://console.cloud.google.com/cloud-build/builds;region=us-central1/afab1a45-267d-4af0-b282-7628ffc390f1?project=389481198252"},{"name":"SERVICE","state":"NOT_STARTED"}],"operationType":"UPDATE_FUNCTION","buildName":"projects/389481198252/locations/us-central1/builds/afab1a45-267d-4af0-b282-7628ffc390f1"},"done":false}
[debug] [2025-10-28T02:12:53.334Z] <<< [apiv2][status] GET https://cloudfunctions.googleapis.com/v2/projects/crmdoceria-9959e/locations/us-central1/operations/operation-1761617568167-6422e8d61783d-1b783a05-7c42065d 200
[debug] [2025-10-28T02:12:53.334Z] <<< [apiv2][body] GET https://cloudfunctions.googleapis.com/v2/projects/crmdoceria-9959e/locations/us-central1/operations/operation-1761617568167-6422e8d61783d-1b783a05-7c42065d {"name":"projects/crmdoceria-9959e/locations/us-central1/operations/operation-1761617568167-6422e8d61783d-1b783a05-7c42065d","metadata":{"@type":"type.googleapis.com/google.cloud.functions.v2.OperationMetadata","createTime":"2025-10-28T02:12:49.113773452Z","target":"projects/crmdoceria-9959e/locations/us-central1/functions/api","verb":"update","cancelRequested":false,"apiVersion":"v2","requestResource":{"@type":"type.googleapis.com/google.cloud.functions.v2.Function","name":"projects/crmdoceria-9959e/locations/us-central1/functions/api","buildConfig":{"runtime":"nodejs20","entryPoint":"api","source":{"storageSource":{"bucket":"gcf-v2-sources-389481198252-us-central1","object":"api/function-source.zip","generation":"1761617569071007"}},"environmentVariables":{"GOOGLE_NODE_RUN_SCRIPTS":""},"dockerRepository":"projects/crmdoceria-9959e/locations/us-central1/repositories/gcf-artifacts","sourceProvenance":{"resolvedStorageSource":{"bucket":"gcf-v2-sources-389481198252-us-central1","object":"api/function-source.zip","generation":"1761604735685410"}},"dockerRegistry":"ARTIFACT_REGISTRY","serviceAccount":"projects/crmdoceria-9959e/serviceAccounts/389481198252-compute@developer.gserviceaccount.com","automaticUpdatePolicy":{}},"serviceConfig":{"service":"projects/crmdoceria-9959e/locations/us-central1/services/api","timeoutSeconds":60,"environmentVariables":{"FIREBASE_CONFIG":"{\"projectId\":\"crmdoceria-9959e\",\"storageBucket\":\"crmdoceria-9959e.firebasestorage.app\"}","GCLOUD_PROJECT":"crmdoceria-9959e","EVENTARC_CLOUD_EVENT_SOURCE":"projects/crmdoceria-9959e/locations/us-central1/services/api","FUNCTION_TARGET":"api","LOG_EXECUTION_ID":"true","FUNCTION_SIGNATURE_TYPE":"http"},"ingressSettings":"ALLOW_ALL","uri":"https://api-6i65vyioiq-uc.a.run.app","serviceAccountEmail":"389481198252-compute@developer.gserviceaccount.com","availableMemory":"256Mi","allTrafficOnLatestRevision":true,"revision":"api-00006-cuq","maxInstanceRequestConcurrency":80,"availableCpu":"1"},"state":"ACTIVE","labels":{"deployment-tool":"cli-firebase","firebase-functions-hash":"3e69db12fecee57a4134980ad661d1e5d22d9f32"},"environment":"GEN_2","url":"https://us-central1-crmdoceria-9959e.cloudfunctions.net/api","satisfiesPzi":true},"stages":[{"name":"BUILD","message":"Build in progress","state":"IN_PROGRESS","resource":"projects/389481198252/locations/us-central1/builds/b0d64fbf-3ccc-4a9c-8748-73cda997d037","resourceUri":"https://console.cloud.google.com/cloud-build/builds;region=us-central1/b0d64fbf-3ccc-4a9c-8748-73cda997d037?project=389481198252"},{"name":"SERVICE","state":"NOT_STARTED"}],"operationType":"UPDATE_FUNCTION","buildName":"projects/389481198252/locations/us-central1/builds/b0d64fbf-3ccc-4a9c-8748-73cda997d037"},"done":false}
[debug] [2025-10-28T02:12:53.343Z] <<< [apiv2][status] GET https://cloudfunctions.googleapis.com/v2/projects/crmdoceria-9959e/locations/us-central1/operations/operation-1761617568266-6422e8d62f87f-49a35ca9-50960aac 200
[debug] [2025-10-28T02:12:53.343Z] <<< [apiv2][body] GET https://cloudfunctions.googleapis.com/v2/projects/crmdoceria-9959e/locations/us-central1/operations/operation-1761617568266-6422e8d62f87f-49a35ca9-50960aac {"name":"projects/crmdoceria-9959e/locations/us-central1/operations/operation-1761617568266-6422e8d62f87f-49a35ca9-50960aac","metadata":{"@type":"type.googleapis.com/google.cloud.functions.v2.OperationMetadata","createTime":"2025-10-28T02:12:49.123494922Z","target":"projects/crmdoceria-9959e/locations/us-central1/functions/listAllUsers","verb":"update","cancelRequested":false,"apiVersion":"v2","requestResource":{"@type":"type.googleapis.com/google.cloud.functions.v2.Function","name":"projects/crmdoceria-9959e/locations/us-central1/functions/listAllUsers","buildConfig":{"runtime":"nodejs20","entryPoint":"listAllUsers","source":{"storageSource":{"bucket":"gcf-v2-sources-389481198252-us-central1","object":"listAllUsers/function-source.zip","generation":"1761617569074115"}},"environmentVariables":{"GOOGLE_NODE_RUN_SCRIPTS":""},"dockerRepository":"projects/crmdoceria-9959e/locations/us-central1/repositories/gcf-artifacts","sourceProvenance":{"resolvedStorageSource":{"bucket":"gcf-v2-sources-389481198252-us-central1","object":"listAllUsers/function-source.zip","generation":"1761604792409134"}},"dockerRegistry":"ARTIFACT_REGISTRY","serviceAccount":"projects/crmdoceria-9959e/serviceAccounts/389481198252-compute@developer.gserviceaccount.com","automaticUpdatePolicy":{}},"serviceConfig":{"service":"projects/crmdoceria-9959e/locations/us-central1/services/listallusers","timeoutSeconds":60,"environmentVariables":{"FIREBASE_CONFIG":"{\"projectId\":\"crmdoceria-9959e\",\"storageBucket\":\"crmdoceria-9959e.firebasestorage.app\"}","GCLOUD_PROJECT":"crmdoceria-9959e","EVENTARC_CLOUD_EVENT_SOURCE":"projects/crmdoceria-9959e/locations/us-central1/services/listAllUsers","FUNCTION_TARGET":"listAllUsers","LOG_EXECUTION_ID":"true","FUNCTION_SIGNATURE_TYPE":"http"},"ingressSettings":"ALLOW_ALL","uri":"https://listallusers-6i65vyioiq-uc.a.run.app","serviceAccountEmail":"389481198252-compute@developer.gserviceaccount.com","availableMemory":"256Mi","allTrafficOnLatestRevision":true,"revision":"listallusers-00005-hap","maxInstanceRequestConcurrency":80,"availableCpu":"1"},"state":"ACTIVE","labels":{"deployment-tool":"cli-firebase","deployment-callable":"true","firebase-functions-hash":"3e69db12fecee57a4134980ad661d1e5d22d9f32"},"environment":"GEN_2","url":"https://us-central1-crmdoceria-9959e.cloudfunctions.net/listAllUsers","satisfiesPzi":true},"stages":[{"name":"BUILD","message":"Build in progress","state":"IN_PROGRESS","resource":"projects/389481198252/locations/us-central1/builds/609ef905-5301-466f-ae14-d28dc5132817","resourceUri":"https://console.cloud.google.com/cloud-build/builds;region=us-central1/609ef905-5301-466f-ae14-d28dc5132817?project=389481198252"},{"name":"SERVICE","state":"NOT_STARTED"}],"operationType":"UPDATE_FUNCTION","buildName":"projects/389481198252/locations/us-central1/builds/609ef905-5301-466f-ae14-d28dc5132817"},"done":false}
[debug] [2025-10-28T02:12:53.343Z] <<< [apiv2][status] GET https://cloudfunctions.googleapis.com/v2/projects/crmdoceria-9959e/locations/us-central1/operations/operation-1761617568270-6422e8d630a3a-1985be96-78d90479 200
[debug] [2025-10-28T02:12:53.343Z] <<< [apiv2][body] GET https://cloudfunctions.googleapis.com/v2/projects/crmdoceria-9959e/locations/us-central1/operations/operation-1761617568270-6422e8d630a3a-1985be96-78d90479 {"name":"projects/crmdoceria-9959e/locations/us-central1/operations/operation-1761617568270-6422e8d630a3a-1985be96-78d90479","metadata":{"@type":"type.googleapis.com/google.cloud.functions.v2.OperationMetadata","createTime":"2025-10-28T02:12:49.169162186Z","target":"projects/crmdoceria-9959e/locations/us-central1/functions/deleteUser","verb":"update","cancelRequested":false,"apiVersion":"v2","requestResource":{"@type":"type.googleapis.com/google.cloud.functions.v2.Function","name":"projects/crmdoceria-9959e/locations/us-central1/functions/deleteUser","buildConfig":{"runtime":"nodejs20","entryPoint":"deleteUser","source":{"storageSource":{"bucket":"gcf-v2-sources-389481198252-us-central1","object":"deleteUser/function-source.zip","generation":"1761617569096032"}},"environmentVariables":{"GOOGLE_NODE_RUN_SCRIPTS":""},"dockerRepository":"projects/crmdoceria-9959e/locations/us-central1/repositories/gcf-artifacts","sourceProvenance":{"resolvedStorageSource":{"bucket":"gcf-v2-sources-389481198252-us-central1","object":"deleteUser/function-source.zip","generation":"1761604792413414"}},"dockerRegistry":"ARTIFACT_REGISTRY","serviceAccount":"projects/crmdoceria-9959e/serviceAccounts/389481198252-compute@developer.gserviceaccount.com","automaticUpdatePolicy":{}},"serviceConfig":{"service":"projects/crmdoceria-9959e/locations/us-central1/services/deleteuser","timeoutSeconds":60,"environmentVariables":{"FIREBASE_CONFIG":"{\"projectId\":\"crmdoceria-9959e\",\"storageBucket\":\"crmdoceria-9959e.firebasestorage.app\"}","GCLOUD_PROJECT":"crmdoceria-9959e","EVENTARC_CLOUD_EVENT_SOURCE":"projects/crmdoceria-9959e/locations/us-central1/services/deleteUser","FUNCTION_TARGET":"deleteUser","LOG_EXECUTION_ID":"true","FUNCTION_SIGNATURE_TYPE":"http"},"ingressSettings":"ALLOW_ALL","uri":"https://deleteuser-6i65vyioiq-uc.a.run.app","serviceAccountEmail":"389481198252-compute@developer.gserviceaccount.com","availableMemory":"256Mi","allTrafficOnLatestRevision":true,"revision":"deleteuser-00005-hoj","maxInstanceRequestConcurrency":80,"availableCpu":"1"},"state":"ACTIVE","labels":{"deployment-tool":"cli-firebase","deployment-callable":"true","firebase-functions-hash":"3e69db12fecee57a4134980ad661d1e5d22d9f32"},"environment":"GEN_2","url":"https://us-central1-crmdoceria-9959e.cloudfunctions.net/deleteUser","satisfiesPzi":true},"stages":[{"name":"BUILD","message":"Build in progress","state":"IN_PROGRESS","resource":"projects/389481198252/locations/us-central1/builds/ecf9631a-17bb-469c-98a6-ae1077ba8880","resourceUri":"https://console.cloud.google.com/cloud-build/builds;region=us-central1/ecf9631a-17bb-469c-98a6-ae1077ba8880?project=389481198252"},{"name":"SERVICE","state":"NOT_STARTED"}],"operationType":"UPDATE_FUNCTION","buildName":"projects/389481198252/locations/us-central1/builds/ecf9631a-17bb-469c-98a6-ae1077ba8880"},"done":false}
[debug] [2025-10-28T02:12:53.384Z] <<< [apiv2][status] GET https://cloudfunctions.googleapis.com/v2/projects/crmdoceria-9959e/locations/us-central1/operations/operation-1761617568268-6422e8d6301b6-ba73ba3c-ea79e894 200
[debug] [2025-10-28T02:12:53.384Z] <<< [apiv2][body] GET https://cloudfunctions.googleapis.com/v2/projects/crmdoceria-9959e/locations/us-central1/operations/operation-1761617568268-6422e8d6301b6-ba73ba3c-ea79e894 {"name":"projects/crmdoceria-9959e/locations/us-central1/operations/operation-1761617568268-6422e8d6301b6-ba73ba3c-ea79e894","metadata":{"@type":"type.googleapis.com/google.cloud.functions.v2.OperationMetadata","createTime":"2025-10-28T02:12:49.083803961Z","target":"projects/crmdoceria-9959e/locations/us-central1/functions/updateUserPassword","verb":"update","cancelRequested":false,"apiVersion":"v2","requestResource":{"@type":"type.googleapis.com/google.cloud.functions.v2.Function","name":"projects/crmdoceria-9959e/locations/us-central1/functions/updateUserPassword","buildConfig":{"runtime":"nodejs20","entryPoint":"updateUserPassword","source":{"storageSource":{"bucket":"gcf-v2-sources-389481198252-us-central1","object":"updateUserPassword/function-source.zip","generation":"1761617569037178"}},"environmentVariables":{"GOOGLE_NODE_RUN_SCRIPTS":""},"dockerRepository":"projects/crmdoceria-9959e/locations/us-central1/repositories/gcf-artifacts","sourceProvenance":{"resolvedStorageSource":{"bucket":"gcf-v2-sources-389481198252-us-central1","object":"updateUserPassword/function-source.zip","generation":"1761604792411875"}},"dockerRegistry":"ARTIFACT_REGISTRY","serviceAccount":"projects/crmdoceria-9959e/serviceAccounts/389481198252-compute@developer.gserviceaccount.com","automaticUpdatePolicy":{}},"serviceConfig":{"service":"projects/crmdoceria-9959e/locations/us-central1/services/updateuserpassword","timeoutSeconds":60,"environmentVariables":{"FIREBASE_CONFIG":"{\"projectId\":\"crmdoceria-9959e\",\"storageBucket\":\"crmdoceria-9959e.firebasestorage.app\"}","GCLOUD_PROJECT":"crmdoceria-9959e","EVENTARC_CLOUD_EVENT_SOURCE":"projects/crmdoceria-9959e/locations/us-central1/services/updateUserPassword","FUNCTION_TARGET":"updateUserPassword","LOG_EXECUTION_ID":"true","FUNCTION_SIGNATURE_TYPE":"http"},"ingressSettings":"ALLOW_ALL","uri":"https://updateuserpassword-6i65vyioiq-uc.a.run.app","serviceAccountEmail":"389481198252-compute@developer.gserviceaccount.com","availableMemory":"256Mi","allTrafficOnLatestRevision":true,"revision":"updateuserpassword-00005-yap","maxInstanceRequestConcurrency":80,"availableCpu":"1"},"state":"ACTIVE","labels":{"deployment-tool":"cli-firebase","deployment-callable":"true","firebase-functions-hash":"3e69db12fecee57a4134980ad661d1e5d22d9f32"},"environment":"GEN_2","url":"https://us-central1-crmdoceria-9959e.cloudfunctions.net/updateUserPassword","satisfiesPzi":true},"stages":[{"name":"BUILD","message":"Build in progress","state":"IN_PROGRESS","resource":"projects/389481198252/locations/us-central1/builds/efd47067-f306-4bb8-afc3-e07eba1dbf29","resourceUri":"https://console.cloud.google.com/cloud-build/builds;region=us-central1/efd47067-f306-4bb8-afc3-e07eba1dbf29?project=389481198252"},{"name":"SERVICE","state":"NOT_STARTED"}],"operationType":"UPDATE_FUNCTION","buildName":"projects/389481198252/locations/us-central1/builds/efd47067-f306-4bb8-afc3-e07eba1dbf29"},"done":false}
[debug] [2025-10-28T02:12:53.578Z] <<< [apiv2][status] GET https://cloudfunctions.googleapis.com/v2/projects/crmdoceria-9959e/locations/us-central1/operations/operation-1761617568271-6422e8d630e3d-946165cb-5bcd63f8 200
[debug] [2025-10-28T02:12:53.578Z] <<< [apiv2][body] GET https://cloudfunctions.googleapis.com/v2/projects/crmdoceria-9959e/locations/us-central1/operations/operation-1761617568271-6422e8d630e3d-946165cb-5bcd63f8 {"name":"projects/crmdoceria-9959e/locations/us-central1/operations/operation-1761617568271-6422e8d630e3d-946165cb-5bcd63f8","metadata":{"@type":"type.googleapis.com/google.cloud.functions.v2.OperationMetadata","createTime":"2025-10-28T02:12:49.137522924Z","target":"projects/crmdoceria-9959e/locations/us-central1/functions/updateUser","verb":"update","cancelRequested":false,"apiVersion":"v2","requestResource":{"@type":"type.googleapis.com/google.cloud.functions.v2.Function","name":"projects/crmdoceria-9959e/locations/us-central1/functions/updateUser","buildConfig":{"runtime":"nodejs20","entryPoint":"updateUser","source":{"storageSource":{"bucket":"gcf-v2-sources-389481198252-us-central1","object":"updateUser/function-source.zip","generation":"1761617569087809"}},"environmentVariables":{"GOOGLE_NODE_RUN_SCRIPTS":""},"dockerRepository":"projects/crmdoceria-9959e/locations/us-central1/repositories/gcf-artifacts","sourceProvenance":{"resolvedStorageSource":{"bucket":"gcf-v2-sources-389481198252-us-central1","object":"updateUser/function-source.zip","generation":"1761604792453501"}},"dockerRegistry":"ARTIFACT_REGISTRY","serviceAccount":"projects/crmdoceria-9959e/serviceAccounts/389481198252-compute@developer.gserviceaccount.com","automaticUpdatePolicy":{}},"serviceConfig":{"service":"projects/crmdoceria-9959e/locations/us-central1/services/updateuser","timeoutSeconds":60,"environmentVariables":{"FIREBASE_CONFIG":"{\"projectId\":\"crmdoceria-9959e\",\"storageBucket\":\"crmdoceria-9959e.firebasestorage.app\"}","GCLOUD_PROJECT":"crmdoceria-9959e","EVENTARC_CLOUD_EVENT_SOURCE":"projects/crmdoceria-9959e/locations/us-central1/services/updateUser","FUNCTION_TARGET":"updateUser","LOG_EXECUTION_ID":"true","FUNCTION_SIGNATURE_TYPE":"http"},"ingressSettings":"ALLOW_ALL","uri":"https://updateuser-6i65vyioiq-uc.a.run.app","serviceAccountEmail":"389481198252-compute@developer.gserviceaccount.com","availableMemory":"256Mi","allTrafficOnLatestRevision":true,"revision":"updateuser-00005-ruq","maxInstanceRequestConcurrency":80,"availableCpu":"1"},"state":"ACTIVE","labels":{"deployment-tool":"cli-firebase","deployment-callable":"true","firebase-functions-hash":"3e69db12fecee57a4134980ad661d1e5d22d9f32"},"environment":"GEN_2","url":"https://us-central1-crmdoceria-9959e.cloudfunctions.net/updateUser","satisfiesPzi":true},"stages":[{"name":"BUILD","message":"Build in progress","state":"IN_PROGRESS","resource":"projects/389481198252/locations/us-central1/builds/a8f9bca5-4437-46c1-b31a-e98c7f8e2080","resourceUri":"https://console.cloud.google.com/cloud-build/builds;region=us-central1/a8f9bca5-4437-46c1-b31a-e98c7f8e2080?project=389481198252"},{"name":"SERVICE","state":"NOT_STARTED"}],"operationType":"UPDATE_FUNCTION","buildName":"projects/389481198252/locations/us-central1/builds/a8f9bca5-4437-46c1-b31a-e98c7f8e2080"},"done":false}
[debug] [2025-10-28T02:12:55.312Z] [update-default-us-central1-createUser] Retrying task index 0
[debug] [2025-10-28T02:12:55.313Z] Checked if tokens are valid: true, expires at: 1761621106407
[debug] [2025-10-28T02:12:55.313Z] Checked if tokens are valid: true, expires at: 1761621106407
[debug] [2025-10-28T02:12:55.313Z] >>> [apiv2][query] GET https://cloudfunctions.googleapis.com/v2/projects/crmdoceria-9959e/locations/us-central1/operations/operation-1761617568239-6422e8d628e94-6c18cc95-9cff9920 [none]
[debug] [2025-10-28T02:12:55.343Z] [update-default-us-central1-api] Retrying task index 0
[debug] [2025-10-28T02:12:55.344Z] Checked if tokens are valid: true, expires at: 1761621106407
[debug] [2025-10-28T02:12:55.344Z] Checked if tokens are valid: true, expires at: 1761621106407
[debug] [2025-10-28T02:12:55.344Z] >>> [apiv2][query] GET https://cloudfunctions.googleapis.com/v2/projects/crmdoceria-9959e/locations/us-central1/operations/operation-1761617568167-6422e8d61783d-1b783a05-7c42065d [none]
[debug] [2025-10-28T02:12:55.345Z] [update-default-us-central1-listAllUsers] Retrying task index 0
[debug] [2025-10-28T02:12:55.345Z] Checked if tokens are valid: true, expires at: 1761621106407
[debug] [2025-10-28T02:12:55.345Z] Checked if tokens are valid: true, expires at: 1761621106407
[debug] [2025-10-28T02:12:55.345Z] >>> [apiv2][query] GET https://cloudfunctions.googleapis.com/v2/projects/crmdoceria-9959e/locations/us-central1/operations/operation-1761617568266-6422e8d62f87f-49a35ca9-50960aac [none]
[debug] [2025-10-28T02:12:55.345Z] [update-default-us-central1-deleteUser] Retrying task index 0
[debug] [2025-10-28T02:12:55.345Z] Checked if tokens are valid: true, expires at: 1761621106407
[debug] [2025-10-28T02:12:55.345Z] Checked if tokens are valid: true, expires at: 1761621106407
[debug] [2025-10-28T02:12:55.345Z] >>> [apiv2][query] GET https://cloudfunctions.googleapis.com/v2/projects/crmdoceria-9959e/locations/us-central1/operations/operation-1761617568270-6422e8d630a3a-1985be96-78d90479 [none]
[debug] [2025-10-28T02:12:55.390Z] [update-default-us-central1-updateUserPassword] Retrying task index 0
[debug] [2025-10-28T02:12:55.390Z] Checked if tokens are valid: true, expires at: 1761621106407
[debug] [2025-10-28T02:12:55.391Z] Checked if tokens are valid: true, expires at: 1761621106407
[debug] [2025-10-28T02:12:55.391Z] >>> [apiv2][query] GET https://cloudfunctions.googleapis.com/v2/projects/crmdoceria-9959e/locations/us-central1/operations/operation-1761617568268-6422e8d6301b6-ba73ba3c-ea79e894 [none]
[debug] [2025-10-28T02:12:55.589Z] [update-default-us-central1-updateUser] Retrying task index 0
[debug] [2025-10-28T02:12:55.590Z] Checked if tokens are valid: true, expires at: 1761621106407
[debug] [2025-10-28T02:12:55.590Z] Checked if tokens are valid: true, expires at: 1761621106407
[debug] [2025-10-28T02:12:55.590Z] >>> [apiv2][query] GET https://cloudfunctions.googleapis.com/v2/projects/crmdoceria-9959e/locations/us-central1/operations/operation-1761617568271-6422e8d630e3d-946165cb-5bcd63f8 [none]
[debug] [2025-10-28T02:12:56.194Z] <<< [apiv2][status] GET https://cloudfunctions.googleapis.com/v2/projects/crmdoceria-9959e/locations/us-central1/operations/operation-1761617568239-6422e8d628e94-6c18cc95-9cff9920 200
[debug] [2025-10-28T02:12:56.194Z] <<< [apiv2][body] GET https://cloudfunctions.googleapis.com/v2/projects/crmdoceria-9959e/locations/us-central1/operations/operation-1761617568239-6422e8d628e94-6c18cc95-9cff9920 {"name":"projects/crmdoceria-9959e/locations/us-central1/operations/operation-1761617568239-6422e8d628e94-6c18cc95-9cff9920","metadata":{"@type":"type.googleapis.com/google.cloud.functions.v2.OperationMetadata","createTime":"2025-10-28T02:12:49.083981340Z","target":"projects/crmdoceria-9959e/locations/us-central1/functions/createUser","verb":"update","cancelRequested":false,"apiVersion":"v2","requestResource":{"@type":"type.googleapis.com/google.cloud.functions.v2.Function","name":"projects/crmdoceria-9959e/locations/us-central1/functions/createUser","buildConfig":{"runtime":"nodejs20","entryPoint":"createUser","source":{"storageSource":{"bucket":"gcf-v2-sources-389481198252-us-central1","object":"createUser/function-source.zip","generation":"1761617569029450"}},"environmentVariables":{"GOOGLE_NODE_RUN_SCRIPTS":""},"dockerRepository":"projects/crmdoceria-9959e/locations/us-central1/repositories/gcf-artifacts","sourceProvenance":{"resolvedStorageSource":{"bucket":"gcf-v2-sources-389481198252-us-central1","object":"createUser/function-source.zip","generation":"1761604792409765"}},"dockerRegistry":"ARTIFACT_REGISTRY","serviceAccount":"projects/crmdoceria-9959e/serviceAccounts/389481198252-compute@developer.gserviceaccount.com","automaticUpdatePolicy":{}},"serviceConfig":{"service":"projects/crmdoceria-9959e/locations/us-central1/services/createuser","timeoutSeconds":60,"environmentVariables":{"FIREBASE_CONFIG":"{\"projectId\":\"crmdoceria-9959e\",\"storageBucket\":\"crmdoceria-9959e.firebasestorage.app\"}","GCLOUD_PROJECT":"crmdoceria-9959e","EVENTARC_CLOUD_EVENT_SOURCE":"projects/crmdoceria-9959e/locations/us-central1/services/createUser","FUNCTION_TARGET":"createUser","LOG_EXECUTION_ID":"true","FUNCTION_SIGNATURE_TYPE":"http"},"ingressSettings":"ALLOW_ALL","uri":"https://createuser-6i65vyioiq-uc.a.run.app","serviceAccountEmail":"389481198252-compute@developer.gserviceaccount.com","availableMemory":"256Mi","allTrafficOnLatestRevision":true,"revision":"createuser-00005-duk","maxInstanceRequestConcurrency":80,"availableCpu":"1"},"state":"ACTIVE","labels":{"deployment-tool":"cli-firebase","deployment-callable":"true","firebase-functions-hash":"3e69db12fecee57a4134980ad661d1e5d22d9f32"},"environment":"GEN_2","url":"https://us-central1-crmdoceria-9959e.cloudfunctions.net/createUser","satisfiesPzi":true},"stages":[{"name":"BUILD","message":"Build in progress","state":"IN_PROGRESS","resource":"projects/389481198252/locations/us-central1/builds/afab1a45-267d-4af0-b282-7628ffc390f1","resourceUri":"https://console.cloud.google.com/cloud-build/builds;region=us-central1/afab1a45-267d-4af0-b282-7628ffc390f1?project=389481198252"},{"name":"SERVICE","state":"NOT_STARTED"}],"operationType":"UPDATE_FUNCTION","buildName":"projects/389481198252/locations/us-central1/builds/afab1a45-267d-4af0-b282-7628ffc390f1"},"done":false}
[debug] [2025-10-28T02:12:56.268Z] <<< [apiv2][status] GET https://cloudfunctions.googleapis.com/v2/projects/crmdoceria-9959e/locations/us-central1/operations/operation-1761617568266-6422e8d62f87f-49a35ca9-50960aac 200
[debug] [2025-10-28T02:12:56.268Z] <<< [apiv2][body] GET https://cloudfunctions.googleapis.com/v2/projects/crmdoceria-9959e/locations/us-central1/operations/operation-1761617568266-6422e8d62f87f-49a35ca9-50960aac {"name":"projects/crmdoceria-9959e/locations/us-central1/operations/operation-1761617568266-6422e8d62f87f-49a35ca9-50960aac","metadata":{"@type":"type.googleapis.com/google.cloud.functions.v2.OperationMetadata","createTime":"2025-10-28T02:12:49.123494922Z","target":"projects/crmdoceria-9959e/locations/us-central1/functions/listAllUsers","verb":"update","cancelRequested":false,"apiVersion":"v2","requestResource":{"@type":"type.googleapis.com/google.cloud.functions.v2.Function","name":"projects/crmdoceria-9959e/locations/us-central1/functions/listAllUsers","buildConfig":{"runtime":"nodejs20","entryPoint":"listAllUsers","source":{"storageSource":{"bucket":"gcf-v2-sources-389481198252-us-central1","object":"listAllUsers/function-source.zip","generation":"1761617569074115"}},"environmentVariables":{"GOOGLE_NODE_RUN_SCRIPTS":""},"dockerRepository":"projects/crmdoceria-9959e/locations/us-central1/repositories/gcf-artifacts","sourceProvenance":{"resolvedStorageSource":{"bucket":"gcf-v2-sources-389481198252-us-central1","object":"listAllUsers/function-source.zip","generation":"1761604792409134"}},"dockerRegistry":"ARTIFACT_REGISTRY","serviceAccount":"projects/crmdoceria-9959e/serviceAccounts/389481198252-compute@developer.gserviceaccount.com","automaticUpdatePolicy":{}},"serviceConfig":{"service":"projects/crmdoceria-9959e/locations/us-central1/services/listallusers","timeoutSeconds":60,"environmentVariables":{"FIREBASE_CONFIG":"{\"projectId\":\"crmdoceria-9959e\",\"storageBucket\":\"crmdoceria-9959e.firebasestorage.app\"}","GCLOUD_PROJECT":"crmdoceria-9959e","EVENTARC_CLOUD_EVENT_SOURCE":"projects/crmdoceria-9959e/locations/us-central1/services/listAllUsers","FUNCTION_TARGET":"listAllUsers","LOG_EXECUTION_ID":"true","FUNCTION_SIGNATURE_TYPE":"http"},"ingressSettings":"ALLOW_ALL","uri":"https://listallusers-6i65vyioiq-uc.a.run.app","serviceAccountEmail":"389481198252-compute@developer.gserviceaccount.com","availableMemory":"256Mi","allTrafficOnLatestRevision":true,"revision":"listallusers-00005-hap","maxInstanceRequestConcurrency":80,"availableCpu":"1"},"state":"ACTIVE","labels":{"deployment-tool":"cli-firebase","deployment-callable":"true","firebase-functions-hash":"3e69db12fecee57a4134980ad661d1e5d22d9f32"},"environment":"GEN_2","url":"https://us-central1-crmdoceria-9959e.cloudfunctions.net/listAllUsers","satisfiesPzi":true},"stages":[{"name":"BUILD","message":"Build in progress","state":"IN_PROGRESS","resource":"projects/389481198252/locations/us-central1/builds/609ef905-5301-466f-ae14-d28dc5132817","resourceUri":"https://console.cloud.google.com/cloud-build/builds;region=us-central1/609ef905-5301-466f-ae14-d28dc5132817?project=389481198252"},{"name":"SERVICE","state":"NOT_STARTED"}],"operationType":"UPDATE_FUNCTION","buildName":"projects/389481198252/locations/us-central1/builds/609ef905-5301-466f-ae14-d28dc5132817"},"done":false}
[debug] [2025-10-28T02:12:56.289Z] <<< [apiv2][status] GET https://cloudfunctions.googleapis.com/v2/projects/crmdoceria-9959e/locations/us-central1/operations/operation-1761617568270-6422e8d630a3a-1985be96-78d90479 200
[debug] [2025-10-28T02:12:56.289Z] <<< [apiv2][body] GET https://cloudfunctions.googleapis.com/v2/projects/crmdoceria-9959e/locations/us-central1/operations/operation-1761617568270-6422e8d630a3a-1985be96-78d90479 {"name":"projects/crmdoceria-9959e/locations/us-central1/operations/operation-1761617568270-6422e8d630a3a-1985be96-78d90479","metadata":{"@type":"type.googleapis.com/google.cloud.functions.v2.OperationMetadata","createTime":"2025-10-28T02:12:49.169162186Z","target":"projects/crmdoceria-9959e/locations/us-central1/functions/deleteUser","verb":"update","cancelRequested":false,"apiVersion":"v2","requestResource":{"@type":"type.googleapis.com/google.cloud.functions.v2.Function","name":"projects/crmdoceria-9959e/locations/us-central1/functions/deleteUser","buildConfig":{"runtime":"nodejs20","entryPoint":"deleteUser","source":{"storageSource":{"bucket":"gcf-v2-sources-389481198252-us-central1","object":"deleteUser/function-source.zip","generation":"1761617569096032"}},"environmentVariables":{"GOOGLE_NODE_RUN_SCRIPTS":""},"dockerRepository":"projects/crmdoceria-9959e/locations/us-central1/repositories/gcf-artifacts","sourceProvenance":{"resolvedStorageSource":{"bucket":"gcf-v2-sources-389481198252-us-central1","object":"deleteUser/function-source.zip","generation":"1761604792413414"}},"dockerRegistry":"ARTIFACT_REGISTRY","serviceAccount":"projects/crmdoceria-9959e/serviceAccounts/389481198252-compute@developer.gserviceaccount.com","automaticUpdatePolicy":{}},"serviceConfig":{"service":"projects/crmdoceria-9959e/locations/us-central1/services/deleteuser","timeoutSeconds":60,"environmentVariables":{"FIREBASE_CONFIG":"{\"projectId\":\"crmdoceria-9959e\",\"storageBucket\":\"crmdoceria-9959e.firebasestorage.app\"}","GCLOUD_PROJECT":"crmdoceria-9959e","EVENTARC_CLOUD_EVENT_SOURCE":"projects/crmdoceria-9959e/locations/us-central1/services/deleteUser","FUNCTION_TARGET":"deleteUser","LOG_EXECUTION_ID":"true","FUNCTION_SIGNATURE_TYPE":"http"},"ingressSettings":"ALLOW_ALL","uri":"https://deleteuser-6i65vyioiq-uc.a.run.app","serviceAccountEmail":"389481198252-compute@developer.gserviceaccount.com","availableMemory":"256Mi","allTrafficOnLatestRevision":true,"revision":"deleteuser-00005-hoj","maxInstanceRequestConcurrency":80,"availableCpu":"1"},"state":"ACTIVE","labels":{"deployment-tool":"cli-firebase","deployment-callable":"true","firebase-functions-hash":"3e69db12fecee57a4134980ad661d1e5d22d9f32"},"environment":"GEN_2","url":"https://us-central1-crmdoceria-9959e.cloudfunctions.net/deleteUser","satisfiesPzi":true},"stages":[{"name":"BUILD","message":"Build in progress","state":"IN_PROGRESS","resource":"projects/389481198252/locations/us-central1/builds/ecf9631a-17bb-469c-98a6-ae1077ba8880","resourceUri":"https://console.cloud.google.com/cloud-build/builds;region=us-central1/ecf9631a-17bb-469c-98a6-ae1077ba8880?project=389481198252"},{"name":"SERVICE","state":"NOT_STARTED"}],"operationType":"UPDATE_FUNCTION","buildName":"projects/389481198252/locations/us-central1/builds/ecf9631a-17bb-469c-98a6-ae1077ba8880"},"done":false}
[debug] [2025-10-28T02:12:56.322Z] <<< [apiv2][status] GET https://cloudfunctions.googleapis.com/v2/projects/crmdoceria-9959e/locations/us-central1/operations/operation-1761617568167-6422e8d61783d-1b783a05-7c42065d 200
[debug] [2025-10-28T02:12:56.322Z] <<< [apiv2][body] GET https://cloudfunctions.googleapis.com/v2/projects/crmdoceria-9959e/locations/us-central1/operations/operation-1761617568167-6422e8d61783d-1b783a05-7c42065d {"name":"projects/crmdoceria-9959e/locations/us-central1/operations/operation-1761617568167-6422e8d61783d-1b783a05-7c42065d","metadata":{"@type":"type.googleapis.com/google.cloud.functions.v2.OperationMetadata","createTime":"2025-10-28T02:12:49.113773452Z","target":"projects/crmdoceria-9959e/locations/us-central1/functions/api","verb":"update","cancelRequested":false,"apiVersion":"v2","requestResource":{"@type":"type.googleapis.com/google.cloud.functions.v2.Function","name":"projects/crmdoceria-9959e/locations/us-central1/functions/api","buildConfig":{"runtime":"nodejs20","entryPoint":"api","source":{"storageSource":{"bucket":"gcf-v2-sources-389481198252-us-central1","object":"api/function-source.zip","generation":"1761617569071007"}},"environmentVariables":{"GOOGLE_NODE_RUN_SCRIPTS":""},"dockerRepository":"projects/crmdoceria-9959e/locations/us-central1/repositories/gcf-artifacts","sourceProvenance":{"resolvedStorageSource":{"bucket":"gcf-v2-sources-389481198252-us-central1","object":"api/function-source.zip","generation":"1761604735685410"}},"dockerRegistry":"ARTIFACT_REGISTRY","serviceAccount":"projects/crmdoceria-9959e/serviceAccounts/389481198252-compute@developer.gserviceaccount.com","automaticUpdatePolicy":{}},"serviceConfig":{"service":"projects/crmdoceria-9959e/locations/us-central1/services/api","timeoutSeconds":60,"environmentVariables":{"FIREBASE_CONFIG":"{\"projectId\":\"crmdoceria-9959e\",\"storageBucket\":\"crmdoceria-9959e.firebasestorage.app\"}","GCLOUD_PROJECT":"crmdoceria-9959e","EVENTARC_CLOUD_EVENT_SOURCE":"projects/crmdoceria-9959e/locations/us-central1/services/api","FUNCTION_TARGET":"api","LOG_EXECUTION_ID":"true","FUNCTION_SIGNATURE_TYPE":"http"},"ingressSettings":"ALLOW_ALL","uri":"https://api-6i65vyioiq-uc.a.run.app","serviceAccountEmail":"389481198252-compute@developer.gserviceaccount.com","availableMemory":"256Mi","allTrafficOnLatestRevision":true,"revision":"api-00006-cuq","maxInstanceRequestConcurrency":80,"availableCpu":"1"},"state":"ACTIVE","labels":{"deployment-tool":"cli-firebase","firebase-functions-hash":"3e69db12fecee57a4134980ad661d1e5d22d9f32"},"environment":"GEN_2","url":"https://us-central1-crmdoceria-9959e.cloudfunctions.net/api","satisfiesPzi":true},"stages":[{"name":"BUILD","message":"Build in progress","state":"IN_PROGRESS","resource":"projects/389481198252/locations/us-central1/builds/b0d64fbf-3ccc-4a9c-8748-73cda997d037","resourceUri":"https://console.cloud.google.com/cloud-build/builds;region=us-central1/b0d64fbf-3ccc-4a9c-8748-73cda997d037?project=389481198252"},{"name":"SERVICE","state":"NOT_STARTED"}],"operationType":"UPDATE_FUNCTION","buildName":"projects/389481198252/locations/us-central1/builds/b0d64fbf-3ccc-4a9c-8748-73cda997d037"},"done":false}
[debug] [2025-10-28T02:12:56.408Z] <<< [apiv2][status] GET https://cloudfunctions.googleapis.com/v2/projects/crmdoceria-9959e/locations/us-central1/operations/operation-1761617568271-6422e8d630e3d-946165cb-5bcd63f8 200
[debug] [2025-10-28T02:12:56.408Z] <<< [apiv2][body] GET https://cloudfunctions.googleapis.com/v2/projects/crmdoceria-9959e/locations/us-central1/operations/operation-1761617568271-6422e8d630e3d-946165cb-5bcd63f8 {"name":"projects/crmdoceria-9959e/locations/us-central1/operations/operation-1761617568271-6422e8d630e3d-946165cb-5bcd63f8","metadata":{"@type":"type.googleapis.com/google.cloud.functions.v2.OperationMetadata","createTime":"2025-10-28T02:12:49.137522924Z","target":"projects/crmdoceria-9959e/locations/us-central1/functions/updateUser","verb":"update","cancelRequested":false,"apiVersion":"v2","requestResource":{"@type":"type.googleapis.com/google.cloud.functions.v2.Function","name":"projects/crmdoceria-9959e/locations/us-central1/functions/updateUser","buildConfig":{"runtime":"nodejs20","entryPoint":"updateUser","source":{"storageSource":{"bucket":"gcf-v2-sources-389481198252-us-central1","object":"updateUser/function-source.zip","generation":"1761617569087809"}},"environmentVariables":{"GOOGLE_NODE_RUN_SCRIPTS":""},"dockerRepository":"projects/crmdoceria-9959e/locations/us-central1/repositories/gcf-artifacts","sourceProvenance":{"resolvedStorageSource":{"bucket":"gcf-v2-sources-389481198252-us-central1","object":"updateUser/function-source.zip","generation":"1761604792453501"}},"dockerRegistry":"ARTIFACT_REGISTRY","serviceAccount":"projects/crmdoceria-9959e/serviceAccounts/389481198252-compute@developer.gserviceaccount.com","automaticUpdatePolicy":{}},"serviceConfig":{"service":"projects/crmdoceria-9959e/locations/us-central1/services/updateuser","timeoutSeconds":60,"environmentVariables":{"FIREBASE_CONFIG":"{\"projectId\":\"crmdoceria-9959e\",\"storageBucket\":\"crmdoceria-9959e.firebasestorage.app\"}","GCLOUD_PROJECT":"crmdoceria-9959e","EVENTARC_CLOUD_EVENT_SOURCE":"projects/crmdoceria-9959e/locations/us-central1/services/updateUser","FUNCTION_TARGET":"updateUser","LOG_EXECUTION_ID":"true","FUNCTION_SIGNATURE_TYPE":"http"},"ingressSettings":"ALLOW_ALL","uri":"https://updateuser-6i65vyioiq-uc.a.run.app","serviceAccountEmail":"389481198252-compute@developer.gserviceaccount.com","availableMemory":"256Mi","allTrafficOnLatestRevision":true,"revision":"updateuser-00005-ruq","maxInstanceRequestConcurrency":80,"availableCpu":"1"},"state":"ACTIVE","labels":{"deployment-tool":"cli-firebase","deployment-callable":"true","firebase-functions-hash":"3e69db12fecee57a4134980ad661d1e5d22d9f32"},"environment":"GEN_2","url":"https://us-central1-crmdoceria-9959e.cloudfunctions.net/updateUser","satisfiesPzi":true},"stages":[{"name":"BUILD","message":"Build in progress","state":"IN_PROGRESS","resource":"projects/389481198252/locations/us-central1/builds/a8f9bca5-4437-46c1-b31a-e98c7f8e2080","resourceUri":"https://console.cloud.google.com/cloud-build/builds;region=us-central1/a8f9bca5-4437-46c1-b31a-e98c7f8e2080?project=389481198252"},{"name":"SERVICE","state":"NOT_STARTED"}],"operationType":"UPDATE_FUNCTION","buildName":"projects/389481198252/locations/us-central1/builds/a8f9bca5-4437-46c1-b31a-e98c7f8e2080"},"done":false}
[debug] [2025-10-28T02:12:56.925Z] <<< [apiv2][status] GET https://cloudfunctions.googleapis.com/v2/projects/crmdoceria-9959e/locations/us-central1/operations/operation-1761617568268-6422e8d6301b6-ba73ba3c-ea79e894 200
[debug] [2025-10-28T02:12:56.925Z] <<< [apiv2][body] GET https://cloudfunctions.googleapis.com/v2/projects/crmdoceria-9959e/locations/us-central1/operations/operation-1761617568268-6422e8d6301b6-ba73ba3c-ea79e894 {"name":"projects/crmdoceria-9959e/locations/us-central1/operations/operation-1761617568268-6422e8d6301b6-ba73ba3c-ea79e894","metadata":{"@type":"type.googleapis.com/google.cloud.functions.v2.OperationMetadata","createTime":"2025-10-28T02:12:49.083803961Z","target":"projects/crmdoceria-9959e/locations/us-central1/functions/updateUserPassword","verb":"update","cancelRequested":false,"apiVersion":"v2","requestResource":{"@type":"type.googleapis.com/google.cloud.functions.v2.Function","name":"projects/crmdoceria-9959e/locations/us-central1/functions/updateUserPassword","buildConfig":{"runtime":"nodejs20","entryPoint":"updateUserPassword","source":{"storageSource":{"bucket":"gcf-v2-sources-389481198252-us-central1","object":"updateUserPassword/function-source.zip","generation":"1761617569037178"}},"environmentVariables":{"GOOGLE_NODE_RUN_SCRIPTS":""},"dockerRepository":"projects/crmdoceria-9959e/locations/us-central1/repositories/gcf-artifacts","sourceProvenance":{"resolvedStorageSource":{"bucket":"gcf-v2-sources-389481198252-us-central1","object":"updateUserPassword/function-source.zip","generation":"1761604792411875"}},"dockerRegistry":"ARTIFACT_REGISTRY","serviceAccount":"projects/crmdoceria-9959e/serviceAccounts/389481198252-compute@developer.gserviceaccount.com","automaticUpdatePolicy":{}},"serviceConfig":{"service":"projects/crmdoceria-9959e/locations/us-central1/services/updateuserpassword","timeoutSeconds":60,"environmentVariables":{"FIREBASE_CONFIG":"{\"projectId\":\"crmdoceria-9959e\",\"storageBucket\":\"crmdoceria-9959e.firebasestorage.app\"}","GCLOUD_PROJECT":"crmdoceria-9959e","EVENTARC_CLOUD_EVENT_SOURCE":"projects/crmdoceria-9959e/locations/us-central1/services/updateUserPassword","FUNCTION_TARGET":"updateUserPassword","LOG_EXECUTION_ID":"true","FUNCTION_SIGNATURE_TYPE":"http"},"ingressSettings":"ALLOW_ALL","uri":"https://updateuserpassword-6i65vyioiq-uc.a.run.app","serviceAccountEmail":"389481198252-compute@developer.gserviceaccount.com","availableMemory":"256Mi","allTrafficOnLatestRevision":true,"revision":"updateuserpassword-00005-yap","maxInstanceRequestConcurrency":80,"availableCpu":"1"},"state":"ACTIVE","labels":{"deployment-tool":"cli-firebase","deployment-callable":"true","firebase-functions-hash":"3e69db12fecee57a4134980ad661d1e5d22d9f32"},"environment":"GEN_2","url":"https://us-central1-crmdoceria-9959e.cloudfunctions.net/updateUserPassword","satisfiesPzi":true},"stages":[{"name":"BUILD","message":"Build in progress","state":"IN_PROGRESS","resource":"projects/389481198252/locations/us-central1/builds/efd47067-f306-4bb8-afc3-e07eba1dbf29","resourceUri":"https://console.cloud.google.com/cloud-build/builds;region=us-central1/efd47067-f306-4bb8-afc3-e07eba1dbf29?project=389481198252"},{"name":"SERVICE","state":"NOT_STARTED"}],"operationType":"UPDATE_FUNCTION","buildName":"projects/389481198252/locations/us-central1/builds/efd47067-f306-4bb8-afc3-e07eba1dbf29"},"done":false}
[debug] [2025-10-28T02:13:00.206Z] [update-default-us-central1-createUser] Retrying task index 0
[debug] [2025-10-28T02:13:00.207Z] Checked if tokens are valid: true, expires at: 1761621106407
[debug] [2025-10-28T02:13:00.207Z] Checked if tokens are valid: true, expires at: 1761621106407
[debug] [2025-10-28T02:13:00.207Z] >>> [apiv2][query] GET https://cloudfunctions.googleapis.com/v2/projects/crmdoceria-9959e/locations/us-central1/operations/operation-1761617568239-6422e8d628e94-6c18cc95-9cff9920 [none]
[debug] [2025-10-28T02:13:00.269Z] [update-default-us-central1-listAllUsers] Retrying task index 0
[debug] [2025-10-28T02:13:00.270Z] Checked if tokens are valid: true, expires at: 1761621106407
[debug] [2025-10-28T02:13:00.270Z] Checked if tokens are valid: true, expires at: 1761621106407
[debug] [2025-10-28T02:13:00.270Z] >>> [apiv2][query] GET https://cloudfunctions.googleapis.com/v2/projects/crmdoceria-9959e/locations/us-central1/operations/operation-1761617568266-6422e8d62f87f-49a35ca9-50960aac [none]
[debug] [2025-10-28T02:13:00.300Z] [update-default-us-central1-deleteUser] Retrying task index 0
[debug] [2025-10-28T02:13:00.300Z] Checked if tokens are valid: true, expires at: 1761621106407
[debug] [2025-10-28T02:13:00.301Z] Checked if tokens are valid: true, expires at: 1761621106407
[debug] [2025-10-28T02:13:00.301Z] >>> [apiv2][query] GET https://cloudfunctions.googleapis.com/v2/projects/crmdoceria-9959e/locations/us-central1/operations/operation-1761617568270-6422e8d630a3a-1985be96-78d90479 [none]
[debug] [2025-10-28T02:13:00.331Z] [update-default-us-central1-api] Retrying task index 0
[debug] [2025-10-28T02:13:00.331Z] Checked if tokens are valid: true, expires at: 1761621106407
[debug] [2025-10-28T02:13:00.331Z] Checked if tokens are valid: true, expires at: 1761621106407
[debug] [2025-10-28T02:13:00.331Z] >>> [apiv2][query] GET https://cloudfunctions.googleapis.com/v2/projects/crmdoceria-9959e/locations/us-central1/operations/operation-1761617568167-6422e8d61783d-1b783a05-7c42065d [none]
[debug] [2025-10-28T02:13:00.423Z] [update-default-us-central1-updateUser] Retrying task index 0
[debug] [2025-10-28T02:13:00.423Z] Checked if tokens are valid: true, expires at: 1761621106407
[debug] [2025-10-28T02:13:00.423Z] Checked if tokens are valid: true, expires at: 1761621106407
[debug] [2025-10-28T02:13:00.423Z] >>> [apiv2][query] GET https://cloudfunctions.googleapis.com/v2/projects/crmdoceria-9959e/locations/us-central1/operations/operation-1761617568271-6422e8d630e3d-946165cb-5bcd63f8 [none]
[debug] [2025-10-28T02:13:00.937Z] [update-default-us-central1-updateUserPassword] Retrying task index 0
[debug] [2025-10-28T02:13:00.937Z] Checked if tokens are valid: true, expires at: 1761621106407
[debug] [2025-10-28T02:13:00.937Z] Checked if tokens are valid: true, expires at: 1761621106407
[debug] [2025-10-28T02:13:00.937Z] >>> [apiv2][query] GET https://cloudfunctions.googleapis.com/v2/projects/crmdoceria-9959e/locations/us-central1/operations/operation-1761617568268-6422e8d6301b6-ba73ba3c-ea79e894 [none]
[debug] [2025-10-28T02:13:01.114Z] <<< [apiv2][status] GET https://cloudfunctions.googleapis.com/v2/projects/crmdoceria-9959e/locations/us-central1/operations/operation-1761617568239-6422e8d628e94-6c18cc95-9cff9920 200
[debug] [2025-10-28T02:13:01.114Z] <<< [apiv2][body] GET https://cloudfunctions.googleapis.com/v2/projects/crmdoceria-9959e/locations/us-central1/operations/operation-1761617568239-6422e8d628e94-6c18cc95-9cff9920 {"name":"projects/crmdoceria-9959e/locations/us-central1/operations/operation-1761617568239-6422e8d628e94-6c18cc95-9cff9920","metadata":{"@type":"type.googleapis.com/google.cloud.functions.v2.OperationMetadata","createTime":"2025-10-28T02:12:49.083981340Z","target":"projects/crmdoceria-9959e/locations/us-central1/functions/createUser","verb":"update","cancelRequested":false,"apiVersion":"v2","requestResource":{"@type":"type.googleapis.com/google.cloud.functions.v2.Function","name":"projects/crmdoceria-9959e/locations/us-central1/functions/createUser","buildConfig":{"runtime":"nodejs20","entryPoint":"createUser","source":{"storageSource":{"bucket":"gcf-v2-sources-389481198252-us-central1","object":"createUser/function-source.zip","generation":"1761617569029450"}},"environmentVariables":{"GOOGLE_NODE_RUN_SCRIPTS":""},"dockerRepository":"projects/crmdoceria-9959e/locations/us-central1/repositories/gcf-artifacts","sourceProvenance":{"resolvedStorageSource":{"bucket":"gcf-v2-sources-389481198252-us-central1","object":"createUser/function-source.zip","generation":"1761604792409765"}},"dockerRegistry":"ARTIFACT_REGISTRY","serviceAccount":"projects/crmdoceria-9959e/serviceAccounts/389481198252-compute@developer.gserviceaccount.com","automaticUpdatePolicy":{}},"serviceConfig":{"service":"projects/crmdoceria-9959e/locations/us-central1/services/createuser","timeoutSeconds":60,"environmentVariables":{"FIREBASE_CONFIG":"{\"projectId\":\"crmdoceria-9959e\",\"storageBucket\":\"crmdoceria-9959e.firebasestorage.app\"}","GCLOUD_PROJECT":"crmdoceria-9959e","EVENTARC_CLOUD_EVENT_SOURCE":"projects/crmdoceria-9959e/locations/us-central1/services/createUser","FUNCTION_TARGET":"createUser","LOG_EXECUTION_ID":"true","FUNCTION_SIGNATURE_TYPE":"http"},"ingressSettings":"ALLOW_ALL","uri":"https://createuser-6i65vyioiq-uc.a.run.app","serviceAccountEmail":"389481198252-compute@developer.gserviceaccount.com","availableMemory":"256Mi","allTrafficOnLatestRevision":true,"revision":"createuser-00005-duk","maxInstanceRequestConcurrency":80,"availableCpu":"1"},"state":"ACTIVE","labels":{"deployment-tool":"cli-firebase","deployment-callable":"true","firebase-functions-hash":"3e69db12fecee57a4134980ad661d1e5d22d9f32"},"environment":"GEN_2","url":"https://us-central1-crmdoceria-9959e.cloudfunctions.net/createUser","satisfiesPzi":true},"stages":[{"name":"BUILD","message":"Build in progress","state":"IN_PROGRESS","resource":"projects/389481198252/locations/us-central1/builds/afab1a45-267d-4af0-b282-7628ffc390f1","resourceUri":"https://console.cloud.google.com/cloud-build/builds;region=us-central1/afab1a45-267d-4af0-b282-7628ffc390f1?project=389481198252"},{"name":"SERVICE","state":"NOT_STARTED"}],"operationType":"UPDATE_FUNCTION","buildName":"projects/389481198252/locations/us-central1/builds/afab1a45-267d-4af0-b282-7628ffc390f1"},"done":false}
[debug] [2025-10-28T02:13:01.161Z] <<< [apiv2][status] GET https://cloudfunctions.googleapis.com/v2/projects/crmdoceria-9959e/locations/us-central1/operations/operation-1761617568266-6422e8d62f87f-49a35ca9-50960aac 200
[debug] [2025-10-28T02:13:01.161Z] <<< [apiv2][body] GET https://cloudfunctions.googleapis.com/v2/projects/crmdoceria-9959e/locations/us-central1/operations/operation-1761617568266-6422e8d62f87f-49a35ca9-50960aac {"name":"projects/crmdoceria-9959e/locations/us-central1/operations/operation-1761617568266-6422e8d62f87f-49a35ca9-50960aac","metadata":{"@type":"type.googleapis.com/google.cloud.functions.v2.OperationMetadata","createTime":"2025-10-28T02:12:49.123494922Z","target":"projects/crmdoceria-9959e/locations/us-central1/functions/listAllUsers","verb":"update","cancelRequested":false,"apiVersion":"v2","requestResource":{"@type":"type.googleapis.com/google.cloud.functions.v2.Function","name":"projects/crmdoceria-9959e/locations/us-central1/functions/listAllUsers","buildConfig":{"runtime":"nodejs20","entryPoint":"listAllUsers","source":{"storageSource":{"bucket":"gcf-v2-sources-389481198252-us-central1","object":"listAllUsers/function-source.zip","generation":"1761617569074115"}},"environmentVariables":{"GOOGLE_NODE_RUN_SCRIPTS":""},"dockerRepository":"projects/crmdoceria-9959e/locations/us-central1/repositories/gcf-artifacts","sourceProvenance":{"resolvedStorageSource":{"bucket":"gcf-v2-sources-389481198252-us-central1","object":"listAllUsers/function-source.zip","generation":"1761604792409134"}},"dockerRegistry":"ARTIFACT_REGISTRY","serviceAccount":"projects/crmdoceria-9959e/serviceAccounts/389481198252-compute@developer.gserviceaccount.com","automaticUpdatePolicy":{}},"serviceConfig":{"service":"projects/crmdoceria-9959e/locations/us-central1/services/listallusers","timeoutSeconds":60,"environmentVariables":{"FIREBASE_CONFIG":"{\"projectId\":\"crmdoceria-9959e\",\"storageBucket\":\"crmdoceria-9959e.firebasestorage.app\"}","GCLOUD_PROJECT":"crmdoceria-9959e","EVENTARC_CLOUD_EVENT_SOURCE":"projects/crmdoceria-9959e/locations/us-central1/services/listAllUsers","FUNCTION_TARGET":"listAllUsers","LOG_EXECUTION_ID":"true","FUNCTION_SIGNATURE_TYPE":"http"},"ingressSettings":"ALLOW_ALL","uri":"https://listallusers-6i65vyioiq-uc.a.run.app","serviceAccountEmail":"389481198252-compute@developer.gserviceaccount.com","availableMemory":"256Mi","allTrafficOnLatestRevision":true,"revision":"listallusers-00005-hap","maxInstanceRequestConcurrency":80,"availableCpu":"1"},"state":"ACTIVE","labels":{"deployment-tool":"cli-firebase","deployment-callable":"true","firebase-functions-hash":"3e69db12fecee57a4134980ad661d1e5d22d9f32"},"environment":"GEN_2","url":"https://us-central1-crmdoceria-9959e.cloudfunctions.net/listAllUsers","satisfiesPzi":true},"stages":[{"name":"BUILD","message":"Build in progress","state":"IN_PROGRESS","resource":"projects/389481198252/locations/us-central1/builds/609ef905-5301-466f-ae14-d28dc5132817","resourceUri":"https://console.cloud.google.com/cloud-build/builds;region=us-central1/609ef905-5301-466f-ae14-d28dc5132817?project=389481198252"},{"name":"SERVICE","state":"NOT_STARTED"}],"operationType":"UPDATE_FUNCTION","buildName":"projects/389481198252/locations/us-central1/builds/609ef905-5301-466f-ae14-d28dc5132817"},"done":false}
[debug] [2025-10-28T02:13:01.229Z] <<< [apiv2][status] GET https://cloudfunctions.googleapis.com/v2/projects/crmdoceria-9959e/locations/us-central1/operations/operation-1761617568270-6422e8d630a3a-1985be96-78d90479 200
[debug] [2025-10-28T02:13:01.229Z] <<< [apiv2][body] GET https://cloudfunctions.googleapis.com/v2/projects/crmdoceria-9959e/locations/us-central1/operations/operation-1761617568270-6422e8d630a3a-1985be96-78d90479 {"name":"projects/crmdoceria-9959e/locations/us-central1/operations/operation-1761617568270-6422e8d630a3a-1985be96-78d90479","metadata":{"@type":"type.googleapis.com/google.cloud.functions.v2.OperationMetadata","createTime":"2025-10-28T02:12:49.169162186Z","target":"projects/crmdoceria-9959e/locations/us-central1/functions/deleteUser","verb":"update","cancelRequested":false,"apiVersion":"v2","requestResource":{"@type":"type.googleapis.com/google.cloud.functions.v2.Function","name":"projects/crmdoceria-9959e/locations/us-central1/functions/deleteUser","buildConfig":{"runtime":"nodejs20","entryPoint":"deleteUser","source":{"storageSource":{"bucket":"gcf-v2-sources-389481198252-us-central1","object":"deleteUser/function-source.zip","generation":"1761617569096032"}},"environmentVariables":{"GOOGLE_NODE_RUN_SCRIPTS":""},"dockerRepository":"projects/crmdoceria-9959e/locations/us-central1/repositories/gcf-artifacts","sourceProvenance":{"resolvedStorageSource":{"bucket":"gcf-v2-sources-389481198252-us-central1","object":"deleteUser/function-source.zip","generation":"1761604792413414"}},"dockerRegistry":"ARTIFACT_REGISTRY","serviceAccount":"projects/crmdoceria-9959e/serviceAccounts/389481198252-compute@developer.gserviceaccount.com","automaticUpdatePolicy":{}},"serviceConfig":{"service":"projects/crmdoceria-9959e/locations/us-central1/services/deleteuser","timeoutSeconds":60,"environmentVariables":{"FIREBASE_CONFIG":"{\"projectId\":\"crmdoceria-9959e\",\"storageBucket\":\"crmdoceria-9959e.firebasestorage.app\"}","GCLOUD_PROJECT":"crmdoceria-9959e","EVENTARC_CLOUD_EVENT_SOURCE":"projects/crmdoceria-9959e/locations/us-central1/services/deleteUser","FUNCTION_TARGET":"deleteUser","LOG_EXECUTION_ID":"true","FUNCTION_SIGNATURE_TYPE":"http"},"ingressSettings":"ALLOW_ALL","uri":"https://deleteuser-6i65vyioiq-uc.a.run.app","serviceAccountEmail":"389481198252-compute@developer.gserviceaccount.com","availableMemory":"256Mi","allTrafficOnLatestRevision":true,"revision":"deleteuser-00005-hoj","maxInstanceRequestConcurrency":80,"availableCpu":"1"},"state":"ACTIVE","labels":{"deployment-tool":"cli-firebase","deployment-callable":"true","firebase-functions-hash":"3e69db12fecee57a4134980ad661d1e5d22d9f32"},"environment":"GEN_2","url":"https://us-central1-crmdoceria-9959e.cloudfunctions.net/deleteUser","satisfiesPzi":true},"stages":[{"name":"BUILD","message":"Build in progress","state":"IN_PROGRESS","resource":"projects/389481198252/locations/us-central1/builds/ecf9631a-17bb-469c-98a6-ae1077ba8880","resourceUri":"https://console.cloud.google.com/cloud-build/builds;region=us-central1/ecf9631a-17bb-469c-98a6-ae1077ba8880?project=389481198252"},{"name":"SERVICE","state":"NOT_STARTED"}],"operationType":"UPDATE_FUNCTION","buildName":"projects/389481198252/locations/us-central1/builds/ecf9631a-17bb-469c-98a6-ae1077ba8880"},"done":false}
[debug] [2025-10-28T02:13:01.296Z] <<< [apiv2][status] GET https://cloudfunctions.googleapis.com/v2/projects/crmdoceria-9959e/locations/us-central1/operations/operation-1761617568167-6422e8d61783d-1b783a05-7c42065d 200
[debug] [2025-10-28T02:13:01.296Z] <<< [apiv2][body] GET https://cloudfunctions.googleapis.com/v2/projects/crmdoceria-9959e/locations/us-central1/operations/operation-1761617568167-6422e8d61783d-1b783a05-7c42065d {"name":"projects/crmdoceria-9959e/locations/us-central1/operations/operation-1761617568167-6422e8d61783d-1b783a05-7c42065d","metadata":{"@type":"type.googleapis.com/google.cloud.functions.v2.OperationMetadata","createTime":"2025-10-28T02:12:49.113773452Z","target":"projects/crmdoceria-9959e/locations/us-central1/functions/api","verb":"update","cancelRequested":false,"apiVersion":"v2","requestResource":{"@type":"type.googleapis.com/google.cloud.functions.v2.Function","name":"projects/crmdoceria-9959e/locations/us-central1/functions/api","buildConfig":{"runtime":"nodejs20","entryPoint":"api","source":{"storageSource":{"bucket":"gcf-v2-sources-389481198252-us-central1","object":"api/function-source.zip","generation":"1761617569071007"}},"environmentVariables":{"GOOGLE_NODE_RUN_SCRIPTS":""},"dockerRepository":"projects/crmdoceria-9959e/locations/us-central1/repositories/gcf-artifacts","sourceProvenance":{"resolvedStorageSource":{"bucket":"gcf-v2-sources-389481198252-us-central1","object":"api/function-source.zip","generation":"1761604735685410"}},"dockerRegistry":"ARTIFACT_REGISTRY","serviceAccount":"projects/crmdoceria-9959e/serviceAccounts/389481198252-compute@developer.gserviceaccount.com","automaticUpdatePolicy":{}},"serviceConfig":{"service":"projects/crmdoceria-9959e/locations/us-central1/services/api","timeoutSeconds":60,"environmentVariables":{"FIREBASE_CONFIG":"{\"projectId\":\"crmdoceria-9959e\",\"storageBucket\":\"crmdoceria-9959e.firebasestorage.app\"}","GCLOUD_PROJECT":"crmdoceria-9959e","EVENTARC_CLOUD_EVENT_SOURCE":"projects/crmdoceria-9959e/locations/us-central1/services/api","FUNCTION_TARGET":"api","LOG_EXECUTION_ID":"true","FUNCTION_SIGNATURE_TYPE":"http"},"ingressSettings":"ALLOW_ALL","uri":"https://api-6i65vyioiq-uc.a.run.app","serviceAccountEmail":"389481198252-compute@developer.gserviceaccount.com","availableMemory":"256Mi","allTrafficOnLatestRevision":true,"revision":"api-00006-cuq","maxInstanceRequestConcurrency":80,"availableCpu":"1"},"state":"ACTIVE","labels":{"deployment-tool":"cli-firebase","firebase-functions-hash":"3e69db12fecee57a4134980ad661d1e5d22d9f32"},"environment":"GEN_2","url":"https://us-central1-crmdoceria-9959e.cloudfunctions.net/api","satisfiesPzi":true},"stages":[{"name":"BUILD","message":"Build in progress","state":"IN_PROGRESS","resource":"projects/389481198252/locations/us-central1/builds/b0d64fbf-3ccc-4a9c-8748-73cda997d037","resourceUri":"https://console.cloud.google.com/cloud-build/builds;region=us-central1/b0d64fbf-3ccc-4a9c-8748-73cda997d037?project=389481198252"},{"name":"SERVICE","state":"NOT_STARTED"}],"operationType":"UPDATE_FUNCTION","buildName":"projects/389481198252/locations/us-central1/builds/b0d64fbf-3ccc-4a9c-8748-73cda997d037"},"done":false}
[debug] [2025-10-28T02:13:01.371Z] <<< [apiv2][status] GET https://cloudfunctions.googleapis.com/v2/projects/crmdoceria-9959e/locations/us-central1/operations/operation-1761617568271-6422e8d630e3d-946165cb-5bcd63f8 200
[debug] [2025-10-28T02:13:01.371Z] <<< [apiv2][body] GET https://cloudfunctions.googleapis.com/v2/projects/crmdoceria-9959e/locations/us-central1/operations/operation-1761617568271-6422e8d630e3d-946165cb-5bcd63f8 {"name":"projects/crmdoceria-9959e/locations/us-central1/operations/operation-1761617568271-6422e8d630e3d-946165cb-5bcd63f8","metadata":{"@type":"type.googleapis.com/google.cloud.functions.v2.OperationMetadata","createTime":"2025-10-28T02:12:49.137522924Z","target":"projects/crmdoceria-9959e/locations/us-central1/functions/updateUser","verb":"update","cancelRequested":false,"apiVersion":"v2","requestResource":{"@type":"type.googleapis.com/google.cloud.functions.v2.Function","name":"projects/crmdoceria-9959e/locations/us-central1/functions/updateUser","buildConfig":{"runtime":"nodejs20","entryPoint":"updateUser","source":{"storageSource":{"bucket":"gcf-v2-sources-389481198252-us-central1","object":"updateUser/function-source.zip","generation":"1761617569087809"}},"environmentVariables":{"GOOGLE_NODE_RUN_SCRIPTS":""},"dockerRepository":"projects/crmdoceria-9959e/locations/us-central1/repositories/gcf-artifacts","sourceProvenance":{"resolvedStorageSource":{"bucket":"gcf-v2-sources-389481198252-us-central1","object":"updateUser/function-source.zip","generation":"1761604792453501"}},"dockerRegistry":"ARTIFACT_REGISTRY","serviceAccount":"projects/crmdoceria-9959e/serviceAccounts/389481198252-compute@developer.gserviceaccount.com","automaticUpdatePolicy":{}},"serviceConfig":{"service":"projects/crmdoceria-9959e/locations/us-central1/services/updateuser","timeoutSeconds":60,"environmentVariables":{"FIREBASE_CONFIG":"{\"projectId\":\"crmdoceria-9959e\",\"storageBucket\":\"crmdoceria-9959e.firebasestorage.app\"}","GCLOUD_PROJECT":"crmdoceria-9959e","EVENTARC_CLOUD_EVENT_SOURCE":"projects/crmdoceria-9959e/locations/us-central1/services/updateUser","FUNCTION_TARGET":"updateUser","LOG_EXECUTION_ID":"true","FUNCTION_SIGNATURE_TYPE":"http"},"ingressSettings":"ALLOW_ALL","uri":"https://updateuser-6i65vyioiq-uc.a.run.app","serviceAccountEmail":"389481198252-compute@developer.gserviceaccount.com","availableMemory":"256Mi","allTrafficOnLatestRevision":true,"revision":"updateuser-00005-ruq","maxInstanceRequestConcurrency":80,"availableCpu":"1"},"state":"ACTIVE","labels":{"deployment-tool":"cli-firebase","deployment-callable":"true","firebase-functions-hash":"3e69db12fecee57a4134980ad661d1e5d22d9f32"},"environment":"GEN_2","url":"https://us-central1-crmdoceria-9959e.cloudfunctions.net/updateUser","satisfiesPzi":true},"stages":[{"name":"BUILD","message":"Build in progress","state":"IN_PROGRESS","resource":"projects/389481198252/locations/us-central1/builds/a8f9bca5-4437-46c1-b31a-e98c7f8e2080","resourceUri":"https://console.cloud.google.com/cloud-build/builds;region=us-central1/a8f9bca5-4437-46c1-b31a-e98c7f8e2080?project=389481198252"},{"name":"SERVICE","state":"NOT_STARTED"}],"operationType":"UPDATE_FUNCTION","buildName":"projects/389481198252/locations/us-central1/builds/a8f9bca5-4437-46c1-b31a-e98c7f8e2080"},"done":false}
[debug] [2025-10-28T02:13:01.980Z] <<< [apiv2][status] GET https://cloudfunctions.googleapis.com/v2/projects/crmdoceria-9959e/locations/us-central1/operations/operation-1761617568268-6422e8d6301b6-ba73ba3c-ea79e894 200
[debug] [2025-10-28T02:13:01.980Z] <<< [apiv2][body] GET https://cloudfunctions.googleapis.com/v2/projects/crmdoceria-9959e/locations/us-central1/operations/operation-1761617568268-6422e8d6301b6-ba73ba3c-ea79e894 {"name":"projects/crmdoceria-9959e/locations/us-central1/operations/operation-1761617568268-6422e8d6301b6-ba73ba3c-ea79e894","metadata":{"@type":"type.googleapis.com/google.cloud.functions.v2.OperationMetadata","createTime":"2025-10-28T02:12:49.083803961Z","target":"projects/crmdoceria-9959e/locations/us-central1/functions/updateUserPassword","verb":"update","cancelRequested":false,"apiVersion":"v2","requestResource":{"@type":"type.googleapis.com/google.cloud.functions.v2.Function","name":"projects/crmdoceria-9959e/locations/us-central1/functions/updateUserPassword","buildConfig":{"runtime":"nodejs20","entryPoint":"updateUserPassword","source":{"storageSource":{"bucket":"gcf-v2-sources-389481198252-us-central1","object":"updateUserPassword/function-source.zip","generation":"1761617569037178"}},"environmentVariables":{"GOOGLE_NODE_RUN_SCRIPTS":""},"dockerRepository":"projects/crmdoceria-9959e/locations/us-central1/repositories/gcf-artifacts","sourceProvenance":{"resolvedStorageSource":{"bucket":"gcf-v2-sources-389481198252-us-central1","object":"updateUserPassword/function-source.zip","generation":"1761604792411875"}},"dockerRegistry":"ARTIFACT_REGISTRY","serviceAccount":"projects/crmdoceria-9959e/serviceAccounts/389481198252-compute@developer.gserviceaccount.com","automaticUpdatePolicy":{}},"serviceConfig":{"service":"projects/crmdoceria-9959e/locations/us-central1/services/updateuserpassword","timeoutSeconds":60,"environmentVariables":{"FIREBASE_CONFIG":"{\"projectId\":\"crmdoceria-9959e\",\"storageBucket\":\"crmdoceria-9959e.firebasestorage.app\"}","GCLOUD_PROJECT":"crmdoceria-9959e","EVENTARC_CLOUD_EVENT_SOURCE":"projects/crmdoceria-9959e/locations/us-central1/services/updateUserPassword","FUNCTION_TARGET":"updateUserPassword","LOG_EXECUTION_ID":"true","FUNCTION_SIGNATURE_TYPE":"http"},"ingressSettings":"ALLOW_ALL","uri":"https://updateuserpassword-6i65vyioiq-uc.a.run.app","serviceAccountEmail":"389481198252-compute@developer.gserviceaccount.com","availableMemory":"256Mi","allTrafficOnLatestRevision":true,"revision":"updateuserpassword-00005-yap","maxInstanceRequestConcurrency":80,"availableCpu":"1"},"state":"ACTIVE","labels":{"deployment-tool":"cli-firebase","deployment-callable":"true","firebase-functions-hash":"3e69db12fecee57a4134980ad661d1e5d22d9f32"},"environment":"GEN_2","url":"https://us-central1-crmdoceria-9959e.cloudfunctions.net/updateUserPassword","satisfiesPzi":true},"stages":[{"name":"BUILD","message":"Build in progress","state":"IN_PROGRESS","resource":"projects/389481198252/locations/us-central1/builds/efd47067-f306-4bb8-afc3-e07eba1dbf29","resourceUri":"https://console.cloud.google.com/cloud-build/builds;region=us-central1/efd47067-f306-4bb8-afc3-e07eba1dbf29?project=389481198252"},{"name":"SERVICE","state":"NOT_STARTED"}],"operationType":"UPDATE_FUNCTION","buildName":"projects/389481198252/locations/us-central1/builds/efd47067-f306-4bb8-afc3-e07eba1dbf29"},"done":false}
[debug] [2025-10-28T02:13:09.125Z] [update-default-us-central1-createUser] Retrying task index 0
[debug] [2025-10-28T02:13:09.126Z] Checked if tokens are valid: true, expires at: 1761621106407
[debug] [2025-10-28T02:13:09.126Z] Checked if tokens are valid: true, expires at: 1761621106407
[debug] [2025-10-28T02:13:09.126Z] >>> [apiv2][query] GET https://cloudfunctions.googleapis.com/v2/projects/crmdoceria-9959e/locations/us-central1/operations/operation-1761617568239-6422e8d628e94-6c18cc95-9cff9920 [none]
[debug] [2025-10-28T02:13:09.163Z] [update-default-us-central1-listAllUsers] Retrying task index 0
[debug] [2025-10-28T02:13:09.163Z] Checked if tokens are valid: true, expires at: 1761621106407
[debug] [2025-10-28T02:13:09.163Z] Checked if tokens are valid: true, expires at: 1761621106407
[debug] [2025-10-28T02:13:09.163Z] >>> [apiv2][query] GET https://cloudfunctions.googleapis.com/v2/projects/crmdoceria-9959e/locations/us-central1/operations/operation-1761617568266-6422e8d62f87f-49a35ca9-50960aac [none]
[debug] [2025-10-28T02:13:09.234Z] [update-default-us-central1-deleteUser] Retrying task index 0
[debug] [2025-10-28T02:13:09.234Z] Checked if tokens are valid: true, expires at: 1761621106407
[debug] [2025-10-28T02:13:09.234Z] Checked if tokens are valid: true, expires at: 1761621106407
[debug] [2025-10-28T02:13:09.234Z] >>> [apiv2][query] GET https://cloudfunctions.googleapis.com/v2/projects/crmdoceria-9959e/locations/us-central1/operations/operation-1761617568270-6422e8d630a3a-1985be96-78d90479 [none]
[debug] [2025-10-28T02:13:09.296Z] [update-default-us-central1-api] Retrying task index 0
[debug] [2025-10-28T02:13:09.296Z] Checked if tokens are valid: true, expires at: 1761621106407
[debug] [2025-10-28T02:13:09.296Z] Checked if tokens are valid: true, expires at: 1761621106407
[debug] [2025-10-28T02:13:09.296Z] >>> [apiv2][query] GET https://cloudfunctions.googleapis.com/v2/projects/crmdoceria-9959e/locations/us-central1/operations/operation-1761617568167-6422e8d61783d-1b783a05-7c42065d [none]
[debug] [2025-10-28T02:13:09.374Z] [update-default-us-central1-updateUser] Retrying task index 0
[debug] [2025-10-28T02:13:09.374Z] Checked if tokens are valid: true, expires at: 1761621106407
[debug] [2025-10-28T02:13:09.374Z] Checked if tokens are valid: true, expires at: 1761621106407
[debug] [2025-10-28T02:13:09.374Z] >>> [apiv2][query] GET https://cloudfunctions.googleapis.com/v2/projects/crmdoceria-9959e/locations/us-central1/operations/operation-1761617568271-6422e8d630e3d-946165cb-5bcd63f8 [none]
[debug] [2025-10-28T02:13:09.983Z] [update-default-us-central1-updateUserPassword] Retrying task index 0
[debug] [2025-10-28T02:13:09.984Z] Checked if tokens are valid: true, expires at: 1761621106407
[debug] [2025-10-28T02:13:09.984Z] Checked if tokens are valid: true, expires at: 1761621106407
[debug] [2025-10-28T02:13:09.984Z] >>> [apiv2][query] GET https://cloudfunctions.googleapis.com/v2/projects/crmdoceria-9959e/locations/us-central1/operations/operation-1761617568268-6422e8d6301b6-ba73ba3c-ea79e894 [none]
[debug] [2025-10-28T02:13:10.181Z] <<< [apiv2][status] GET https://cloudfunctions.googleapis.com/v2/projects/crmdoceria-9959e/locations/us-central1/operations/operation-1761617568239-6422e8d628e94-6c18cc95-9cff9920 200
[debug] [2025-10-28T02:13:10.181Z] <<< [apiv2][body] GET https://cloudfunctions.googleapis.com/v2/projects/crmdoceria-9959e/locations/us-central1/operations/operation-1761617568239-6422e8d628e94-6c18cc95-9cff9920 {"name":"projects/crmdoceria-9959e/locations/us-central1/operations/operation-1761617568239-6422e8d628e94-6c18cc95-9cff9920","metadata":{"@type":"type.googleapis.com/google.cloud.functions.v2.OperationMetadata","createTime":"2025-10-28T02:12:49.083981340Z","target":"projects/crmdoceria-9959e/locations/us-central1/functions/createUser","verb":"update","cancelRequested":false,"apiVersion":"v2","requestResource":{"@type":"type.googleapis.com/google.cloud.functions.v2.Function","name":"projects/crmdoceria-9959e/locations/us-central1/functions/createUser","buildConfig":{"runtime":"nodejs20","entryPoint":"createUser","source":{"storageSource":{"bucket":"gcf-v2-sources-389481198252-us-central1","object":"createUser/function-source.zip","generation":"1761617569029450"}},"environmentVariables":{"GOOGLE_NODE_RUN_SCRIPTS":""},"dockerRepository":"projects/crmdoceria-9959e/locations/us-central1/repositories/gcf-artifacts","sourceProvenance":{"resolvedStorageSource":{"bucket":"gcf-v2-sources-389481198252-us-central1","object":"createUser/function-source.zip","generation":"1761604792409765"}},"dockerRegistry":"ARTIFACT_REGISTRY","serviceAccount":"projects/crmdoceria-9959e/serviceAccounts/389481198252-compute@developer.gserviceaccount.com","automaticUpdatePolicy":{}},"serviceConfig":{"service":"projects/crmdoceria-9959e/locations/us-central1/services/createuser","timeoutSeconds":60,"environmentVariables":{"FIREBASE_CONFIG":"{\"projectId\":\"crmdoceria-9959e\",\"storageBucket\":\"crmdoceria-9959e.firebasestorage.app\"}","GCLOUD_PROJECT":"crmdoceria-9959e","EVENTARC_CLOUD_EVENT_SOURCE":"projects/crmdoceria-9959e/locations/us-central1/services/createUser","FUNCTION_TARGET":"createUser","LOG_EXECUTION_ID":"true","FUNCTION_SIGNATURE_TYPE":"http"},"ingressSettings":"ALLOW_ALL","uri":"https://createuser-6i65vyioiq-uc.a.run.app","serviceAccountEmail":"389481198252-compute@developer.gserviceaccount.com","availableMemory":"256Mi","allTrafficOnLatestRevision":true,"revision":"createuser-00005-duk","maxInstanceRequestConcurrency":80,"availableCpu":"1"},"state":"ACTIVE","labels":{"deployment-tool":"cli-firebase","deployment-callable":"true","firebase-functions-hash":"3e69db12fecee57a4134980ad661d1e5d22d9f32"},"environment":"GEN_2","url":"https://us-central1-crmdoceria-9959e.cloudfunctions.net/createUser","satisfiesPzi":true},"stages":[{"name":"BUILD","message":"Build in progress","state":"IN_PROGRESS","resource":"projects/389481198252/locations/us-central1/builds/afab1a45-267d-4af0-b282-7628ffc390f1","resourceUri":"https://console.cloud.google.com/cloud-build/builds;region=us-central1/afab1a45-267d-4af0-b282-7628ffc390f1?project=389481198252"},{"name":"SERVICE","state":"NOT_STARTED"}],"operationType":"UPDATE_FUNCTION","buildName":"projects/389481198252/locations/us-central1/builds/afab1a45-267d-4af0-b282-7628ffc390f1"},"done":false}
[debug] [2025-10-28T02:13:10.196Z] <<< [apiv2][status] GET https://cloudfunctions.googleapis.com/v2/projects/crmdoceria-9959e/locations/us-central1/operations/operation-1761617568266-6422e8d62f87f-49a35ca9-50960aac 200
[debug] [2025-10-28T02:13:10.196Z] <<< [apiv2][body] GET https://cloudfunctions.googleapis.com/v2/projects/crmdoceria-9959e/locations/us-central1/operations/operation-1761617568266-6422e8d62f87f-49a35ca9-50960aac {"name":"projects/crmdoceria-9959e/locations/us-central1/operations/operation-1761617568266-6422e8d62f87f-49a35ca9-50960aac","metadata":{"@type":"type.googleapis.com/google.cloud.functions.v2.OperationMetadata","createTime":"2025-10-28T02:12:49.123494922Z","target":"projects/crmdoceria-9959e/locations/us-central1/functions/listAllUsers","verb":"update","cancelRequested":false,"apiVersion":"v2","requestResource":{"@type":"type.googleapis.com/google.cloud.functions.v2.Function","name":"projects/crmdoceria-9959e/locations/us-central1/functions/listAllUsers","buildConfig":{"runtime":"nodejs20","entryPoint":"listAllUsers","source":{"storageSource":{"bucket":"gcf-v2-sources-389481198252-us-central1","object":"listAllUsers/function-source.zip","generation":"1761617569074115"}},"environmentVariables":{"GOOGLE_NODE_RUN_SCRIPTS":""},"dockerRepository":"projects/crmdoceria-9959e/locations/us-central1/repositories/gcf-artifacts","sourceProvenance":{"resolvedStorageSource":{"bucket":"gcf-v2-sources-389481198252-us-central1","object":"listAllUsers/function-source.zip","generation":"1761604792409134"}},"dockerRegistry":"ARTIFACT_REGISTRY","serviceAccount":"projects/crmdoceria-9959e/serviceAccounts/389481198252-compute@developer.gserviceaccount.com","automaticUpdatePolicy":{}},"serviceConfig":{"service":"projects/crmdoceria-9959e/locations/us-central1/services/listallusers","timeoutSeconds":60,"environmentVariables":{"FIREBASE_CONFIG":"{\"projectId\":\"crmdoceria-9959e\",\"storageBucket\":\"crmdoceria-9959e.firebasestorage.app\"}","GCLOUD_PROJECT":"crmdoceria-9959e","EVENTARC_CLOUD_EVENT_SOURCE":"projects/crmdoceria-9959e/locations/us-central1/services/listAllUsers","FUNCTION_TARGET":"listAllUsers","LOG_EXECUTION_ID":"true","FUNCTION_SIGNATURE_TYPE":"http"},"ingressSettings":"ALLOW_ALL","uri":"https://listallusers-6i65vyioiq-uc.a.run.app","serviceAccountEmail":"389481198252-compute@developer.gserviceaccount.com","availableMemory":"256Mi","allTrafficOnLatestRevision":true,"revision":"listallusers-00005-hap","maxInstanceRequestConcurrency":80,"availableCpu":"1"},"state":"ACTIVE","labels":{"deployment-tool":"cli-firebase","deployment-callable":"true","firebase-functions-hash":"3e69db12fecee57a4134980ad661d1e5d22d9f32"},"environment":"GEN_2","url":"https://us-central1-crmdoceria-9959e.cloudfunctions.net/listAllUsers","satisfiesPzi":true},"stages":[{"name":"BUILD","message":"Build in progress","state":"IN_PROGRESS","resource":"projects/389481198252/locations/us-central1/builds/609ef905-5301-466f-ae14-d28dc5132817","resourceUri":"https://console.cloud.google.com/cloud-build/builds;region=us-central1/609ef905-5301-466f-ae14-d28dc5132817?project=389481198252"},{"name":"SERVICE","state":"NOT_STARTED"}],"operationType":"UPDATE_FUNCTION","buildName":"projects/389481198252/locations/us-central1/builds/609ef905-5301-466f-ae14-d28dc5132817"},"done":false}
[debug] [2025-10-28T02:13:10.291Z] <<< [apiv2][status] GET https://cloudfunctions.googleapis.com/v2/projects/crmdoceria-9959e/locations/us-central1/operations/operation-1761617568270-6422e8d630a3a-1985be96-78d90479 200
[debug] [2025-10-28T02:13:10.291Z] <<< [apiv2][body] GET https://cloudfunctions.googleapis.com/v2/projects/crmdoceria-9959e/locations/us-central1/operations/operation-1761617568270-6422e8d630a3a-1985be96-78d90479 {"name":"projects/crmdoceria-9959e/locations/us-central1/operations/operation-1761617568270-6422e8d630a3a-1985be96-78d90479","metadata":{"@type":"type.googleapis.com/google.cloud.functions.v2.OperationMetadata","createTime":"2025-10-28T02:12:49.169162186Z","target":"projects/crmdoceria-9959e/locations/us-central1/functions/deleteUser","verb":"update","cancelRequested":false,"apiVersion":"v2","requestResource":{"@type":"type.googleapis.com/google.cloud.functions.v2.Function","name":"projects/crmdoceria-9959e/locations/us-central1/functions/deleteUser","buildConfig":{"runtime":"nodejs20","entryPoint":"deleteUser","source":{"storageSource":{"bucket":"gcf-v2-sources-389481198252-us-central1","object":"deleteUser/function-source.zip","generation":"1761617569096032"}},"environmentVariables":{"GOOGLE_NODE_RUN_SCRIPTS":""},"dockerRepository":"projects/crmdoceria-9959e/locations/us-central1/repositories/gcf-artifacts","sourceProvenance":{"resolvedStorageSource":{"bucket":"gcf-v2-sources-389481198252-us-central1","object":"deleteUser/function-source.zip","generation":"1761604792413414"}},"dockerRegistry":"ARTIFACT_REGISTRY","serviceAccount":"projects/crmdoceria-9959e/serviceAccounts/389481198252-compute@developer.gserviceaccount.com","automaticUpdatePolicy":{}},"serviceConfig":{"service":"projects/crmdoceria-9959e/locations/us-central1/services/deleteuser","timeoutSeconds":60,"environmentVariables":{"FIREBASE_CONFIG":"{\"projectId\":\"crmdoceria-9959e\",\"storageBucket\":\"crmdoceria-9959e.firebasestorage.app\"}","GCLOUD_PROJECT":"crmdoceria-9959e","EVENTARC_CLOUD_EVENT_SOURCE":"projects/crmdoceria-9959e/locations/us-central1/services/deleteUser","FUNCTION_TARGET":"deleteUser","LOG_EXECUTION_ID":"true","FUNCTION_SIGNATURE_TYPE":"http"},"ingressSettings":"ALLOW_ALL","uri":"https://deleteuser-6i65vyioiq-uc.a.run.app","serviceAccountEmail":"389481198252-compute@developer.gserviceaccount.com","availableMemory":"256Mi","allTrafficOnLatestRevision":true,"revision":"deleteuser-00005-hoj","maxInstanceRequestConcurrency":80,"availableCpu":"1"},"state":"ACTIVE","labels":{"deployment-tool":"cli-firebase","deployment-callable":"true","firebase-functions-hash":"3e69db12fecee57a4134980ad661d1e5d22d9f32"},"environment":"GEN_2","url":"https://us-central1-crmdoceria-9959e.cloudfunctions.net/deleteUser","satisfiesPzi":true},"stages":[{"name":"BUILD","message":"Build in progress","state":"IN_PROGRESS","resource":"projects/389481198252/locations/us-central1/builds/ecf9631a-17bb-469c-98a6-ae1077ba8880","resourceUri":"https://console.cloud.google.com/cloud-build/builds;region=us-central1/ecf9631a-17bb-469c-98a6-ae1077ba8880?project=389481198252"},{"name":"SERVICE","state":"NOT_STARTED"}],"operationType":"UPDATE_FUNCTION","buildName":"projects/389481198252/locations/us-central1/builds/ecf9631a-17bb-469c-98a6-ae1077ba8880"},"done":false}
[debug] [2025-10-28T02:13:10.353Z] <<< [apiv2][status] GET https://cloudfunctions.googleapis.com/v2/projects/crmdoceria-9959e/locations/us-central1/operations/operation-1761617568167-6422e8d61783d-1b783a05-7c42065d 200
[debug] [2025-10-28T02:13:10.353Z] <<< [apiv2][body] GET https://cloudfunctions.googleapis.com/v2/projects/crmdoceria-9959e/locations/us-central1/operations/operation-1761617568167-6422e8d61783d-1b783a05-7c42065d {"name":"projects/crmdoceria-9959e/locations/us-central1/operations/operation-1761617568167-6422e8d61783d-1b783a05-7c42065d","metadata":{"@type":"type.googleapis.com/google.cloud.functions.v2.OperationMetadata","createTime":"2025-10-28T02:12:49.113773452Z","target":"projects/crmdoceria-9959e/locations/us-central1/functions/api","verb":"update","cancelRequested":false,"apiVersion":"v2","requestResource":{"@type":"type.googleapis.com/google.cloud.functions.v2.Function","name":"projects/crmdoceria-9959e/locations/us-central1/functions/api","buildConfig":{"runtime":"nodejs20","entryPoint":"api","source":{"storageSource":{"bucket":"gcf-v2-sources-389481198252-us-central1","object":"api/function-source.zip","generation":"1761617569071007"}},"environmentVariables":{"GOOGLE_NODE_RUN_SCRIPTS":""},"dockerRepository":"projects/crmdoceria-9959e/locations/us-central1/repositories/gcf-artifacts","sourceProvenance":{"resolvedStorageSource":{"bucket":"gcf-v2-sources-389481198252-us-central1","object":"api/function-source.zip","generation":"1761604735685410"}},"dockerRegistry":"ARTIFACT_REGISTRY","serviceAccount":"projects/crmdoceria-9959e/serviceAccounts/389481198252-compute@developer.gserviceaccount.com","automaticUpdatePolicy":{}},"serviceConfig":{"service":"projects/crmdoceria-9959e/locations/us-central1/services/api","timeoutSeconds":60,"environmentVariables":{"FIREBASE_CONFIG":"{\"projectId\":\"crmdoceria-9959e\",\"storageBucket\":\"crmdoceria-9959e.firebasestorage.app\"}","GCLOUD_PROJECT":"crmdoceria-9959e","EVENTARC_CLOUD_EVENT_SOURCE":"projects/crmdoceria-9959e/locations/us-central1/services/api","FUNCTION_TARGET":"api","LOG_EXECUTION_ID":"true","FUNCTION_SIGNATURE_TYPE":"http"},"ingressSettings":"ALLOW_ALL","uri":"https://api-6i65vyioiq-uc.a.run.app","serviceAccountEmail":"389481198252-compute@developer.gserviceaccount.com","availableMemory":"256Mi","allTrafficOnLatestRevision":true,"revision":"api-00006-cuq","maxInstanceRequestConcurrency":80,"availableCpu":"1"},"state":"ACTIVE","labels":{"deployment-tool":"cli-firebase","firebase-functions-hash":"3e69db12fecee57a4134980ad661d1e5d22d9f32"},"environment":"GEN_2","url":"https://us-central1-crmdoceria-9959e.cloudfunctions.net/api","satisfiesPzi":true},"stages":[{"name":"BUILD","message":"Build in progress","state":"IN_PROGRESS","resource":"projects/389481198252/locations/us-central1/builds/b0d64fbf-3ccc-4a9c-8748-73cda997d037","resourceUri":"https://console.cloud.google.com/cloud-build/builds;region=us-central1/b0d64fbf-3ccc-4a9c-8748-73cda997d037?project=389481198252"},{"name":"SERVICE","state":"NOT_STARTED"}],"operationType":"UPDATE_FUNCTION","buildName":"projects/389481198252/locations/us-central1/builds/b0d64fbf-3ccc-4a9c-8748-73cda997d037"},"done":false}
[debug] [2025-10-28T02:13:10.495Z] <<< [apiv2][status] GET https://cloudfunctions.googleapis.com/v2/projects/crmdoceria-9959e/locations/us-central1/operations/operation-1761617568271-6422e8d630e3d-946165cb-5bcd63f8 200
[debug] [2025-10-28T02:13:10.495Z] <<< [apiv2][body] GET https://cloudfunctions.googleapis.com/v2/projects/crmdoceria-9959e/locations/us-central1/operations/operation-1761617568271-6422e8d630e3d-946165cb-5bcd63f8 {"name":"projects/crmdoceria-9959e/locations/us-central1/operations/operation-1761617568271-6422e8d630e3d-946165cb-5bcd63f8","metadata":{"@type":"type.googleapis.com/google.cloud.functions.v2.OperationMetadata","createTime":"2025-10-28T02:12:49.137522924Z","target":"projects/crmdoceria-9959e/locations/us-central1/functions/updateUser","verb":"update","cancelRequested":false,"apiVersion":"v2","requestResource":{"@type":"type.googleapis.com/google.cloud.functions.v2.Function","name":"projects/crmdoceria-9959e/locations/us-central1/functions/updateUser","buildConfig":{"runtime":"nodejs20","entryPoint":"updateUser","source":{"storageSource":{"bucket":"gcf-v2-sources-389481198252-us-central1","object":"updateUser/function-source.zip","generation":"1761617569087809"}},"environmentVariables":{"GOOGLE_NODE_RUN_SCRIPTS":""},"dockerRepository":"projects/crmdoceria-9959e/locations/us-central1/repositories/gcf-artifacts","sourceProvenance":{"resolvedStorageSource":{"bucket":"gcf-v2-sources-389481198252-us-central1","object":"updateUser/function-source.zip","generation":"1761604792453501"}},"dockerRegistry":"ARTIFACT_REGISTRY","serviceAccount":"projects/crmdoceria-9959e/serviceAccounts/389481198252-compute@developer.gserviceaccount.com","automaticUpdatePolicy":{}},"serviceConfig":{"service":"projects/crmdoceria-9959e/locations/us-central1/services/updateuser","timeoutSeconds":60,"environmentVariables":{"FIREBASE_CONFIG":"{\"projectId\":\"crmdoceria-9959e\",\"storageBucket\":\"crmdoceria-9959e.firebasestorage.app\"}","GCLOUD_PROJECT":"crmdoceria-9959e","EVENTARC_CLOUD_EVENT_SOURCE":"projects/crmdoceria-9959e/locations/us-central1/services/updateUser","FUNCTION_TARGET":"updateUser","LOG_EXECUTION_ID":"true","FUNCTION_SIGNATURE_TYPE":"http"},"ingressSettings":"ALLOW_ALL","uri":"https://updateuser-6i65vyioiq-uc.a.run.app","serviceAccountEmail":"389481198252-compute@developer.gserviceaccount.com","availableMemory":"256Mi","allTrafficOnLatestRevision":true,"revision":"updateuser-00005-ruq","maxInstanceRequestConcurrency":80,"availableCpu":"1"},"state":"ACTIVE","labels":{"deployment-tool":"cli-firebase","deployment-callable":"true","firebase-functions-hash":"3e69db12fecee57a4134980ad661d1e5d22d9f32"},"environment":"GEN_2","url":"https://us-central1-crmdoceria-9959e.cloudfunctions.net/updateUser","satisfiesPzi":true},"stages":[{"name":"BUILD","message":"Build in progress","state":"IN_PROGRESS","resource":"projects/389481198252/locations/us-central1/builds/a8f9bca5-4437-46c1-b31a-e98c7f8e2080","resourceUri":"https://console.cloud.google.com/cloud-build/builds;region=us-central1/a8f9bca5-4437-46c1-b31a-e98c7f8e2080?project=389481198252"},{"name":"SERVICE","state":"NOT_STARTED"}],"operationType":"UPDATE_FUNCTION","buildName":"projects/389481198252/locations/us-central1/builds/a8f9bca5-4437-46c1-b31a-e98c7f8e2080"},"done":false}
[debug] [2025-10-28T02:13:11.044Z] <<< [apiv2][status] GET https://cloudfunctions.googleapis.com/v2/projects/crmdoceria-9959e/locations/us-central1/operations/operation-1761617568268-6422e8d6301b6-ba73ba3c-ea79e894 200
[debug] [2025-10-28T02:13:11.044Z] <<< [apiv2][body] GET https://cloudfunctions.googleapis.com/v2/projects/crmdoceria-9959e/locations/us-central1/operations/operation-1761617568268-6422e8d6301b6-ba73ba3c-ea79e894 {"name":"projects/crmdoceria-9959e/locations/us-central1/operations/operation-1761617568268-6422e8d6301b6-ba73ba3c-ea79e894","metadata":{"@type":"type.googleapis.com/google.cloud.functions.v2.OperationMetadata","createTime":"2025-10-28T02:12:49.083803961Z","target":"projects/crmdoceria-9959e/locations/us-central1/functions/updateUserPassword","verb":"update","cancelRequested":false,"apiVersion":"v2","requestResource":{"@type":"type.googleapis.com/google.cloud.functions.v2.Function","name":"projects/crmdoceria-9959e/locations/us-central1/functions/updateUserPassword","buildConfig":{"runtime":"nodejs20","entryPoint":"updateUserPassword","source":{"storageSource":{"bucket":"gcf-v2-sources-389481198252-us-central1","object":"updateUserPassword/function-source.zip","generation":"1761617569037178"}},"environmentVariables":{"GOOGLE_NODE_RUN_SCRIPTS":""},"dockerRepository":"projects/crmdoceria-9959e/locations/us-central1/repositories/gcf-artifacts","sourceProvenance":{"resolvedStorageSource":{"bucket":"gcf-v2-sources-389481198252-us-central1","object":"updateUserPassword/function-source.zip","generation":"1761604792411875"}},"dockerRegistry":"ARTIFACT_REGISTRY","serviceAccount":"projects/crmdoceria-9959e/serviceAccounts/389481198252-compute@developer.gserviceaccount.com","automaticUpdatePolicy":{}},"serviceConfig":{"service":"projects/crmdoceria-9959e/locations/us-central1/services/updateuserpassword","timeoutSeconds":60,"environmentVariables":{"FIREBASE_CONFIG":"{\"projectId\":\"crmdoceria-9959e\",\"storageBucket\":\"crmdoceria-9959e.firebasestorage.app\"}","GCLOUD_PROJECT":"crmdoceria-9959e","EVENTARC_CLOUD_EVENT_SOURCE":"projects/crmdoceria-9959e/locations/us-central1/services/updateUserPassword","FUNCTION_TARGET":"updateUserPassword","LOG_EXECUTION_ID":"true","FUNCTION_SIGNATURE_TYPE":"http"},"ingressSettings":"ALLOW_ALL","uri":"https://updateuserpassword-6i65vyioiq-uc.a.run.app","serviceAccountEmail":"389481198252-compute@developer.gserviceaccount.com","availableMemory":"256Mi","allTrafficOnLatestRevision":true,"revision":"updateuserpassword-00005-yap","maxInstanceRequestConcurrency":80,"availableCpu":"1"},"state":"ACTIVE","labels":{"deployment-tool":"cli-firebase","deployment-callable":"true","firebase-functions-hash":"3e69db12fecee57a4134980ad661d1e5d22d9f32"},"environment":"GEN_2","url":"https://us-central1-crmdoceria-9959e.cloudfunctions.net/updateUserPassword","satisfiesPzi":true},"stages":[{"name":"BUILD","message":"Build in progress","state":"IN_PROGRESS","resource":"projects/389481198252/locations/us-central1/builds/efd47067-f306-4bb8-afc3-e07eba1dbf29","resourceUri":"https://console.cloud.google.com/cloud-build/builds;region=us-central1/efd47067-f306-4bb8-afc3-e07eba1dbf29?project=389481198252"},{"name":"SERVICE","state":"NOT_STARTED"}],"operationType":"UPDATE_FUNCTION","buildName":"projects/389481198252/locations/us-central1/builds/efd47067-f306-4bb8-afc3-e07eba1dbf29"},"done":false}
[debug] [2025-10-28T02:13:20.197Z] [update-default-us-central1-createUser] Retrying task index 0
[debug] [2025-10-28T02:13:20.197Z] Checked if tokens are valid: true, expires at: 1761621106407
[debug] [2025-10-28T02:13:20.197Z] Checked if tokens are valid: true, expires at: 1761621106407
[debug] [2025-10-28T02:13:20.197Z] >>> [apiv2][query] GET https://cloudfunctions.googleapis.com/v2/projects/crmdoceria-9959e/locations/us-central1/operations/operation-1761617568239-6422e8d628e94-6c18cc95-9cff9920 [none]
[debug] [2025-10-28T02:13:20.199Z] [update-default-us-central1-listAllUsers] Retrying task index 0
[debug] [2025-10-28T02:13:20.199Z] Checked if tokens are valid: true, expires at: 1761621106407
[debug] [2025-10-28T02:13:20.199Z] Checked if tokens are valid: true, expires at: 1761621106407
[debug] [2025-10-28T02:13:20.199Z] >>> [apiv2][query] GET https://cloudfunctions.googleapis.com/v2/projects/crmdoceria-9959e/locations/us-central1/operations/operation-1761617568266-6422e8d62f87f-49a35ca9-50960aac [none]
[debug] [2025-10-28T02:13:20.306Z] [update-default-us-central1-deleteUser] Retrying task index 0
[debug] [2025-10-28T02:13:20.306Z] Checked if tokens are valid: true, expires at: 1761621106407
[debug] [2025-10-28T02:13:20.306Z] Checked if tokens are valid: true, expires at: 1761621106407
[debug] [2025-10-28T02:13:20.306Z] >>> [apiv2][query] GET https://cloudfunctions.googleapis.com/v2/projects/crmdoceria-9959e/locations/us-central1/operations/operation-1761617568270-6422e8d630a3a-1985be96-78d90479 [none]
[debug] [2025-10-28T02:13:20.368Z] [update-default-us-central1-api] Retrying task index 0
[debug] [2025-10-28T02:13:20.369Z] Checked if tokens are valid: true, expires at: 1761621106407
[debug] [2025-10-28T02:13:20.369Z] Checked if tokens are valid: true, expires at: 1761621106407
[debug] [2025-10-28T02:13:20.369Z] >>> [apiv2][query] GET https://cloudfunctions.googleapis.com/v2/projects/crmdoceria-9959e/locations/us-central1/operations/operation-1761617568167-6422e8d61783d-1b783a05-7c42065d [none]
[debug] [2025-10-28T02:13:20.500Z] [update-default-us-central1-updateUser] Retrying task index 0
[debug] [2025-10-28T02:13:20.500Z] Checked if tokens are valid: true, expires at: 1761621106407
[debug] [2025-10-28T02:13:20.500Z] Checked if tokens are valid: true, expires at: 1761621106407
[debug] [2025-10-28T02:13:20.500Z] >>> [apiv2][query] GET https://cloudfunctions.googleapis.com/v2/projects/crmdoceria-9959e/locations/us-central1/operations/operation-1761617568271-6422e8d630e3d-946165cb-5bcd63f8 [none]
[debug] [2025-10-28T02:13:21.058Z] [update-default-us-central1-updateUserPassword] Retrying task index 0
[debug] [2025-10-28T02:13:21.058Z] Checked if tokens are valid: true, expires at: 1761621106407
[debug] [2025-10-28T02:13:21.058Z] Checked if tokens are valid: true, expires at: 1761621106407
[debug] [2025-10-28T02:13:21.059Z] >>> [apiv2][query] GET https://cloudfunctions.googleapis.com/v2/projects/crmdoceria-9959e/locations/us-central1/operations/operation-1761617568268-6422e8d6301b6-ba73ba3c-ea79e894 [none]
[debug] [2025-10-28T02:13:21.194Z] <<< [apiv2][status] GET https://cloudfunctions.googleapis.com/v2/projects/crmdoceria-9959e/locations/us-central1/operations/operation-1761617568239-6422e8d628e94-6c18cc95-9cff9920 200
[debug] [2025-10-28T02:13:21.194Z] <<< [apiv2][body] GET https://cloudfunctions.googleapis.com/v2/projects/crmdoceria-9959e/locations/us-central1/operations/operation-1761617568239-6422e8d628e94-6c18cc95-9cff9920 {"name":"projects/crmdoceria-9959e/locations/us-central1/operations/operation-1761617568239-6422e8d628e94-6c18cc95-9cff9920","metadata":{"@type":"type.googleapis.com/google.cloud.functions.v2.OperationMetadata","createTime":"2025-10-28T02:12:49.083981340Z","target":"projects/crmdoceria-9959e/locations/us-central1/functions/createUser","verb":"update","cancelRequested":false,"apiVersion":"v2","requestResource":{"@type":"type.googleapis.com/google.cloud.functions.v2.Function","name":"projects/crmdoceria-9959e/locations/us-central1/functions/createUser","buildConfig":{"runtime":"nodejs20","entryPoint":"createUser","source":{"storageSource":{"bucket":"gcf-v2-sources-389481198252-us-central1","object":"createUser/function-source.zip","generation":"1761617569029450"}},"environmentVariables":{"GOOGLE_NODE_RUN_SCRIPTS":""},"dockerRepository":"projects/crmdoceria-9959e/locations/us-central1/repositories/gcf-artifacts","sourceProvenance":{"resolvedStorageSource":{"bucket":"gcf-v2-sources-389481198252-us-central1","object":"createUser/function-source.zip","generation":"1761604792409765"}},"dockerRegistry":"ARTIFACT_REGISTRY","serviceAccount":"projects/crmdoceria-9959e/serviceAccounts/389481198252-compute@developer.gserviceaccount.com","automaticUpdatePolicy":{}},"serviceConfig":{"service":"projects/crmdoceria-9959e/locations/us-central1/services/createuser","timeoutSeconds":60,"environmentVariables":{"FIREBASE_CONFIG":"{\"projectId\":\"crmdoceria-9959e\",\"storageBucket\":\"crmdoceria-9959e.firebasestorage.app\"}","GCLOUD_PROJECT":"crmdoceria-9959e","EVENTARC_CLOUD_EVENT_SOURCE":"projects/crmdoceria-9959e/locations/us-central1/services/createUser","FUNCTION_TARGET":"createUser","LOG_EXECUTION_ID":"true","FUNCTION_SIGNATURE_TYPE":"http"},"ingressSettings":"ALLOW_ALL","uri":"https://createuser-6i65vyioiq-uc.a.run.app","serviceAccountEmail":"389481198252-compute@developer.gserviceaccount.com","availableMemory":"256Mi","allTrafficOnLatestRevision":true,"revision":"createuser-00005-duk","maxInstanceRequestConcurrency":80,"availableCpu":"1"},"state":"ACTIVE","labels":{"deployment-tool":"cli-firebase","deployment-callable":"true","firebase-functions-hash":"3e69db12fecee57a4134980ad661d1e5d22d9f32"},"environment":"GEN_2","url":"https://us-central1-crmdoceria-9959e.cloudfunctions.net/createUser","satisfiesPzi":true},"stages":[{"name":"BUILD","message":"Build in progress","state":"IN_PROGRESS","resource":"projects/389481198252/locations/us-central1/builds/afab1a45-267d-4af0-b282-7628ffc390f1","resourceUri":"https://console.cloud.google.com/cloud-build/builds;region=us-central1/afab1a45-267d-4af0-b282-7628ffc390f1?project=389481198252"},{"name":"SERVICE","state":"NOT_STARTED"}],"operationType":"UPDATE_FUNCTION","buildName":"projects/389481198252/locations/us-central1/builds/afab1a45-267d-4af0-b282-7628ffc390f1"},"done":false}
[debug] [2025-10-28T02:13:21.298Z] <<< [apiv2][status] GET https://cloudfunctions.googleapis.com/v2/projects/crmdoceria-9959e/locations/us-central1/operations/operation-1761617568266-6422e8d62f87f-49a35ca9-50960aac 200
[debug] [2025-10-28T02:13:21.298Z] <<< [apiv2][body] GET https://cloudfunctions.googleapis.com/v2/projects/crmdoceria-9959e/locations/us-central1/operations/operation-1761617568266-6422e8d62f87f-49a35ca9-50960aac {"name":"projects/crmdoceria-9959e/locations/us-central1/operations/operation-1761617568266-6422e8d62f87f-49a35ca9-50960aac","metadata":{"@type":"type.googleapis.com/google.cloud.functions.v2.OperationMetadata","createTime":"2025-10-28T02:12:49.123494922Z","target":"projects/crmdoceria-9959e/locations/us-central1/functions/listAllUsers","verb":"update","cancelRequested":false,"apiVersion":"v2","requestResource":{"@type":"type.googleapis.com/google.cloud.functions.v2.Function","name":"projects/crmdoceria-9959e/locations/us-central1/functions/listAllUsers","buildConfig":{"runtime":"nodejs20","entryPoint":"listAllUsers","source":{"storageSource":{"bucket":"gcf-v2-sources-389481198252-us-central1","object":"listAllUsers/function-source.zip","generation":"1761617569074115"}},"environmentVariables":{"GOOGLE_NODE_RUN_SCRIPTS":""},"dockerRepository":"projects/crmdoceria-9959e/locations/us-central1/repositories/gcf-artifacts","sourceProvenance":{"resolvedStorageSource":{"bucket":"gcf-v2-sources-389481198252-us-central1","object":"listAllUsers/function-source.zip","generation":"1761604792409134"}},"dockerRegistry":"ARTIFACT_REGISTRY","serviceAccount":"projects/crmdoceria-9959e/serviceAccounts/389481198252-compute@developer.gserviceaccount.com","automaticUpdatePolicy":{}},"serviceConfig":{"service":"projects/crmdoceria-9959e/locations/us-central1/services/listallusers","timeoutSeconds":60,"environmentVariables":{"FIREBASE_CONFIG":"{\"projectId\":\"crmdoceria-9959e\",\"storageBucket\":\"crmdoceria-9959e.firebasestorage.app\"}","GCLOUD_PROJECT":"crmdoceria-9959e","EVENTARC_CLOUD_EVENT_SOURCE":"projects/crmdoceria-9959e/locations/us-central1/services/listAllUsers","FUNCTION_TARGET":"listAllUsers","LOG_EXECUTION_ID":"true","FUNCTION_SIGNATURE_TYPE":"http"},"ingressSettings":"ALLOW_ALL","uri":"https://listallusers-6i65vyioiq-uc.a.run.app","serviceAccountEmail":"389481198252-compute@developer.gserviceaccount.com","availableMemory":"256Mi","allTrafficOnLatestRevision":true,"revision":"listallusers-00005-hap","maxInstanceRequestConcurrency":80,"availableCpu":"1"},"state":"ACTIVE","labels":{"deployment-tool":"cli-firebase","deployment-callable":"true","firebase-functions-hash":"3e69db12fecee57a4134980ad661d1e5d22d9f32"},"environment":"GEN_2","url":"https://us-central1-crmdoceria-9959e.cloudfunctions.net/listAllUsers","satisfiesPzi":true},"stages":[{"name":"BUILD","message":"Build in progress","state":"IN_PROGRESS","resource":"projects/389481198252/locations/us-central1/builds/609ef905-5301-466f-ae14-d28dc5132817","resourceUri":"https://console.cloud.google.com/cloud-build/builds;region=us-central1/609ef905-5301-466f-ae14-d28dc5132817?project=389481198252"},{"name":"SERVICE","state":"NOT_STARTED"}],"operationType":"UPDATE_FUNCTION","buildName":"projects/389481198252/locations/us-central1/builds/609ef905-5301-466f-ae14-d28dc5132817"},"done":false}
[debug] [2025-10-28T02:13:21.424Z] <<< [apiv2][status] GET https://cloudfunctions.googleapis.com/v2/projects/crmdoceria-9959e/locations/us-central1/operations/operation-1761617568167-6422e8d61783d-1b783a05-7c42065d 200
[debug] [2025-10-28T02:13:21.424Z] <<< [apiv2][body] GET https://cloudfunctions.googleapis.com/v2/projects/crmdoceria-9959e/locations/us-central1/operations/operation-1761617568167-6422e8d61783d-1b783a05-7c42065d {"name":"projects/crmdoceria-9959e/locations/us-central1/operations/operation-1761617568167-6422e8d61783d-1b783a05-7c42065d","metadata":{"@type":"type.googleapis.com/google.cloud.functions.v2.OperationMetadata","createTime":"2025-10-28T02:12:49.113773452Z","target":"projects/crmdoceria-9959e/locations/us-central1/functions/api","verb":"update","cancelRequested":false,"apiVersion":"v2","requestResource":{"@type":"type.googleapis.com/google.cloud.functions.v2.Function","name":"projects/crmdoceria-9959e/locations/us-central1/functions/api","buildConfig":{"runtime":"nodejs20","entryPoint":"api","source":{"storageSource":{"bucket":"gcf-v2-sources-389481198252-us-central1","object":"api/function-source.zip","generation":"1761617569071007"}},"environmentVariables":{"GOOGLE_NODE_RUN_SCRIPTS":""},"dockerRepository":"projects/crmdoceria-9959e/locations/us-central1/repositories/gcf-artifacts","sourceProvenance":{"resolvedStorageSource":{"bucket":"gcf-v2-sources-389481198252-us-central1","object":"api/function-source.zip","generation":"1761604735685410"}},"dockerRegistry":"ARTIFACT_REGISTRY","serviceAccount":"projects/crmdoceria-9959e/serviceAccounts/389481198252-compute@developer.gserviceaccount.com","automaticUpdatePolicy":{}},"serviceConfig":{"service":"projects/crmdoceria-9959e/locations/us-central1/services/api","timeoutSeconds":60,"environmentVariables":{"FIREBASE_CONFIG":"{\"projectId\":\"crmdoceria-9959e\",\"storageBucket\":\"crmdoceria-9959e.firebasestorage.app\"}","GCLOUD_PROJECT":"crmdoceria-9959e","EVENTARC_CLOUD_EVENT_SOURCE":"projects/crmdoceria-9959e/locations/us-central1/services/api","FUNCTION_TARGET":"api","LOG_EXECUTION_ID":"true","FUNCTION_SIGNATURE_TYPE":"http"},"ingressSettings":"ALLOW_ALL","uri":"https://api-6i65vyioiq-uc.a.run.app","serviceAccountEmail":"389481198252-compute@developer.gserviceaccount.com","availableMemory":"256Mi","allTrafficOnLatestRevision":true,"revision":"api-00006-cuq","maxInstanceRequestConcurrency":80,"availableCpu":"1"},"state":"ACTIVE","labels":{"deployment-tool":"cli-firebase","firebase-functions-hash":"3e69db12fecee57a4134980ad661d1e5d22d9f32"},"environment":"GEN_2","url":"https://us-central1-crmdoceria-9959e.cloudfunctions.net/api","satisfiesPzi":true},"stages":[{"name":"BUILD","message":"Build in progress","state":"IN_PROGRESS","resource":"projects/389481198252/locations/us-central1/builds/b0d64fbf-3ccc-4a9c-8748-73cda997d037","resourceUri":"https://console.cloud.google.com/cloud-build/builds;region=us-central1/b0d64fbf-3ccc-4a9c-8748-73cda997d037?project=389481198252"},{"name":"SERVICE","state":"NOT_STARTED"}],"operationType":"UPDATE_FUNCTION","buildName":"projects/389481198252/locations/us-central1/builds/b0d64fbf-3ccc-4a9c-8748-73cda997d037"},"done":false}
[debug] [2025-10-28T02:13:21.426Z] <<< [apiv2][status] GET https://cloudfunctions.googleapis.com/v2/projects/crmdoceria-9959e/locations/us-central1/operations/operation-1761617568268-6422e8d6301b6-ba73ba3c-ea79e894 200
[debug] [2025-10-28T02:13:21.426Z] <<< [apiv2][body] GET https://cloudfunctions.googleapis.com/v2/projects/crmdoceria-9959e/locations/us-central1/operations/operation-1761617568268-6422e8d6301b6-ba73ba3c-ea79e894 {"name":"projects/crmdoceria-9959e/locations/us-central1/operations/operation-1761617568268-6422e8d6301b6-ba73ba3c-ea79e894","metadata":{"@type":"type.googleapis.com/google.cloud.functions.v2.OperationMetadata","createTime":"2025-10-28T02:12:49.083803961Z","target":"projects/crmdoceria-9959e/locations/us-central1/functions/updateUserPassword","verb":"update","cancelRequested":false,"apiVersion":"v2","requestResource":{"@type":"type.googleapis.com/google.cloud.functions.v2.Function","name":"projects/crmdoceria-9959e/locations/us-central1/functions/updateUserPassword","buildConfig":{"runtime":"nodejs20","entryPoint":"updateUserPassword","source":{"storageSource":{"bucket":"gcf-v2-sources-389481198252-us-central1","object":"updateUserPassword/function-source.zip","generation":"1761617569037178"}},"environmentVariables":{"GOOGLE_NODE_RUN_SCRIPTS":""},"dockerRepository":"projects/crmdoceria-9959e/locations/us-central1/repositories/gcf-artifacts","sourceProvenance":{"resolvedStorageSource":{"bucket":"gcf-v2-sources-389481198252-us-central1","object":"updateUserPassword/function-source.zip","generation":"1761604792411875"}},"dockerRegistry":"ARTIFACT_REGISTRY","serviceAccount":"projects/crmdoceria-9959e/serviceAccounts/389481198252-compute@developer.gserviceaccount.com","automaticUpdatePolicy":{}},"serviceConfig":{"service":"projects/crmdoceria-9959e/locations/us-central1/services/updateuserpassword","timeoutSeconds":60,"environmentVariables":{"FIREBASE_CONFIG":"{\"projectId\":\"crmdoceria-9959e\",\"storageBucket\":\"crmdoceria-9959e.firebasestorage.app\"}","GCLOUD_PROJECT":"crmdoceria-9959e","EVENTARC_CLOUD_EVENT_SOURCE":"projects/crmdoceria-9959e/locations/us-central1/services/updateUserPassword","FUNCTION_TARGET":"updateUserPassword","LOG_EXECUTION_ID":"true","FUNCTION_SIGNATURE_TYPE":"http"},"ingressSettings":"ALLOW_ALL","uri":"https://updateuserpassword-6i65vyioiq-uc.a.run.app","serviceAccountEmail":"389481198252-compute@developer.gserviceaccount.com","availableMemory":"256Mi","allTrafficOnLatestRevision":true,"revision":"updateuserpassword-00005-yap","maxInstanceRequestConcurrency":80,"availableCpu":"1"},"state":"ACTIVE","labels":{"deployment-tool":"cli-firebase","deployment-callable":"true","firebase-functions-hash":"3e69db12fecee57a4134980ad661d1e5d22d9f32"},"environment":"GEN_2","url":"https://us-central1-crmdoceria-9959e.cloudfunctions.net/updateUserPassword","satisfiesPzi":true},"stages":[{"name":"BUILD","message":"Build in progress","state":"IN_PROGRESS","resource":"projects/389481198252/locations/us-central1/builds/efd47067-f306-4bb8-afc3-e07eba1dbf29","resourceUri":"https://console.cloud.google.com/cloud-build/builds;region=us-central1/efd47067-f306-4bb8-afc3-e07eba1dbf29?project=389481198252"},{"name":"SERVICE","state":"NOT_STARTED"}],"operationType":"UPDATE_FUNCTION","buildName":"projects/389481198252/locations/us-central1/builds/efd47067-f306-4bb8-afc3-e07eba1dbf29"},"done":false}
[debug] [2025-10-28T02:13:21.446Z] <<< [apiv2][status] GET https://cloudfunctions.googleapis.com/v2/projects/crmdoceria-9959e/locations/us-central1/operations/operation-1761617568270-6422e8d630a3a-1985be96-78d90479 200
[debug] [2025-10-28T02:13:21.446Z] <<< [apiv2][body] GET https://cloudfunctions.googleapis.com/v2/projects/crmdoceria-9959e/locations/us-central1/operations/operation-1761617568270-6422e8d630a3a-1985be96-78d90479 {"name":"projects/crmdoceria-9959e/locations/us-central1/operations/operation-1761617568270-6422e8d630a3a-1985be96-78d90479","metadata":{"@type":"type.googleapis.com/google.cloud.functions.v2.OperationMetadata","createTime":"2025-10-28T02:12:49.169162186Z","target":"projects/crmdoceria-9959e/locations/us-central1/functions/deleteUser","verb":"update","cancelRequested":false,"apiVersion":"v2","requestResource":{"@type":"type.googleapis.com/google.cloud.functions.v2.Function","name":"projects/crmdoceria-9959e/locations/us-central1/functions/deleteUser","buildConfig":{"runtime":"nodejs20","entryPoint":"deleteUser","source":{"storageSource":{"bucket":"gcf-v2-sources-389481198252-us-central1","object":"deleteUser/function-source.zip","generation":"1761617569096032"}},"environmentVariables":{"GOOGLE_NODE_RUN_SCRIPTS":""},"dockerRepository":"projects/crmdoceria-9959e/locations/us-central1/repositories/gcf-artifacts","sourceProvenance":{"resolvedStorageSource":{"bucket":"gcf-v2-sources-389481198252-us-central1","object":"deleteUser/function-source.zip","generation":"1761604792413414"}},"dockerRegistry":"ARTIFACT_REGISTRY","serviceAccount":"projects/crmdoceria-9959e/serviceAccounts/389481198252-compute@developer.gserviceaccount.com","automaticUpdatePolicy":{}},"serviceConfig":{"service":"projects/crmdoceria-9959e/locations/us-central1/services/deleteuser","timeoutSeconds":60,"environmentVariables":{"FIREBASE_CONFIG":"{\"projectId\":\"crmdoceria-9959e\",\"storageBucket\":\"crmdoceria-9959e.firebasestorage.app\"}","GCLOUD_PROJECT":"crmdoceria-9959e","EVENTARC_CLOUD_EVENT_SOURCE":"projects/crmdoceria-9959e/locations/us-central1/services/deleteUser","FUNCTION_TARGET":"deleteUser","LOG_EXECUTION_ID":"true","FUNCTION_SIGNATURE_TYPE":"http"},"ingressSettings":"ALLOW_ALL","uri":"https://deleteuser-6i65vyioiq-uc.a.run.app","serviceAccountEmail":"389481198252-compute@developer.gserviceaccount.com","availableMemory":"256Mi","allTrafficOnLatestRevision":true,"revision":"deleteuser-00005-hoj","maxInstanceRequestConcurrency":80,"availableCpu":"1"},"state":"ACTIVE","labels":{"deployment-tool":"cli-firebase","deployment-callable":"true","firebase-functions-hash":"3e69db12fecee57a4134980ad661d1e5d22d9f32"},"environment":"GEN_2","url":"https://us-central1-crmdoceria-9959e.cloudfunctions.net/deleteUser","satisfiesPzi":true},"stages":[{"name":"BUILD","message":"Build in progress","state":"IN_PROGRESS","resource":"projects/389481198252/locations/us-central1/builds/ecf9631a-17bb-469c-98a6-ae1077ba8880","resourceUri":"https://console.cloud.google.com/cloud-build/builds;region=us-central1/ecf9631a-17bb-469c-98a6-ae1077ba8880?project=389481198252"},{"name":"SERVICE","state":"NOT_STARTED"}],"operationType":"UPDATE_FUNCTION","buildName":"projects/389481198252/locations/us-central1/builds/ecf9631a-17bb-469c-98a6-ae1077ba8880"},"done":false}
[debug] [2025-10-28T02:13:21.447Z] <<< [apiv2][status] GET https://cloudfunctions.googleapis.com/v2/projects/crmdoceria-9959e/locations/us-central1/operations/operation-1761617568271-6422e8d630e3d-946165cb-5bcd63f8 200
[debug] [2025-10-28T02:13:21.447Z] <<< [apiv2][body] GET https://cloudfunctions.googleapis.com/v2/projects/crmdoceria-9959e/locations/us-central1/operations/operation-1761617568271-6422e8d630e3d-946165cb-5bcd63f8 {"name":"projects/crmdoceria-9959e/locations/us-central1/operations/operation-1761617568271-6422e8d630e3d-946165cb-5bcd63f8","metadata":{"@type":"type.googleapis.com/google.cloud.functions.v2.OperationMetadata","createTime":"2025-10-28T02:12:49.137522924Z","target":"projects/crmdoceria-9959e/locations/us-central1/functions/updateUser","verb":"update","cancelRequested":false,"apiVersion":"v2","requestResource":{"@type":"type.googleapis.com/google.cloud.functions.v2.Function","name":"projects/crmdoceria-9959e/locations/us-central1/functions/updateUser","buildConfig":{"runtime":"nodejs20","entryPoint":"updateUser","source":{"storageSource":{"bucket":"gcf-v2-sources-389481198252-us-central1","object":"updateUser/function-source.zip","generation":"1761617569087809"}},"environmentVariables":{"GOOGLE_NODE_RUN_SCRIPTS":""},"dockerRepository":"projects/crmdoceria-9959e/locations/us-central1/repositories/gcf-artifacts","sourceProvenance":{"resolvedStorageSource":{"bucket":"gcf-v2-sources-389481198252-us-central1","object":"updateUser/function-source.zip","generation":"1761604792453501"}},"dockerRegistry":"ARTIFACT_REGISTRY","serviceAccount":"projects/crmdoceria-9959e/serviceAccounts/389481198252-compute@developer.gserviceaccount.com","automaticUpdatePolicy":{}},"serviceConfig":{"service":"projects/crmdoceria-9959e/locations/us-central1/services/updateuser","timeoutSeconds":60,"environmentVariables":{"FIREBASE_CONFIG":"{\"projectId\":\"crmdoceria-9959e\",\"storageBucket\":\"crmdoceria-9959e.firebasestorage.app\"}","GCLOUD_PROJECT":"crmdoceria-9959e","EVENTARC_CLOUD_EVENT_SOURCE":"projects/crmdoceria-9959e/locations/us-central1/services/updateUser","FUNCTION_TARGET":"updateUser","LOG_EXECUTION_ID":"true","FUNCTION_SIGNATURE_TYPE":"http"},"ingressSettings":"ALLOW_ALL","uri":"https://updateuser-6i65vyioiq-uc.a.run.app","serviceAccountEmail":"389481198252-compute@developer.gserviceaccount.com","availableMemory":"256Mi","allTrafficOnLatestRevision":true,"revision":"updateuser-00005-ruq","maxInstanceRequestConcurrency":80,"availableCpu":"1"},"state":"ACTIVE","labels":{"deployment-tool":"cli-firebase","deployment-callable":"true","firebase-functions-hash":"3e69db12fecee57a4134980ad661d1e5d22d9f32"},"environment":"GEN_2","url":"https://us-central1-crmdoceria-9959e.cloudfunctions.net/updateUser","satisfiesPzi":true},"stages":[{"name":"BUILD","message":"Build in progress","state":"IN_PROGRESS","resource":"projects/389481198252/locations/us-central1/builds/a8f9bca5-4437-46c1-b31a-e98c7f8e2080","resourceUri":"https://console.cloud.google.com/cloud-build/builds;region=us-central1/a8f9bca5-4437-46c1-b31a-e98c7f8e2080?project=389481198252"},{"name":"SERVICE","state":"NOT_STARTED"}],"operationType":"UPDATE_FUNCTION","buildName":"projects/389481198252/locations/us-central1/builds/a8f9bca5-4437-46c1-b31a-e98c7f8e2080"},"done":false}
[debug] [2025-10-28T02:13:31.211Z] [update-default-us-central1-createUser] Retrying task index 0
[debug] [2025-10-28T02:13:31.211Z] Checked if tokens are valid: true, expires at: 1761621106407
[debug] [2025-10-28T02:13:31.211Z] Checked if tokens are valid: true, expires at: 1761621106407
[debug] [2025-10-28T02:13:31.212Z] >>> [apiv2][query] GET https://cloudfunctions.googleapis.com/v2/projects/crmdoceria-9959e/locations/us-central1/operations/operation-1761617568239-6422e8d628e94-6c18cc95-9cff9920 [none]
[debug] [2025-10-28T02:13:31.304Z] [update-default-us-central1-listAllUsers] Retrying task index 0
[debug] [2025-10-28T02:13:31.304Z] Checked if tokens are valid: true, expires at: 1761621106407
[debug] [2025-10-28T02:13:31.305Z] Checked if tokens are valid: true, expires at: 1761621106407
[debug] [2025-10-28T02:13:31.305Z] >>> [apiv2][query] GET https://cloudfunctions.googleapis.com/v2/projects/crmdoceria-9959e/locations/us-central1/operations/operation-1761617568266-6422e8d62f87f-49a35ca9-50960aac [none]
[debug] [2025-10-28T02:13:31.425Z] [update-default-us-central1-api] Retrying task index 0
[debug] [2025-10-28T02:13:31.426Z] Checked if tokens are valid: true, expires at: 1761621106407
[debug] [2025-10-28T02:13:31.426Z] Checked if tokens are valid: true, expires at: 1761621106407
[debug] [2025-10-28T02:13:31.426Z] >>> [apiv2][query] GET https://cloudfunctions.googleapis.com/v2/projects/crmdoceria-9959e/locations/us-central1/operations/operation-1761617568167-6422e8d61783d-1b783a05-7c42065d [none]
[debug] [2025-10-28T02:13:31.431Z] [update-default-us-central1-updateUserPassword] Retrying task index 0
[debug] [2025-10-28T02:13:31.431Z] Checked if tokens are valid: true, expires at: 1761621106407
[debug] [2025-10-28T02:13:31.431Z] Checked if tokens are valid: true, expires at: 1761621106407
[debug] [2025-10-28T02:13:31.431Z] >>> [apiv2][query] GET https://cloudfunctions.googleapis.com/v2/projects/crmdoceria-9959e/locations/us-central1/operations/operation-1761617568268-6422e8d6301b6-ba73ba3c-ea79e894 [none]
[debug] [2025-10-28T02:13:31.461Z] [update-default-us-central1-deleteUser] Retrying task index 0
[debug] [2025-10-28T02:13:31.461Z] Checked if tokens are valid: true, expires at: 1761621106407
[debug] [2025-10-28T02:13:31.461Z] Checked if tokens are valid: true, expires at: 1761621106407
[debug] [2025-10-28T02:13:31.461Z] >>> [apiv2][query] GET https://cloudfunctions.googleapis.com/v2/projects/crmdoceria-9959e/locations/us-central1/operations/operation-1761617568270-6422e8d630a3a-1985be96-78d90479 [none]
[debug] [2025-10-28T02:13:31.465Z] [update-default-us-central1-updateUser] Retrying task index 0
[debug] [2025-10-28T02:13:31.465Z] Checked if tokens are valid: true, expires at: 1761621106407
[debug] [2025-10-28T02:13:31.465Z] Checked if tokens are valid: true, expires at: 1761621106407
[debug] [2025-10-28T02:13:31.465Z] >>> [apiv2][query] GET https://cloudfunctions.googleapis.com/v2/projects/crmdoceria-9959e/locations/us-central1/operations/operation-1761617568271-6422e8d630e3d-946165cb-5bcd63f8 [none]
[debug] [2025-10-28T02:13:32.297Z] <<< [apiv2][status] GET https://cloudfunctions.googleapis.com/v2/projects/crmdoceria-9959e/locations/us-central1/operations/operation-1761617568239-6422e8d628e94-6c18cc95-9cff9920 200
[debug] [2025-10-28T02:13:32.297Z] <<< [apiv2][body] GET https://cloudfunctions.googleapis.com/v2/projects/crmdoceria-9959e/locations/us-central1/operations/operation-1761617568239-6422e8d628e94-6c18cc95-9cff9920 {"name":"projects/crmdoceria-9959e/locations/us-central1/operations/operation-1761617568239-6422e8d628e94-6c18cc95-9cff9920","metadata":{"@type":"type.googleapis.com/google.cloud.functions.v2.OperationMetadata","createTime":"2025-10-28T02:12:49.083981340Z","target":"projects/crmdoceria-9959e/locations/us-central1/functions/createUser","verb":"update","cancelRequested":false,"apiVersion":"v2","requestResource":{"@type":"type.googleapis.com/google.cloud.functions.v2.Function","name":"projects/crmdoceria-9959e/locations/us-central1/functions/createUser","buildConfig":{"runtime":"nodejs20","entryPoint":"createUser","source":{"storageSource":{"bucket":"gcf-v2-sources-389481198252-us-central1","object":"createUser/function-source.zip","generation":"1761617569029450"}},"environmentVariables":{"GOOGLE_NODE_RUN_SCRIPTS":""},"dockerRepository":"projects/crmdoceria-9959e/locations/us-central1/repositories/gcf-artifacts","sourceProvenance":{"resolvedStorageSource":{"bucket":"gcf-v2-sources-389481198252-us-central1","object":"createUser/function-source.zip","generation":"1761604792409765"}},"dockerRegistry":"ARTIFACT_REGISTRY","serviceAccount":"projects/crmdoceria-9959e/serviceAccounts/389481198252-compute@developer.gserviceaccount.com","automaticUpdatePolicy":{}},"serviceConfig":{"service":"projects/crmdoceria-9959e/locations/us-central1/services/createuser","timeoutSeconds":60,"environmentVariables":{"FIREBASE_CONFIG":"{\"projectId\":\"crmdoceria-9959e\",\"storageBucket\":\"crmdoceria-9959e.firebasestorage.app\"}","GCLOUD_PROJECT":"crmdoceria-9959e","EVENTARC_CLOUD_EVENT_SOURCE":"projects/crmdoceria-9959e/locations/us-central1/services/createUser","FUNCTION_TARGET":"createUser","LOG_EXECUTION_ID":"true","FUNCTION_SIGNATURE_TYPE":"http"},"ingressSettings":"ALLOW_ALL","uri":"https://createuser-6i65vyioiq-uc.a.run.app","serviceAccountEmail":"389481198252-compute@developer.gserviceaccount.com","availableMemory":"256Mi","allTrafficOnLatestRevision":true,"revision":"createuser-00005-duk","maxInstanceRequestConcurrency":80,"availableCpu":"1"},"state":"ACTIVE","labels":{"deployment-tool":"cli-firebase","deployment-callable":"true","firebase-functions-hash":"3e69db12fecee57a4134980ad661d1e5d22d9f32"},"environment":"GEN_2","url":"https://us-central1-crmdoceria-9959e.cloudfunctions.net/createUser","satisfiesPzi":true},"stages":[{"name":"BUILD","message":"Build in progress","state":"IN_PROGRESS","resource":"projects/389481198252/locations/us-central1/builds/afab1a45-267d-4af0-b282-7628ffc390f1","resourceUri":"https://console.cloud.google.com/cloud-build/builds;region=us-central1/afab1a45-267d-4af0-b282-7628ffc390f1?project=389481198252"},{"name":"SERVICE","state":"NOT_STARTED"}],"operationType":"UPDATE_FUNCTION","buildName":"projects/389481198252/locations/us-central1/builds/afab1a45-267d-4af0-b282-7628ffc390f1"},"done":false}
[debug] [2025-10-28T02:13:32.355Z] <<< [apiv2][status] GET https://cloudfunctions.googleapis.com/v2/projects/crmdoceria-9959e/locations/us-central1/operations/operation-1761617568266-6422e8d62f87f-49a35ca9-50960aac 200
[debug] [2025-10-28T02:13:32.356Z] <<< [apiv2][body] GET https://cloudfunctions.googleapis.com/v2/projects/crmdoceria-9959e/locations/us-central1/operations/operation-1761617568266-6422e8d62f87f-49a35ca9-50960aac {"name":"projects/crmdoceria-9959e/locations/us-central1/operations/operation-1761617568266-6422e8d62f87f-49a35ca9-50960aac","metadata":{"@type":"type.googleapis.com/google.cloud.functions.v2.OperationMetadata","createTime":"2025-10-28T02:12:49.123494922Z","target":"projects/crmdoceria-9959e/locations/us-central1/functions/listAllUsers","verb":"update","cancelRequested":false,"apiVersion":"v2","requestResource":{"@type":"type.googleapis.com/google.cloud.functions.v2.Function","name":"projects/crmdoceria-9959e/locations/us-central1/functions/listAllUsers","buildConfig":{"runtime":"nodejs20","entryPoint":"listAllUsers","source":{"storageSource":{"bucket":"gcf-v2-sources-389481198252-us-central1","object":"listAllUsers/function-source.zip","generation":"1761617569074115"}},"environmentVariables":{"GOOGLE_NODE_RUN_SCRIPTS":""},"dockerRepository":"projects/crmdoceria-9959e/locations/us-central1/repositories/gcf-artifacts","sourceProvenance":{"resolvedStorageSource":{"bucket":"gcf-v2-sources-389481198252-us-central1","object":"listAllUsers/function-source.zip","generation":"1761604792409134"}},"dockerRegistry":"ARTIFACT_REGISTRY","serviceAccount":"projects/crmdoceria-9959e/serviceAccounts/389481198252-compute@developer.gserviceaccount.com","automaticUpdatePolicy":{}},"serviceConfig":{"service":"projects/crmdoceria-9959e/locations/us-central1/services/listallusers","timeoutSeconds":60,"environmentVariables":{"FIREBASE_CONFIG":"{\"projectId\":\"crmdoceria-9959e\",\"storageBucket\":\"crmdoceria-9959e.firebasestorage.app\"}","GCLOUD_PROJECT":"crmdoceria-9959e","EVENTARC_CLOUD_EVENT_SOURCE":"projects/crmdoceria-9959e/locations/us-central1/services/listAllUsers","FUNCTION_TARGET":"listAllUsers","LOG_EXECUTION_ID":"true","FUNCTION_SIGNATURE_TYPE":"http"},"ingressSettings":"ALLOW_ALL","uri":"https://listallusers-6i65vyioiq-uc.a.run.app","serviceAccountEmail":"389481198252-compute@developer.gserviceaccount.com","availableMemory":"256Mi","allTrafficOnLatestRevision":true,"revision":"listallusers-00005-hap","maxInstanceRequestConcurrency":80,"availableCpu":"1"},"state":"ACTIVE","labels":{"deployment-tool":"cli-firebase","deployment-callable":"true","firebase-functions-hash":"3e69db12fecee57a4134980ad661d1e5d22d9f32"},"environment":"GEN_2","url":"https://us-central1-crmdoceria-9959e.cloudfunctions.net/listAllUsers","satisfiesPzi":true},"stages":[{"name":"BUILD","message":"Build in progress","state":"IN_PROGRESS","resource":"projects/389481198252/locations/us-central1/builds/609ef905-5301-466f-ae14-d28dc5132817","resourceUri":"https://console.cloud.google.com/cloud-build/builds;region=us-central1/609ef905-5301-466f-ae14-d28dc5132817?project=389481198252"},{"name":"SERVICE","state":"NOT_STARTED"}],"operationType":"UPDATE_FUNCTION","buildName":"projects/389481198252/locations/us-central1/builds/609ef905-5301-466f-ae14-d28dc5132817"},"done":false}
[debug] [2025-10-28T02:13:32.427Z] <<< [apiv2][status] GET https://cloudfunctions.googleapis.com/v2/projects/crmdoceria-9959e/locations/us-central1/operations/operation-1761617568167-6422e8d61783d-1b783a05-7c42065d 200
[debug] [2025-10-28T02:13:32.427Z] <<< [apiv2][body] GET https://cloudfunctions.googleapis.com/v2/projects/crmdoceria-9959e/locations/us-central1/operations/operation-1761617568167-6422e8d61783d-1b783a05-7c42065d {"name":"projects/crmdoceria-9959e/locations/us-central1/operations/operation-1761617568167-6422e8d61783d-1b783a05-7c42065d","metadata":{"@type":"type.googleapis.com/google.cloud.functions.v2.OperationMetadata","createTime":"2025-10-28T02:12:49.113773452Z","target":"projects/crmdoceria-9959e/locations/us-central1/functions/api","verb":"update","cancelRequested":false,"apiVersion":"v2","requestResource":{"@type":"type.googleapis.com/google.cloud.functions.v2.Function","name":"projects/crmdoceria-9959e/locations/us-central1/functions/api","buildConfig":{"runtime":"nodejs20","entryPoint":"api","source":{"storageSource":{"bucket":"gcf-v2-sources-389481198252-us-central1","object":"api/function-source.zip","generation":"1761617569071007"}},"environmentVariables":{"GOOGLE_NODE_RUN_SCRIPTS":""},"dockerRepository":"projects/crmdoceria-9959e/locations/us-central1/repositories/gcf-artifacts","sourceProvenance":{"resolvedStorageSource":{"bucket":"gcf-v2-sources-389481198252-us-central1","object":"api/function-source.zip","generation":"1761604735685410"}},"dockerRegistry":"ARTIFACT_REGISTRY","serviceAccount":"projects/crmdoceria-9959e/serviceAccounts/389481198252-compute@developer.gserviceaccount.com","automaticUpdatePolicy":{}},"serviceConfig":{"service":"projects/crmdoceria-9959e/locations/us-central1/services/api","timeoutSeconds":60,"environmentVariables":{"FIREBASE_CONFIG":"{\"projectId\":\"crmdoceria-9959e\",\"storageBucket\":\"crmdoceria-9959e.firebasestorage.app\"}","GCLOUD_PROJECT":"crmdoceria-9959e","EVENTARC_CLOUD_EVENT_SOURCE":"projects/crmdoceria-9959e/locations/us-central1/services/api","FUNCTION_TARGET":"api","LOG_EXECUTION_ID":"true","FUNCTION_SIGNATURE_TYPE":"http"},"ingressSettings":"ALLOW_ALL","uri":"https://api-6i65vyioiq-uc.a.run.app","serviceAccountEmail":"389481198252-compute@developer.gserviceaccount.com","availableMemory":"256Mi","allTrafficOnLatestRevision":true,"revision":"api-00006-cuq","maxInstanceRequestConcurrency":80,"availableCpu":"1"},"state":"ACTIVE","labels":{"deployment-tool":"cli-firebase","firebase-functions-hash":"3e69db12fecee57a4134980ad661d1e5d22d9f32"},"environment":"GEN_2","url":"https://us-central1-crmdoceria-9959e.cloudfunctions.net/api","satisfiesPzi":true},"stages":[{"name":"BUILD","message":"Build in progress","state":"IN_PROGRESS","resource":"projects/389481198252/locations/us-central1/builds/b0d64fbf-3ccc-4a9c-8748-73cda997d037","resourceUri":"https://console.cloud.google.com/cloud-build/builds;region=us-central1/b0d64fbf-3ccc-4a9c-8748-73cda997d037?project=389481198252"},{"name":"SERVICE","state":"NOT_STARTED"}],"operationType":"UPDATE_FUNCTION","buildName":"projects/389481198252/locations/us-central1/builds/b0d64fbf-3ccc-4a9c-8748-73cda997d037"},"done":false}
[debug] [2025-10-28T02:13:32.437Z] <<< [apiv2][status] GET https://cloudfunctions.googleapis.com/v2/projects/crmdoceria-9959e/locations/us-central1/operations/operation-1761617568271-6422e8d630e3d-946165cb-5bcd63f8 200
[debug] [2025-10-28T02:13:32.438Z] <<< [apiv2][body] GET https://cloudfunctions.googleapis.com/v2/projects/crmdoceria-9959e/locations/us-central1/operations/operation-1761617568271-6422e8d630e3d-946165cb-5bcd63f8 {"name":"projects/crmdoceria-9959e/locations/us-central1/operations/operation-1761617568271-6422e8d630e3d-946165cb-5bcd63f8","metadata":{"@type":"type.googleapis.com/google.cloud.functions.v2.OperationMetadata","createTime":"2025-10-28T02:12:49.137522924Z","target":"projects/crmdoceria-9959e/locations/us-central1/functions/updateUser","verb":"update","cancelRequested":false,"apiVersion":"v2","requestResource":{"@type":"type.googleapis.com/google.cloud.functions.v2.Function","name":"projects/crmdoceria-9959e/locations/us-central1/functions/updateUser","buildConfig":{"runtime":"nodejs20","entryPoint":"updateUser","source":{"storageSource":{"bucket":"gcf-v2-sources-389481198252-us-central1","object":"updateUser/function-source.zip","generation":"1761617569087809"}},"environmentVariables":{"GOOGLE_NODE_RUN_SCRIPTS":""},"dockerRepository":"projects/crmdoceria-9959e/locations/us-central1/repositories/gcf-artifacts","sourceProvenance":{"resolvedStorageSource":{"bucket":"gcf-v2-sources-389481198252-us-central1","object":"updateUser/function-source.zip","generation":"1761604792453501"}},"dockerRegistry":"ARTIFACT_REGISTRY","serviceAccount":"projects/crmdoceria-9959e/serviceAccounts/389481198252-compute@developer.gserviceaccount.com","automaticUpdatePolicy":{}},"serviceConfig":{"service":"projects/crmdoceria-9959e/locations/us-central1/services/updateuser","timeoutSeconds":60,"environmentVariables":{"FIREBASE_CONFIG":"{\"projectId\":\"crmdoceria-9959e\",\"storageBucket\":\"crmdoceria-9959e.firebasestorage.app\"}","GCLOUD_PROJECT":"crmdoceria-9959e","EVENTARC_CLOUD_EVENT_SOURCE":"projects/crmdoceria-9959e/locations/us-central1/services/updateUser","FUNCTION_TARGET":"updateUser","LOG_EXECUTION_ID":"true","FUNCTION_SIGNATURE_TYPE":"http"},"ingressSettings":"ALLOW_ALL","uri":"https://updateuser-6i65vyioiq-uc.a.run.app","serviceAccountEmail":"389481198252-compute@developer.gserviceaccount.com","availableMemory":"256Mi","allTrafficOnLatestRevision":true,"revision":"updateuser-00005-ruq","maxInstanceRequestConcurrency":80,"availableCpu":"1"},"state":"ACTIVE","labels":{"deployment-tool":"cli-firebase","deployment-callable":"true","firebase-functions-hash":"3e69db12fecee57a4134980ad661d1e5d22d9f32"},"environment":"GEN_2","url":"https://us-central1-crmdoceria-9959e.cloudfunctions.net/updateUser","satisfiesPzi":true},"stages":[{"name":"BUILD","message":"Build in progress","state":"IN_PROGRESS","resource":"projects/389481198252/locations/us-central1/builds/a8f9bca5-4437-46c1-b31a-e98c7f8e2080","resourceUri":"https://console.cloud.google.com/cloud-build/builds;region=us-central1/a8f9bca5-4437-46c1-b31a-e98c7f8e2080?project=389481198252"},{"name":"SERVICE","state":"NOT_STARTED"}],"operationType":"UPDATE_FUNCTION","buildName":"projects/389481198252/locations/us-central1/builds/a8f9bca5-4437-46c1-b31a-e98c7f8e2080"},"done":false}
[debug] [2025-10-28T02:13:32.475Z] <<< [apiv2][status] GET https://cloudfunctions.googleapis.com/v2/projects/crmdoceria-9959e/locations/us-central1/operations/operation-1761617568268-6422e8d6301b6-ba73ba3c-ea79e894 200
[debug] [2025-10-28T02:13:32.476Z] <<< [apiv2][body] GET https://cloudfunctions.googleapis.com/v2/projects/crmdoceria-9959e/locations/us-central1/operations/operation-1761617568268-6422e8d6301b6-ba73ba3c-ea79e894 {"name":"projects/crmdoceria-9959e/locations/us-central1/operations/operation-1761617568268-6422e8d6301b6-ba73ba3c-ea79e894","metadata":{"@type":"type.googleapis.com/google.cloud.functions.v2.OperationMetadata","createTime":"2025-10-28T02:12:49.083803961Z","target":"projects/crmdoceria-9959e/locations/us-central1/functions/updateUserPassword","verb":"update","cancelRequested":false,"apiVersion":"v2","requestResource":{"@type":"type.googleapis.com/google.cloud.functions.v2.Function","name":"projects/crmdoceria-9959e/locations/us-central1/functions/updateUserPassword","buildConfig":{"runtime":"nodejs20","entryPoint":"updateUserPassword","source":{"storageSource":{"bucket":"gcf-v2-sources-389481198252-us-central1","object":"updateUserPassword/function-source.zip","generation":"1761617569037178"}},"environmentVariables":{"GOOGLE_NODE_RUN_SCRIPTS":""},"dockerRepository":"projects/crmdoceria-9959e/locations/us-central1/repositories/gcf-artifacts","sourceProvenance":{"resolvedStorageSource":{"bucket":"gcf-v2-sources-389481198252-us-central1","object":"updateUserPassword/function-source.zip","generation":"1761604792411875"}},"dockerRegistry":"ARTIFACT_REGISTRY","serviceAccount":"projects/crmdoceria-9959e/serviceAccounts/389481198252-compute@developer.gserviceaccount.com","automaticUpdatePolicy":{}},"serviceConfig":{"service":"projects/crmdoceria-9959e/locations/us-central1/services/updateuserpassword","timeoutSeconds":60,"environmentVariables":{"FIREBASE_CONFIG":"{\"projectId\":\"crmdoceria-9959e\",\"storageBucket\":\"crmdoceria-9959e.firebasestorage.app\"}","GCLOUD_PROJECT":"crmdoceria-9959e","EVENTARC_CLOUD_EVENT_SOURCE":"projects/crmdoceria-9959e/locations/us-central1/services/updateUserPassword","FUNCTION_TARGET":"updateUserPassword","LOG_EXECUTION_ID":"true","FUNCTION_SIGNATURE_TYPE":"http"},"ingressSettings":"ALLOW_ALL","uri":"https://updateuserpassword-6i65vyioiq-uc.a.run.app","serviceAccountEmail":"389481198252-compute@developer.gserviceaccount.com","availableMemory":"256Mi","allTrafficOnLatestRevision":true,"revision":"updateuserpassword-00005-yap","maxInstanceRequestConcurrency":80,"availableCpu":"1"},"state":"ACTIVE","labels":{"deployment-tool":"cli-firebase","deployment-callable":"true","firebase-functions-hash":"3e69db12fecee57a4134980ad661d1e5d22d9f32"},"environment":"GEN_2","url":"https://us-central1-crmdoceria-9959e.cloudfunctions.net/updateUserPassword","satisfiesPzi":true},"stages":[{"name":"BUILD","message":"Build in progress","state":"IN_PROGRESS","resource":"projects/389481198252/locations/us-central1/builds/efd47067-f306-4bb8-afc3-e07eba1dbf29","resourceUri":"https://console.cloud.google.com/cloud-build/builds;region=us-central1/efd47067-f306-4bb8-afc3-e07eba1dbf29?project=389481198252"},{"name":"SERVICE","state":"NOT_STARTED"}],"operationType":"UPDATE_FUNCTION","buildName":"projects/389481198252/locations/us-central1/builds/efd47067-f306-4bb8-afc3-e07eba1dbf29"},"done":false}
[debug] [2025-10-28T02:13:32.501Z] <<< [apiv2][status] GET https://cloudfunctions.googleapis.com/v2/projects/crmdoceria-9959e/locations/us-central1/operations/operation-1761617568270-6422e8d630a3a-1985be96-78d90479 200
[debug] [2025-10-28T02:13:32.501Z] <<< [apiv2][body] GET https://cloudfunctions.googleapis.com/v2/projects/crmdoceria-9959e/locations/us-central1/operations/operation-1761617568270-6422e8d630a3a-1985be96-78d90479 {"name":"projects/crmdoceria-9959e/locations/us-central1/operations/operation-1761617568270-6422e8d630a3a-1985be96-78d90479","metadata":{"@type":"type.googleapis.com/google.cloud.functions.v2.OperationMetadata","createTime":"2025-10-28T02:12:49.169162186Z","target":"projects/crmdoceria-9959e/locations/us-central1/functions/deleteUser","verb":"update","cancelRequested":false,"apiVersion":"v2","requestResource":{"@type":"type.googleapis.com/google.cloud.functions.v2.Function","name":"projects/crmdoceria-9959e/locations/us-central1/functions/deleteUser","buildConfig":{"runtime":"nodejs20","entryPoint":"deleteUser","source":{"storageSource":{"bucket":"gcf-v2-sources-389481198252-us-central1","object":"deleteUser/function-source.zip","generation":"1761617569096032"}},"environmentVariables":{"GOOGLE_NODE_RUN_SCRIPTS":""},"dockerRepository":"projects/crmdoceria-9959e/locations/us-central1/repositories/gcf-artifacts","sourceProvenance":{"resolvedStorageSource":{"bucket":"gcf-v2-sources-389481198252-us-central1","object":"deleteUser/function-source.zip","generation":"1761604792413414"}},"dockerRegistry":"ARTIFACT_REGISTRY","serviceAccount":"projects/crmdoceria-9959e/serviceAccounts/389481198252-compute@developer.gserviceaccount.com","automaticUpdatePolicy":{}},"serviceConfig":{"service":"projects/crmdoceria-9959e/locations/us-central1/services/deleteuser","timeoutSeconds":60,"environmentVariables":{"FIREBASE_CONFIG":"{\"projectId\":\"crmdoceria-9959e\",\"storageBucket\":\"crmdoceria-9959e.firebasestorage.app\"}","GCLOUD_PROJECT":"crmdoceria-9959e","EVENTARC_CLOUD_EVENT_SOURCE":"projects/crmdoceria-9959e/locations/us-central1/services/deleteUser","FUNCTION_TARGET":"deleteUser","LOG_EXECUTION_ID":"true","FUNCTION_SIGNATURE_TYPE":"http"},"ingressSettings":"ALLOW_ALL","uri":"https://deleteuser-6i65vyioiq-uc.a.run.app","serviceAccountEmail":"389481198252-compute@developer.gserviceaccount.com","availableMemory":"256Mi","allTrafficOnLatestRevision":true,"revision":"deleteuser-00005-hoj","maxInstanceRequestConcurrency":80,"availableCpu":"1"},"state":"ACTIVE","labels":{"deployment-tool":"cli-firebase","deployment-callable":"true","firebase-functions-hash":"3e69db12fecee57a4134980ad661d1e5d22d9f32"},"environment":"GEN_2","url":"https://us-central1-crmdoceria-9959e.cloudfunctions.net/deleteUser","satisfiesPzi":true},"stages":[{"name":"BUILD","message":"Build in progress","state":"IN_PROGRESS","resource":"projects/389481198252/locations/us-central1/builds/ecf9631a-17bb-469c-98a6-ae1077ba8880","resourceUri":"https://console.cloud.google.com/cloud-build/builds;region=us-central1/ecf9631a-17bb-469c-98a6-ae1077ba8880?project=389481198252"},{"name":"SERVICE","state":"NOT_STARTED"}],"operationType":"UPDATE_FUNCTION","buildName":"projects/389481198252/locations/us-central1/builds/ecf9631a-17bb-469c-98a6-ae1077ba8880"},"done":false}
[debug] [2025-10-28T02:13:42.298Z] [update-default-us-central1-createUser] Retrying task index 0
[debug] [2025-10-28T02:13:42.298Z] Checked if tokens are valid: true, expires at: 1761621106407
[debug] [2025-10-28T02:13:42.298Z] Checked if tokens are valid: true, expires at: 1761621106407
[debug] [2025-10-28T02:13:42.298Z] >>> [apiv2][query] GET https://cloudfunctions.googleapis.com/v2/projects/crmdoceria-9959e/locations/us-central1/operations/operation-1761617568239-6422e8d628e94-6c18cc95-9cff9920 [none]
[debug] [2025-10-28T02:13:42.360Z] [update-default-us-central1-listAllUsers] Retrying task index 0
[debug] [2025-10-28T02:13:42.361Z] Checked if tokens are valid: true, expires at: 1761621106407
[debug] [2025-10-28T02:13:42.361Z] Checked if tokens are valid: true, expires at: 1761621106407
[debug] [2025-10-28T02:13:42.361Z] >>> [apiv2][query] GET https://cloudfunctions.googleapis.com/v2/projects/crmdoceria-9959e/locations/us-central1/operations/operation-1761617568266-6422e8d62f87f-49a35ca9-50960aac [none]
[debug] [2025-10-28T02:13:42.438Z] [update-default-us-central1-api] Retrying task index 0
[debug] [2025-10-28T02:13:42.438Z] Checked if tokens are valid: true, expires at: 1761621106407
[debug] [2025-10-28T02:13:42.438Z] Checked if tokens are valid: true, expires at: 1761621106407
[debug] [2025-10-28T02:13:42.439Z] >>> [apiv2][query] GET https://cloudfunctions.googleapis.com/v2/projects/crmdoceria-9959e/locations/us-central1/operations/operation-1761617568167-6422e8d61783d-1b783a05-7c42065d [none]
[debug] [2025-10-28T02:13:42.440Z] [update-default-us-central1-updateUser] Retrying task index 0
[debug] [2025-10-28T02:13:42.440Z] Checked if tokens are valid: true, expires at: 1761621106407
[debug] [2025-10-28T02:13:42.440Z] Checked if tokens are valid: true, expires at: 1761621106407
[debug] [2025-10-28T02:13:42.441Z] >>> [apiv2][query] GET https://cloudfunctions.googleapis.com/v2/projects/crmdoceria-9959e/locations/us-central1/operations/operation-1761617568271-6422e8d630e3d-946165cb-5bcd63f8 [none]
[debug] [2025-10-28T02:13:42.477Z] [update-default-us-central1-updateUserPassword] Retrying task index 0
[debug] [2025-10-28T02:13:42.478Z] Checked if tokens are valid: true, expires at: 1761621106407
[debug] [2025-10-28T02:13:42.478Z] Checked if tokens are valid: true, expires at: 1761621106407
[debug] [2025-10-28T02:13:42.478Z] >>> [apiv2][query] GET https://cloudfunctions.googleapis.com/v2/projects/crmdoceria-9959e/locations/us-central1/operations/operation-1761617568268-6422e8d6301b6-ba73ba3c-ea79e894 [none]
[debug] [2025-10-28T02:13:42.508Z] [update-default-us-central1-deleteUser] Retrying task index 0
[debug] [2025-10-28T02:13:42.508Z] Checked if tokens are valid: true, expires at: 1761621106407
[debug] [2025-10-28T02:13:42.508Z] Checked if tokens are valid: true, expires at: 1761621106407
[debug] [2025-10-28T02:13:42.508Z] >>> [apiv2][query] GET https://cloudfunctions.googleapis.com/v2/projects/crmdoceria-9959e/locations/us-central1/operations/operation-1761617568270-6422e8d630a3a-1985be96-78d90479 [none]
[debug] [2025-10-28T02:13:43.340Z] <<< [apiv2][status] GET https://cloudfunctions.googleapis.com/v2/projects/crmdoceria-9959e/locations/us-central1/operations/operation-1761617568266-6422e8d62f87f-49a35ca9-50960aac 200
[debug] [2025-10-28T02:13:43.340Z] <<< [apiv2][body] GET https://cloudfunctions.googleapis.com/v2/projects/crmdoceria-9959e/locations/us-central1/operations/operation-1761617568266-6422e8d62f87f-49a35ca9-50960aac {"name":"projects/crmdoceria-9959e/locations/us-central1/operations/operation-1761617568266-6422e8d62f87f-49a35ca9-50960aac","metadata":{"@type":"type.googleapis.com/google.cloud.functions.v2.OperationMetadata","createTime":"2025-10-28T02:12:49.123494922Z","endTime":"2025-10-28T02:13:40.737927525Z","target":"projects/crmdoceria-9959e/locations/us-central1/functions/listAllUsers","verb":"update","cancelRequested":false,"apiVersion":"v2","requestResource":{"@type":"type.googleapis.com/google.cloud.functions.v2.Function","name":"projects/crmdoceria-9959e/locations/us-central1/functions/listAllUsers","buildConfig":{"runtime":"nodejs20","entryPoint":"listAllUsers","source":{"storageSource":{"bucket":"gcf-v2-sources-389481198252-us-central1","object":"listAllUsers/function-source.zip","generation":"1761617569074115"}},"environmentVariables":{"GOOGLE_NODE_RUN_SCRIPTS":""},"dockerRepository":"projects/crmdoceria-9959e/locations/us-central1/repositories/gcf-artifacts","sourceProvenance":{"resolvedStorageSource":{"bucket":"gcf-v2-sources-389481198252-us-central1","object":"listAllUsers/function-source.zip","generation":"1761604792409134"}},"dockerRegistry":"ARTIFACT_REGISTRY","serviceAccount":"projects/crmdoceria-9959e/serviceAccounts/389481198252-compute@developer.gserviceaccount.com","automaticUpdatePolicy":{}},"serviceConfig":{"service":"projects/crmdoceria-9959e/locations/us-central1/services/listallusers","timeoutSeconds":60,"environmentVariables":{"FIREBASE_CONFIG":"{\"projectId\":\"crmdoceria-9959e\",\"storageBucket\":\"crmdoceria-9959e.firebasestorage.app\"}","GCLOUD_PROJECT":"crmdoceria-9959e","EVENTARC_CLOUD_EVENT_SOURCE":"projects/crmdoceria-9959e/locations/us-central1/services/listAllUsers","FUNCTION_TARGET":"listAllUsers","LOG_EXECUTION_ID":"true","FUNCTION_SIGNATURE_TYPE":"http"},"ingressSettings":"ALLOW_ALL","uri":"https://listallusers-6i65vyioiq-uc.a.run.app","serviceAccountEmail":"389481198252-compute@developer.gserviceaccount.com","availableMemory":"256Mi","allTrafficOnLatestRevision":true,"revision":"listallusers-00005-hap","maxInstanceRequestConcurrency":80,"availableCpu":"1"},"state":"ACTIVE","labels":{"deployment-tool":"cli-firebase","deployment-callable":"true","firebase-functions-hash":"3e69db12fecee57a4134980ad661d1e5d22d9f32"},"environment":"GEN_2","url":"https://us-central1-crmdoceria-9959e.cloudfunctions.net/listAllUsers","satisfiesPzi":true},"stages":[{"name":"BUILD","message":"Build finished","state":"COMPLETE","resource":"projects/389481198252/locations/us-central1/builds/609ef905-5301-466f-ae14-d28dc5132817","resourceUri":"https://console.cloud.google.com/cloud-build/builds;region=us-central1/609ef905-5301-466f-ae14-d28dc5132817?project=389481198252"},{"name":"SERVICE","message":"Updating Cloud Run service","state":"COMPLETE","resource":"projects/crmdoceria-9959e/locations/us-central1/services/listallusers","resourceUri":"https://console.cloud.google.com/run/detail/us-central1/listallusers?project=crmdoceria-9959e","stateMessages":[{"severity":"INFO","type":"CloudRunServiceNewRevisionTrafficInfo","message":"A new revision will be deployed serving with 100% traffic."}]}],"sourceToken":"Cldwcm9qZWN0cy8zODk0ODExOTgyNTIvbG9jYXRpb25zL3VzLWNlbnRyYWwxL2J1aWxkcy82MDllZjkwNS01MzAxLTQ2NmYtYWUxNC1kMjhkYzUxMzI4MTcSc3VzLWNlbnRyYWwxLWRvY2tlci5wa2cuZGV2L2NybWRvY2VyaWEtOTk1OWUvZ2NmLWFydGlmYWN0cy9jcm1kb2NlcmlhLS05OTU5ZV9fdXMtLWNlbnRyYWwxX19saXN0X2FsbF91c2Vyczp2ZXJzaW9uXzEYrOWN96oLIkZwcm9qZWN0cy9jcm1kb2NlcmlhLTk5NTllL2xvY2F0aW9ucy91cy1jZW50cmFsMS9mdW5jdGlvbnMvbGlzdEFsbFVzZXJzKgwIzM2AyAYQoNPJyAMyCG5vZGVqczIwOnYKI2djci5pby9nYWUtcnVudGltZXMvbm9kZWpzMjA6c3RhYmxlEk91cy1jZW50cmFsMS1kb2NrZXIucGtnLmRldi9zZXJ2ZXJsZXNzLXJ1bnRpbWVzL2dvb2dsZS0yMi1mdWxsL3J1bnRpbWVzL25vZGVqczIwQAE=","operationType":"UPDATE_FUNCTION","buildName":"projects/389481198252/locations/us-central1/builds/609ef905-5301-466f-ae14-d28dc5132817"},"done":true,"response":{"@type":"type.googleapis.com/google.cloud.functions.v2.Function","name":"projects/crmdoceria-9959e/locations/us-central1/functions/listAllUsers","buildConfig":{"build":"projects/389481198252/locations/us-central1/builds/609ef905-5301-466f-ae14-d28dc5132817","runtime":"nodejs20","entryPoint":"listAllUsers","source":{"storageSource":{"bucket":"gcf-v2-sources-389481198252-us-central1","object":"listAllUsers/function-source.zip","generation":"1761617569074115"}},"environmentVariables":{"GOOGLE_NODE_RUN_SCRIPTS":""},"dockerRepository":"projects/crmdoceria-9959e/locations/us-central1/repositories/gcf-artifacts","sourceProvenance":{"resolvedStorageSource":{"bucket":"gcf-v2-sources-389481198252-us-central1","object":"listAllUsers/function-source.zip","generation":"1761617569074115"}},"dockerRegistry":"ARTIFACT_REGISTRY","serviceAccount":"projects/crmdoceria-9959e/serviceAccounts/389481198252-compute@developer.gserviceaccount.com","automaticUpdatePolicy":{}},"serviceConfig":{"service":"projects/crmdoceria-9959e/locations/us-central1/services/listallusers","timeoutSeconds":60,"environmentVariables":{"FIREBASE_CONFIG":"{\"projectId\":\"crmdoceria-9959e\",\"storageBucket\":\"crmdoceria-9959e.firebasestorage.app\"}","GCLOUD_PROJECT":"crmdoceria-9959e","EVENTARC_CLOUD_EVENT_SOURCE":"projects/crmdoceria-9959e/locations/us-central1/services/listAllUsers","FUNCTION_TARGET":"listAllUsers","LOG_EXECUTION_ID":"true","FUNCTION_SIGNATURE_TYPE":"http"},"maxInstanceCount":20,"ingressSettings":"ALLOW_ALL","uri":"https://listallusers-6i65vyioiq-uc.a.run.app","serviceAccountEmail":"389481198252-compute@developer.gserviceaccount.com","availableMemory":"256Mi","allTrafficOnLatestRevision":true,"revision":"listallusers-00006-dag","maxInstanceRequestConcurrency":80,"availableCpu":"1"},"state":"ACTIVE","updateTime":"2025-10-28T02:12:49.125158512Z","labels":{"firebase-functions-hash":"3e69db12fecee57a4134980ad661d1e5d22d9f32","deployment-tool":"cli-firebase","deployment-callable":"true"},"environment":"GEN_2","url":"https://us-central1-crmdoceria-9959e.cloudfunctions.net/listAllUsers","createTime":"2025-10-02T17:17:16.264404480Z","satisfiesPzi":true}}
[debug] [2025-10-28T02:13:43.340Z] Got source token Cldwcm9qZWN0cy8zODk0ODExOTgyNTIvbG9jYXRpb25zL3VzLWNlbnRyYWwxL2J1aWxkcy82MDllZjkwNS01MzAxLTQ2NmYtYWUxNC1kMjhkYzUxMzI4MTcSc3VzLWNlbnRyYWwxLWRvY2tlci5wa2cuZGV2L2NybWRvY2VyaWEtOTk1OWUvZ2NmLWFydGlmYWN0cy9jcm1kb2NlcmlhLS05OTU5ZV9fdXMtLWNlbnRyYWwxX19saXN0X2FsbF91c2Vyczp2ZXJzaW9uXzEYrOWN96oLIkZwcm9qZWN0cy9jcm1kb2NlcmlhLTk5NTllL2xvY2F0aW9ucy91cy1jZW50cmFsMS9mdW5jdGlvbnMvbGlzdEFsbFVzZXJzKgwIzM2AyAYQoNPJyAMyCG5vZGVqczIwOnYKI2djci5pby9nYWUtcnVudGltZXMvbm9kZWpzMjA6c3RhYmxlEk91cy1jZW50cmFsMS1kb2NrZXIucGtnLmRldi9zZXJ2ZXJsZXNzLXJ1bnRpbWVzL2dvb2dsZS0yMi1mdWxsL3J1bnRpbWVzL25vZGVqczIwQAE= for region us-central1
[info] +  functions[listAllUsers(us-central1)] Successful update operation. 
[debug] [2025-10-28T02:13:43.362Z] <<< [apiv2][status] GET https://cloudfunctions.googleapis.com/v2/projects/crmdoceria-9959e/locations/us-central1/operations/operation-1761617568239-6422e8d628e94-6c18cc95-9cff9920 200
[debug] [2025-10-28T02:13:43.362Z] <<< [apiv2][body] GET https://cloudfunctions.googleapis.com/v2/projects/crmdoceria-9959e/locations/us-central1/operations/operation-1761617568239-6422e8d628e94-6c18cc95-9cff9920 {"name":"projects/crmdoceria-9959e/locations/us-central1/operations/operation-1761617568239-6422e8d628e94-6c18cc95-9cff9920","metadata":{"@type":"type.googleapis.com/google.cloud.functions.v2.OperationMetadata","createTime":"2025-10-28T02:12:49.083981340Z","target":"projects/crmdoceria-9959e/locations/us-central1/functions/createUser","verb":"update","cancelRequested":false,"apiVersion":"v2","requestResource":{"@type":"type.googleapis.com/google.cloud.functions.v2.Function","name":"projects/crmdoceria-9959e/locations/us-central1/functions/createUser","buildConfig":{"runtime":"nodejs20","entryPoint":"createUser","source":{"storageSource":{"bucket":"gcf-v2-sources-389481198252-us-central1","object":"createUser/function-source.zip","generation":"1761617569029450"}},"environmentVariables":{"GOOGLE_NODE_RUN_SCRIPTS":""},"dockerRepository":"projects/crmdoceria-9959e/locations/us-central1/repositories/gcf-artifacts","sourceProvenance":{"resolvedStorageSource":{"bucket":"gcf-v2-sources-389481198252-us-central1","object":"createUser/function-source.zip","generation":"1761604792409765"}},"dockerRegistry":"ARTIFACT_REGISTRY","serviceAccount":"projects/crmdoceria-9959e/serviceAccounts/389481198252-compute@developer.gserviceaccount.com","automaticUpdatePolicy":{}},"serviceConfig":{"service":"projects/crmdoceria-9959e/locations/us-central1/services/createuser","timeoutSeconds":60,"environmentVariables":{"FIREBASE_CONFIG":"{\"projectId\":\"crmdoceria-9959e\",\"storageBucket\":\"crmdoceria-9959e.firebasestorage.app\"}","GCLOUD_PROJECT":"crmdoceria-9959e","EVENTARC_CLOUD_EVENT_SOURCE":"projects/crmdoceria-9959e/locations/us-central1/services/createUser","FUNCTION_TARGET":"createUser","LOG_EXECUTION_ID":"true","FUNCTION_SIGNATURE_TYPE":"http"},"ingressSettings":"ALLOW_ALL","uri":"https://createuser-6i65vyioiq-uc.a.run.app","serviceAccountEmail":"389481198252-compute@developer.gserviceaccount.com","availableMemory":"256Mi","allTrafficOnLatestRevision":true,"revision":"createuser-00005-duk","maxInstanceRequestConcurrency":80,"availableCpu":"1"},"state":"ACTIVE","labels":{"deployment-tool":"cli-firebase","deployment-callable":"true","firebase-functions-hash":"3e69db12fecee57a4134980ad661d1e5d22d9f32"},"environment":"GEN_2","url":"https://us-central1-crmdoceria-9959e.cloudfunctions.net/createUser","satisfiesPzi":true},"stages":[{"name":"BUILD","message":"Build finished","state":"COMPLETE","resource":"projects/389481198252/locations/us-central1/builds/afab1a45-267d-4af0-b282-7628ffc390f1","resourceUri":"https://console.cloud.google.com/cloud-build/builds;region=us-central1/afab1a45-267d-4af0-b282-7628ffc390f1?project=389481198252"},{"name":"SERVICE","state":"NOT_STARTED"}],"sourceToken":"Cldwcm9qZWN0cy8zODk0ODExOTgyNTIvbG9jYXRpb25zL3VzLWNlbnRyYWwxL2J1aWxkcy9hZmFiMWE0NS0yNjdkLTRhZjAtYjI4Mi03NjI4ZmZjMzkwZjEScHVzLWNlbnRyYWwxLWRvY2tlci5wa2cuZGV2L2NybWRvY2VyaWEtOTk1OWUvZ2NmLWFydGlmYWN0cy9jcm1kb2NlcmlhLS05OTU5ZV9fdXMtLWNlbnRyYWwxX19jcmVhdGVfdXNlcjp2ZXJzaW9uXzEYrOWN96oLIkRwcm9qZWN0cy9jcm1kb2NlcmlhLTk5NTllL2xvY2F0aW9ucy91cy1jZW50cmFsMS9mdW5jdGlvbnMvY3JlYXRlVXNlcioLCNfNgMgGEMifynoyCG5vZGVqczIwOnYKI2djci5pby9nYWUtcnVudGltZXMvbm9kZWpzMjA6c3RhYmxlEk91cy1jZW50cmFsMS1kb2NrZXIucGtnLmRldi9zZXJ2ZXJsZXNzLXJ1bnRpbWVzL2dvb2dsZS0yMi1mdWxsL3J1bnRpbWVzL25vZGVqczIwQAE=","operationType":"UPDATE_FUNCTION","buildName":"projects/389481198252/locations/us-central1/builds/afab1a45-267d-4af0-b282-7628ffc390f1"},"done":false}
[debug] [2025-10-28T02:13:43.362Z] Got source token Cldwcm9qZWN0cy8zODk0ODExOTgyNTIvbG9jYXRpb25zL3VzLWNlbnRyYWwxL2J1aWxkcy9hZmFiMWE0NS0yNjdkLTRhZjAtYjI4Mi03NjI4ZmZjMzkwZjEScHVzLWNlbnRyYWwxLWRvY2tlci5wa2cuZGV2L2NybWRvY2VyaWEtOTk1OWUvZ2NmLWFydGlmYWN0cy9jcm1kb2NlcmlhLS05OTU5ZV9fdXMtLWNlbnRyYWwxX19jcmVhdGVfdXNlcjp2ZXJzaW9uXzEYrOWN96oLIkRwcm9qZWN0cy9jcm1kb2NlcmlhLTk5NTllL2xvY2F0aW9ucy91cy1jZW50cmFsMS9mdW5jdGlvbnMvY3JlYXRlVXNlcioLCNfNgMgGEMifynoyCG5vZGVqczIwOnYKI2djci5pby9nYWUtcnVudGltZXMvbm9kZWpzMjA6c3RhYmxlEk91cy1jZW50cmFsMS1kb2NrZXIucGtnLmRldi9zZXJ2ZXJsZXNzLXJ1bnRpbWVzL2dvb2dsZS0yMi1mdWxsL3J1bnRpbWVzL25vZGVqczIwQAE= for region us-central1
[debug] [2025-10-28T02:13:43.442Z] <<< [apiv2][status] GET https://cloudfunctions.googleapis.com/v2/projects/crmdoceria-9959e/locations/us-central1/operations/operation-1761617568271-6422e8d630e3d-946165cb-5bcd63f8 200
[debug] [2025-10-28T02:13:43.442Z] <<< [apiv2][body] GET https://cloudfunctions.googleapis.com/v2/projects/crmdoceria-9959e/locations/us-central1/operations/operation-1761617568271-6422e8d630e3d-946165cb-5bcd63f8 {"name":"projects/crmdoceria-9959e/locations/us-central1/operations/operation-1761617568271-6422e8d630e3d-946165cb-5bcd63f8","metadata":{"@type":"type.googleapis.com/google.cloud.functions.v2.OperationMetadata","createTime":"2025-10-28T02:12:49.137522924Z","target":"projects/crmdoceria-9959e/locations/us-central1/functions/updateUser","verb":"update","cancelRequested":false,"apiVersion":"v2","requestResource":{"@type":"type.googleapis.com/google.cloud.functions.v2.Function","name":"projects/crmdoceria-9959e/locations/us-central1/functions/updateUser","buildConfig":{"runtime":"nodejs20","entryPoint":"updateUser","source":{"storageSource":{"bucket":"gcf-v2-sources-389481198252-us-central1","object":"updateUser/function-source.zip","generation":"1761617569087809"}},"environmentVariables":{"GOOGLE_NODE_RUN_SCRIPTS":""},"dockerRepository":"projects/crmdoceria-9959e/locations/us-central1/repositories/gcf-artifacts","sourceProvenance":{"resolvedStorageSource":{"bucket":"gcf-v2-sources-389481198252-us-central1","object":"updateUser/function-source.zip","generation":"1761604792453501"}},"dockerRegistry":"ARTIFACT_REGISTRY","serviceAccount":"projects/crmdoceria-9959e/serviceAccounts/389481198252-compute@developer.gserviceaccount.com","automaticUpdatePolicy":{}},"serviceConfig":{"service":"projects/crmdoceria-9959e/locations/us-central1/services/updateuser","timeoutSeconds":60,"environmentVariables":{"FIREBASE_CONFIG":"{\"projectId\":\"crmdoceria-9959e\",\"storageBucket\":\"crmdoceria-9959e.firebasestorage.app\"}","GCLOUD_PROJECT":"crmdoceria-9959e","EVENTARC_CLOUD_EVENT_SOURCE":"projects/crmdoceria-9959e/locations/us-central1/services/updateUser","FUNCTION_TARGET":"updateUser","LOG_EXECUTION_ID":"true","FUNCTION_SIGNATURE_TYPE":"http"},"ingressSettings":"ALLOW_ALL","uri":"https://updateuser-6i65vyioiq-uc.a.run.app","serviceAccountEmail":"389481198252-compute@developer.gserviceaccount.com","availableMemory":"256Mi","allTrafficOnLatestRevision":true,"revision":"updateuser-00005-ruq","maxInstanceRequestConcurrency":80,"availableCpu":"1"},"state":"ACTIVE","labels":{"deployment-tool":"cli-firebase","deployment-callable":"true","firebase-functions-hash":"3e69db12fecee57a4134980ad661d1e5d22d9f32"},"environment":"GEN_2","url":"https://us-central1-crmdoceria-9959e.cloudfunctions.net/updateUser","satisfiesPzi":true},"stages":[{"name":"BUILD","message":"Build in progress","state":"IN_PROGRESS","resource":"projects/389481198252/locations/us-central1/builds/a8f9bca5-4437-46c1-b31a-e98c7f8e2080","resourceUri":"https://console.cloud.google.com/cloud-build/builds;region=us-central1/a8f9bca5-4437-46c1-b31a-e98c7f8e2080?project=389481198252"},{"name":"SERVICE","state":"NOT_STARTED"}],"operationType":"UPDATE_FUNCTION","buildName":"projects/389481198252/locations/us-central1/builds/a8f9bca5-4437-46c1-b31a-e98c7f8e2080"},"done":false}
[debug] [2025-10-28T02:13:43.456Z] <<< [apiv2][status] GET https://cloudfunctions.googleapis.com/v2/projects/crmdoceria-9959e/locations/us-central1/operations/operation-1761617568167-6422e8d61783d-1b783a05-7c42065d 200
[debug] [2025-10-28T02:13:43.456Z] <<< [apiv2][body] GET https://cloudfunctions.googleapis.com/v2/projects/crmdoceria-9959e/locations/us-central1/operations/operation-1761617568167-6422e8d61783d-1b783a05-7c42065d {"name":"projects/crmdoceria-9959e/locations/us-central1/operations/operation-1761617568167-6422e8d61783d-1b783a05-7c42065d","metadata":{"@type":"type.googleapis.com/google.cloud.functions.v2.OperationMetadata","createTime":"2025-10-28T02:12:49.113773452Z","endTime":"2025-10-28T02:13:41.018815808Z","target":"projects/crmdoceria-9959e/locations/us-central1/functions/api","verb":"update","cancelRequested":false,"apiVersion":"v2","requestResource":{"@type":"type.googleapis.com/google.cloud.functions.v2.Function","name":"projects/crmdoceria-9959e/locations/us-central1/functions/api","buildConfig":{"runtime":"nodejs20","entryPoint":"api","source":{"storageSource":{"bucket":"gcf-v2-sources-389481198252-us-central1","object":"api/function-source.zip","generation":"1761617569071007"}},"environmentVariables":{"GOOGLE_NODE_RUN_SCRIPTS":""},"dockerRepository":"projects/crmdoceria-9959e/locations/us-central1/repositories/gcf-artifacts","sourceProvenance":{"resolvedStorageSource":{"bucket":"gcf-v2-sources-389481198252-us-central1","object":"api/function-source.zip","generation":"1761604735685410"}},"dockerRegistry":"ARTIFACT_REGISTRY","serviceAccount":"projects/crmdoceria-9959e/serviceAccounts/389481198252-compute@developer.gserviceaccount.com","automaticUpdatePolicy":{}},"serviceConfig":{"service":"projects/crmdoceria-9959e/locations/us-central1/services/api","timeoutSeconds":60,"environmentVariables":{"FIREBASE_CONFIG":"{\"projectId\":\"crmdoceria-9959e\",\"storageBucket\":\"crmdoceria-9959e.firebasestorage.app\"}","GCLOUD_PROJECT":"crmdoceria-9959e","EVENTARC_CLOUD_EVENT_SOURCE":"projects/crmdoceria-9959e/locations/us-central1/services/api","FUNCTION_TARGET":"api","LOG_EXECUTION_ID":"true","FUNCTION_SIGNATURE_TYPE":"http"},"ingressSettings":"ALLOW_ALL","uri":"https://api-6i65vyioiq-uc.a.run.app","serviceAccountEmail":"389481198252-compute@developer.gserviceaccount.com","availableMemory":"256Mi","allTrafficOnLatestRevision":true,"revision":"api-00006-cuq","maxInstanceRequestConcurrency":80,"availableCpu":"1"},"state":"ACTIVE","labels":{"deployment-tool":"cli-firebase","firebase-functions-hash":"3e69db12fecee57a4134980ad661d1e5d22d9f32"},"environment":"GEN_2","url":"https://us-central1-crmdoceria-9959e.cloudfunctions.net/api","satisfiesPzi":true},"stages":[{"name":"BUILD","message":"Build finished","state":"COMPLETE","resource":"projects/389481198252/locations/us-central1/builds/b0d64fbf-3ccc-4a9c-8748-73cda997d037","resourceUri":"https://console.cloud.google.com/cloud-build/builds;region=us-central1/b0d64fbf-3ccc-4a9c-8748-73cda997d037?project=389481198252"},{"name":"SERVICE","message":"Updating Cloud Run service","state":"COMPLETE","resource":"projects/crmdoceria-9959e/locations/us-central1/services/api","resourceUri":"https://console.cloud.google.com/run/detail/us-central1/api?project=crmdoceria-9959e","stateMessages":[{"severity":"INFO","type":"CloudRunServiceNewRevisionTrafficInfo","message":"A new revision will be deployed serving with 100% traffic."}]}],"sourceToken":"Cldwcm9qZWN0cy8zODk0ODExOTgyNTIvbG9jYXRpb25zL3VzLWNlbnRyYWwxL2J1aWxkcy9iMGQ2NGZiZi0zY2NjLTRhOWMtODc0OC03M2NkYTk5N2QwMzcSaHVzLWNlbnRyYWwxLWRvY2tlci5wa2cuZGV2L2NybWRvY2VyaWEtOTk1OWUvZ2NmLWFydGlmYWN0cy9jcm1kb2NlcmlhLS05OTU5ZV9fdXMtLWNlbnRyYWwxX19hcGk6dmVyc2lvbl8xGKzljfeqCyI9cHJvamVjdHMvY3JtZG9jZXJpYS05OTU5ZS9sb2NhdGlvbnMvdXMtY2VudHJhbDEvZnVuY3Rpb25zL2FwaSoLCM3NgMgGEICCoAMyCG5vZGVqczIwOnYKI2djci5pby9nYWUtcnVudGltZXMvbm9kZWpzMjA6c3RhYmxlEk91cy1jZW50cmFsMS1kb2NrZXIucGtnLmRldi9zZXJ2ZXJsZXNzLXJ1bnRpbWVzL2dvb2dsZS0yMi1mdWxsL3J1bnRpbWVzL25vZGVqczIwQAE=","operationType":"UPDATE_FUNCTION","buildName":"projects/389481198252/locations/us-central1/builds/b0d64fbf-3ccc-4a9c-8748-73cda997d037"},"done":true,"response":{"@type":"type.googleapis.com/google.cloud.functions.v2.Function","name":"projects/crmdoceria-9959e/locations/us-central1/functions/api","buildConfig":{"build":"projects/389481198252/locations/us-central1/builds/b0d64fbf-3ccc-4a9c-8748-73cda997d037","runtime":"nodejs20","entryPoint":"api","source":{"storageSource":{"bucket":"gcf-v2-sources-389481198252-us-central1","object":"api/function-source.zip","generation":"1761617569071007"}},"environmentVariables":{"GOOGLE_NODE_RUN_SCRIPTS":""},"dockerRepository":"projects/crmdoceria-9959e/locations/us-central1/repositories/gcf-artifacts","sourceProvenance":{"resolvedStorageSource":{"bucket":"gcf-v2-sources-389481198252-us-central1","object":"api/function-source.zip","generation":"1761617569071007"}},"dockerRegistry":"ARTIFACT_REGISTRY","serviceAccount":"projects/crmdoceria-9959e/serviceAccounts/389481198252-compute@developer.gserviceaccount.com","automaticUpdatePolicy":{}},"serviceConfig":{"service":"projects/crmdoceria-9959e/locations/us-central1/services/api","timeoutSeconds":60,"environmentVariables":{"FIREBASE_CONFIG":"{\"projectId\":\"crmdoceria-9959e\",\"storageBucket\":\"crmdoceria-9959e.firebasestorage.app\"}","GCLOUD_PROJECT":"crmdoceria-9959e","EVENTARC_CLOUD_EVENT_SOURCE":"projects/crmdoceria-9959e/locations/us-central1/services/api","FUNCTION_TARGET":"api","LOG_EXECUTION_ID":"true","FUNCTION_SIGNATURE_TYPE":"http"},"maxInstanceCount":20,"ingressSettings":"ALLOW_ALL","uri":"https://api-6i65vyioiq-uc.a.run.app","serviceAccountEmail":"389481198252-compute@developer.gserviceaccount.com","availableMemory":"256Mi","allTrafficOnLatestRevision":true,"revision":"api-00007-fay","maxInstanceRequestConcurrency":80,"availableCpu":"1"},"state":"ACTIVE","updateTime":"2025-10-28T02:12:49.116220049Z","labels":{"deployment-tool":"cli-firebase","firebase-functions-hash":"3e69db12fecee57a4134980ad661d1e5d22d9f32"},"environment":"GEN_2","url":"https://us-central1-crmdoceria-9959e.cloudfunctions.net/api","createTime":"2025-10-02T14:52:03.959767524Z","satisfiesPzi":true}}
[debug] [2025-10-28T02:13:43.456Z] Got source token Cldwcm9qZWN0cy8zODk0ODExOTgyNTIvbG9jYXRpb25zL3VzLWNlbnRyYWwxL2J1aWxkcy9iMGQ2NGZiZi0zY2NjLTRhOWMtODc0OC03M2NkYTk5N2QwMzcSaHVzLWNlbnRyYWwxLWRvY2tlci5wa2cuZGV2L2NybWRvY2VyaWEtOTk1OWUvZ2NmLWFydGlmYWN0cy9jcm1kb2NlcmlhLS05OTU5ZV9fdXMtLWNlbnRyYWwxX19hcGk6dmVyc2lvbl8xGKzljfeqCyI9cHJvamVjdHMvY3JtZG9jZXJpYS05OTU5ZS9sb2NhdGlvbnMvdXMtY2VudHJhbDEvZnVuY3Rpb25zL2FwaSoLCM3NgMgGEICCoAMyCG5vZGVqczIwOnYKI2djci5pby9nYWUtcnVudGltZXMvbm9kZWpzMjA6c3RhYmxlEk91cy1jZW50cmFsMS1kb2NrZXIucGtnLmRldi9zZXJ2ZXJsZXNzLXJ1bnRpbWVzL2dvb2dsZS0yMi1mdWxsL3J1bnRpbWVzL25vZGVqczIwQAE= for region us-central1
[info] +  functions[api(us-central1)] Successful update operation. 
[debug] [2025-10-28T02:13:43.528Z] <<< [apiv2][status] GET https://cloudfunctions.googleapis.com/v2/projects/crmdoceria-9959e/locations/us-central1/operations/operation-1761617568268-6422e8d6301b6-ba73ba3c-ea79e894 200
[debug] [2025-10-28T02:13:43.529Z] <<< [apiv2][body] GET https://cloudfunctions.googleapis.com/v2/projects/crmdoceria-9959e/locations/us-central1/operations/operation-1761617568268-6422e8d6301b6-ba73ba3c-ea79e894 {"name":"projects/crmdoceria-9959e/locations/us-central1/operations/operation-1761617568268-6422e8d6301b6-ba73ba3c-ea79e894","metadata":{"@type":"type.googleapis.com/google.cloud.functions.v2.OperationMetadata","createTime":"2025-10-28T02:12:49.083803961Z","target":"projects/crmdoceria-9959e/locations/us-central1/functions/updateUserPassword","verb":"update","cancelRequested":false,"apiVersion":"v2","requestResource":{"@type":"type.googleapis.com/google.cloud.functions.v2.Function","name":"projects/crmdoceria-9959e/locations/us-central1/functions/updateUserPassword","buildConfig":{"runtime":"nodejs20","entryPoint":"updateUserPassword","source":{"storageSource":{"bucket":"gcf-v2-sources-389481198252-us-central1","object":"updateUserPassword/function-source.zip","generation":"1761617569037178"}},"environmentVariables":{"GOOGLE_NODE_RUN_SCRIPTS":""},"dockerRepository":"projects/crmdoceria-9959e/locations/us-central1/repositories/gcf-artifacts","sourceProvenance":{"resolvedStorageSource":{"bucket":"gcf-v2-sources-389481198252-us-central1","object":"updateUserPassword/function-source.zip","generation":"1761604792411875"}},"dockerRegistry":"ARTIFACT_REGISTRY","serviceAccount":"projects/crmdoceria-9959e/serviceAccounts/389481198252-compute@developer.gserviceaccount.com","automaticUpdatePolicy":{}},"serviceConfig":{"service":"projects/crmdoceria-9959e/locations/us-central1/services/updateuserpassword","timeoutSeconds":60,"environmentVariables":{"FIREBASE_CONFIG":"{\"projectId\":\"crmdoceria-9959e\",\"storageBucket\":\"crmdoceria-9959e.firebasestorage.app\"}","GCLOUD_PROJECT":"crmdoceria-9959e","EVENTARC_CLOUD_EVENT_SOURCE":"projects/crmdoceria-9959e/locations/us-central1/services/updateUserPassword","FUNCTION_TARGET":"updateUserPassword","LOG_EXECUTION_ID":"true","FUNCTION_SIGNATURE_TYPE":"http"},"ingressSettings":"ALLOW_ALL","uri":"https://updateuserpassword-6i65vyioiq-uc.a.run.app","serviceAccountEmail":"389481198252-compute@developer.gserviceaccount.com","availableMemory":"256Mi","allTrafficOnLatestRevision":true,"revision":"updateuserpassword-00005-yap","maxInstanceRequestConcurrency":80,"availableCpu":"1"},"state":"ACTIVE","labels":{"deployment-tool":"cli-firebase","deployment-callable":"true","firebase-functions-hash":"3e69db12fecee57a4134980ad661d1e5d22d9f32"},"environment":"GEN_2","url":"https://us-central1-crmdoceria-9959e.cloudfunctions.net/updateUserPassword","satisfiesPzi":true},"stages":[{"name":"BUILD","message":"Build finished","state":"COMPLETE","resource":"projects/389481198252/locations/us-central1/builds/efd47067-f306-4bb8-afc3-e07eba1dbf29","resourceUri":"https://console.cloud.google.com/cloud-build/builds;region=us-central1/efd47067-f306-4bb8-afc3-e07eba1dbf29?project=389481198252"},{"name":"SERVICE","message":"Updating Cloud Run service","state":"IN_PROGRESS","resource":"projects/crmdoceria-9959e/locations/us-central1/services/updateuserpassword","resourceUri":"https://console.cloud.google.com/run/detail/us-central1/updateuserpassword?project=crmdoceria-9959e","stateMessages":[{"severity":"INFO","type":"CloudRunServiceNewRevisionTrafficInfo","message":"A new revision will be deployed serving with 100% traffic."}]}],"sourceToken":"Cldwcm9qZWN0cy8zODk0ODExOTgyNTIvbG9jYXRpb25zL3VzLWNlbnRyYWwxL2J1aWxkcy9lZmQ0NzA2Ny1mMzA2LTRiYjgtYWZjMy1lMDdlYmExZGJmMjkSeXVzLWNlbnRyYWwxLWRvY2tlci5wa2cuZGV2L2NybWRvY2VyaWEtOTk1OWUvZ2NmLWFydGlmYWN0cy9jcm1kb2NlcmlhLS05OTU5ZV9fdXMtLWNlbnRyYWwxX191cGRhdGVfdXNlcl9wYXNzd29yZDp2ZXJzaW9uXzEYrOWN96oLIkxwcm9qZWN0cy9jcm1kb2NlcmlhLTk5NTllL2xvY2F0aW9ucy91cy1jZW50cmFsMS9mdW5jdGlvbnMvdXBkYXRlVXNlclBhc3N3b3JkKgsI0M2AyAYQiJWTTzIIbm9kZWpzMjA6dgojZ2NyLmlvL2dhZS1ydW50aW1lcy9ub2RlanMyMDpzdGFibGUST3VzLWNlbnRyYWwxLWRvY2tlci5wa2cuZGV2L3NlcnZlcmxlc3MtcnVudGltZXMvZ29vZ2xlLTIyLWZ1bGwvcnVudGltZXMvbm9kZWpzMjBAAQ==","operationType":"UPDATE_FUNCTION","buildName":"projects/389481198252/locations/us-central1/builds/efd47067-f306-4bb8-afc3-e07eba1dbf29"},"done":false}
[debug] [2025-10-28T02:13:43.529Z] Got source token Cldwcm9qZWN0cy8zODk0ODExOTgyNTIvbG9jYXRpb25zL3VzLWNlbnRyYWwxL2J1aWxkcy9lZmQ0NzA2Ny1mMzA2LTRiYjgtYWZjMy1lMDdlYmExZGJmMjkSeXVzLWNlbnRyYWwxLWRvY2tlci5wa2cuZGV2L2NybWRvY2VyaWEtOTk1OWUvZ2NmLWFydGlmYWN0cy9jcm1kb2NlcmlhLS05OTU5ZV9fdXMtLWNlbnRyYWwxX191cGRhdGVfdXNlcl9wYXNzd29yZDp2ZXJzaW9uXzEYrOWN96oLIkxwcm9qZWN0cy9jcm1kb2NlcmlhLTk5NTllL2xvY2F0aW9ucy91cy1jZW50cmFsMS9mdW5jdGlvbnMvdXBkYXRlVXNlclBhc3N3b3JkKgsI0M2AyAYQiJWTTzIIbm9kZWpzMjA6dgojZ2NyLmlvL2dhZS1ydW50aW1lcy9ub2RlanMyMDpzdGFibGUST3VzLWNlbnRyYWwxLWRvY2tlci5wa2cuZGV2L3NlcnZlcmxlc3MtcnVudGltZXMvZ29vZ2xlLTIyLWZ1bGwvcnVudGltZXMvbm9kZWpzMjBAAQ== for region us-central1
[debug] [2025-10-28T02:13:43.555Z] <<< [apiv2][status] GET https://cloudfunctions.googleapis.com/v2/projects/crmdoceria-9959e/locations/us-central1/operations/operation-1761617568270-6422e8d630a3a-1985be96-78d90479 200
[debug] [2025-10-28T02:13:43.555Z] <<< [apiv2][body] GET https://cloudfunctions.googleapis.com/v2/projects/crmdoceria-9959e/locations/us-central1/operations/operation-1761617568270-6422e8d630a3a-1985be96-78d90479 {"name":"projects/crmdoceria-9959e/locations/us-central1/operations/operation-1761617568270-6422e8d630a3a-1985be96-78d90479","metadata":{"@type":"type.googleapis.com/google.cloud.functions.v2.OperationMetadata","createTime":"2025-10-28T02:12:49.169162186Z","target":"projects/crmdoceria-9959e/locations/us-central1/functions/deleteUser","verb":"update","cancelRequested":false,"apiVersion":"v2","requestResource":{"@type":"type.googleapis.com/google.cloud.functions.v2.Function","name":"projects/crmdoceria-9959e/locations/us-central1/functions/deleteUser","buildConfig":{"runtime":"nodejs20","entryPoint":"deleteUser","source":{"storageSource":{"bucket":"gcf-v2-sources-389481198252-us-central1","object":"deleteUser/function-source.zip","generation":"1761617569096032"}},"environmentVariables":{"GOOGLE_NODE_RUN_SCRIPTS":""},"dockerRepository":"projects/crmdoceria-9959e/locations/us-central1/repositories/gcf-artifacts","sourceProvenance":{"resolvedStorageSource":{"bucket":"gcf-v2-sources-389481198252-us-central1","object":"deleteUser/function-source.zip","generation":"1761604792413414"}},"dockerRegistry":"ARTIFACT_REGISTRY","serviceAccount":"projects/crmdoceria-9959e/serviceAccounts/389481198252-compute@developer.gserviceaccount.com","automaticUpdatePolicy":{}},"serviceConfig":{"service":"projects/crmdoceria-9959e/locations/us-central1/services/deleteuser","timeoutSeconds":60,"environmentVariables":{"FIREBASE_CONFIG":"{\"projectId\":\"crmdoceria-9959e\",\"storageBucket\":\"crmdoceria-9959e.firebasestorage.app\"}","GCLOUD_PROJECT":"crmdoceria-9959e","EVENTARC_CLOUD_EVENT_SOURCE":"projects/crmdoceria-9959e/locations/us-central1/services/deleteUser","FUNCTION_TARGET":"deleteUser","LOG_EXECUTION_ID":"true","FUNCTION_SIGNATURE_TYPE":"http"},"ingressSettings":"ALLOW_ALL","uri":"https://deleteuser-6i65vyioiq-uc.a.run.app","serviceAccountEmail":"389481198252-compute@developer.gserviceaccount.com","availableMemory":"256Mi","allTrafficOnLatestRevision":true,"revision":"deleteuser-00005-hoj","maxInstanceRequestConcurrency":80,"availableCpu":"1"},"state":"ACTIVE","labels":{"deployment-tool":"cli-firebase","deployment-callable":"true","firebase-functions-hash":"3e69db12fecee57a4134980ad661d1e5d22d9f32"},"environment":"GEN_2","url":"https://us-central1-crmdoceria-9959e.cloudfunctions.net/deleteUser","satisfiesPzi":true},"stages":[{"name":"BUILD","message":"Build in progress","state":"IN_PROGRESS","resource":"projects/389481198252/locations/us-central1/builds/ecf9631a-17bb-469c-98a6-ae1077ba8880","resourceUri":"https://console.cloud.google.com/cloud-build/builds;region=us-central1/ecf9631a-17bb-469c-98a6-ae1077ba8880?project=389481198252"},{"name":"SERVICE","state":"NOT_STARTED"}],"operationType":"UPDATE_FUNCTION","buildName":"projects/389481198252/locations/us-central1/builds/ecf9631a-17bb-469c-98a6-ae1077ba8880"},"done":false}
[debug] [2025-10-28T02:13:53.365Z] [update-default-us-central1-createUser] Retrying task index 0
[debug] [2025-10-28T02:13:53.365Z] Checked if tokens are valid: true, expires at: 1761621106407
[debug] [2025-10-28T02:13:53.366Z] Checked if tokens are valid: true, expires at: 1761621106407
[debug] [2025-10-28T02:13:53.366Z] >>> [apiv2][query] GET https://cloudfunctions.googleapis.com/v2/projects/crmdoceria-9959e/locations/us-central1/operations/operation-1761617568239-6422e8d628e94-6c18cc95-9cff9920 [none]
[debug] [2025-10-28T02:13:53.444Z] [update-default-us-central1-updateUser] Retrying task index 0
[debug] [2025-10-28T02:13:53.444Z] Checked if tokens are valid: true, expires at: 1761621106407
[debug] [2025-10-28T02:13:53.444Z] Checked if tokens are valid: true, expires at: 1761621106407
[debug] [2025-10-28T02:13:53.444Z] >>> [apiv2][query] GET https://cloudfunctions.googleapis.com/v2/projects/crmdoceria-9959e/locations/us-central1/operations/operation-1761617568271-6422e8d630e3d-946165cb-5bcd63f8 [none]
[debug] [2025-10-28T02:13:53.536Z] [update-default-us-central1-updateUserPassword] Retrying task index 0
[debug] [2025-10-28T02:13:53.536Z] Checked if tokens are valid: true, expires at: 1761621106407
[debug] [2025-10-28T02:13:53.536Z] Checked if tokens are valid: true, expires at: 1761621106407
[debug] [2025-10-28T02:13:53.536Z] >>> [apiv2][query] GET https://cloudfunctions.googleapis.com/v2/projects/crmdoceria-9959e/locations/us-central1/operations/operation-1761617568268-6422e8d6301b6-ba73ba3c-ea79e894 [none]
[debug] [2025-10-28T02:13:53.566Z] [update-default-us-central1-deleteUser] Retrying task index 0
[debug] [2025-10-28T02:13:53.566Z] Checked if tokens are valid: true, expires at: 1761621106407
[debug] [2025-10-28T02:13:53.566Z] Checked if tokens are valid: true, expires at: 1761621106407
[debug] [2025-10-28T02:13:53.566Z] >>> [apiv2][query] GET https://cloudfunctions.googleapis.com/v2/projects/crmdoceria-9959e/locations/us-central1/operations/operation-1761617568270-6422e8d630a3a-1985be96-78d90479 [none]
[debug] [2025-10-28T02:13:54.415Z] <<< [apiv2][status] GET https://cloudfunctions.googleapis.com/v2/projects/crmdoceria-9959e/locations/us-central1/operations/operation-1761617568239-6422e8d628e94-6c18cc95-9cff9920 200
[debug] [2025-10-28T02:13:54.415Z] <<< [apiv2][body] GET https://cloudfunctions.googleapis.com/v2/projects/crmdoceria-9959e/locations/us-central1/operations/operation-1761617568239-6422e8d628e94-6c18cc95-9cff9920 {"name":"projects/crmdoceria-9959e/locations/us-central1/operations/operation-1761617568239-6422e8d628e94-6c18cc95-9cff9920","metadata":{"@type":"type.googleapis.com/google.cloud.functions.v2.OperationMetadata","createTime":"2025-10-28T02:12:49.083981340Z","endTime":"2025-10-28T02:13:53.322331061Z","target":"projects/crmdoceria-9959e/locations/us-central1/functions/createUser","verb":"update","cancelRequested":false,"apiVersion":"v2","requestResource":{"@type":"type.googleapis.com/google.cloud.functions.v2.Function","name":"projects/crmdoceria-9959e/locations/us-central1/functions/createUser","buildConfig":{"runtime":"nodejs20","entryPoint":"createUser","source":{"storageSource":{"bucket":"gcf-v2-sources-389481198252-us-central1","object":"createUser/function-source.zip","generation":"1761617569029450"}},"environmentVariables":{"GOOGLE_NODE_RUN_SCRIPTS":""},"dockerRepository":"projects/crmdoceria-9959e/locations/us-central1/repositories/gcf-artifacts","sourceProvenance":{"resolvedStorageSource":{"bucket":"gcf-v2-sources-389481198252-us-central1","object":"createUser/function-source.zip","generation":"1761604792409765"}},"dockerRegistry":"ARTIFACT_REGISTRY","serviceAccount":"projects/crmdoceria-9959e/serviceAccounts/389481198252-compute@developer.gserviceaccount.com","automaticUpdatePolicy":{}},"serviceConfig":{"service":"projects/crmdoceria-9959e/locations/us-central1/services/createuser","timeoutSeconds":60,"environmentVariables":{"FIREBASE_CONFIG":"{\"projectId\":\"crmdoceria-9959e\",\"storageBucket\":\"crmdoceria-9959e.firebasestorage.app\"}","GCLOUD_PROJECT":"crmdoceria-9959e","EVENTARC_CLOUD_EVENT_SOURCE":"projects/crmdoceria-9959e/locations/us-central1/services/createUser","FUNCTION_TARGET":"createUser","LOG_EXECUTION_ID":"true","FUNCTION_SIGNATURE_TYPE":"http"},"ingressSettings":"ALLOW_ALL","uri":"https://createuser-6i65vyioiq-uc.a.run.app","serviceAccountEmail":"389481198252-compute@developer.gserviceaccount.com","availableMemory":"256Mi","allTrafficOnLatestRevision":true,"revision":"createuser-00005-duk","maxInstanceRequestConcurrency":80,"availableCpu":"1"},"state":"ACTIVE","labels":{"deployment-tool":"cli-firebase","deployment-callable":"true","firebase-functions-hash":"3e69db12fecee57a4134980ad661d1e5d22d9f32"},"environment":"GEN_2","url":"https://us-central1-crmdoceria-9959e.cloudfunctions.net/createUser","satisfiesPzi":true},"stages":[{"name":"BUILD","message":"Build finished","state":"COMPLETE","resource":"projects/389481198252/locations/us-central1/builds/afab1a45-267d-4af0-b282-7628ffc390f1","resourceUri":"https://console.cloud.google.com/cloud-build/builds;region=us-central1/afab1a45-267d-4af0-b282-7628ffc390f1?project=389481198252"},{"name":"SERVICE","message":"Updating Cloud Run service","state":"COMPLETE","resource":"projects/crmdoceria-9959e/locations/us-central1/services/createuser","resourceUri":"https://console.cloud.google.com/run/detail/us-central1/createuser?project=crmdoceria-9959e","stateMessages":[{"severity":"INFO","type":"CloudRunServiceNewRevisionTrafficInfo","message":"A new revision will be deployed serving with 100% traffic."}]}],"sourceToken":"Cldwcm9qZWN0cy8zODk0ODExOTgyNTIvbG9jYXRpb25zL3VzLWNlbnRyYWwxL2J1aWxkcy9hZmFiMWE0NS0yNjdkLTRhZjAtYjI4Mi03NjI4ZmZjMzkwZjEScHVzLWNlbnRyYWwxLWRvY2tlci5wa2cuZGV2L2NybWRvY2VyaWEtOTk1OWUvZ2NmLWFydGlmYWN0cy9jcm1kb2NlcmlhLS05OTU5ZV9fdXMtLWNlbnRyYWwxX19jcmVhdGVfdXNlcjp2ZXJzaW9uXzEYrOWN96oLIkRwcm9qZWN0cy9jcm1kb2NlcmlhLTk5NTllL2xvY2F0aW9ucy91cy1jZW50cmFsMS9mdW5jdGlvbnMvY3JlYXRlVXNlcioLCNfNgMgGEMifynoyCG5vZGVqczIwOnYKI2djci5pby9nYWUtcnVudGltZXMvbm9kZWpzMjA6c3RhYmxlEk91cy1jZW50cmFsMS1kb2NrZXIucGtnLmRldi9zZXJ2ZXJsZXNzLXJ1bnRpbWVzL2dvb2dsZS0yMi1mdWxsL3J1bnRpbWVzL25vZGVqczIwQAE=","operationType":"UPDATE_FUNCTION","buildName":"projects/389481198252/locations/us-central1/builds/afab1a45-267d-4af0-b282-7628ffc390f1"},"done":true,"response":{"@type":"type.googleapis.com/google.cloud.functions.v2.Function","name":"projects/crmdoceria-9959e/locations/us-central1/functions/createUser","buildConfig":{"build":"projects/389481198252/locations/us-central1/builds/afab1a45-267d-4af0-b282-7628ffc390f1","runtime":"nodejs20","entryPoint":"createUser","source":{"storageSource":{"bucket":"gcf-v2-sources-389481198252-us-central1","object":"createUser/function-source.zip","generation":"1761617569029450"}},"environmentVariables":{"GOOGLE_NODE_RUN_SCRIPTS":""},"dockerRepository":"projects/crmdoceria-9959e/locations/us-central1/repositories/gcf-artifacts","sourceProvenance":{"resolvedStorageSource":{"bucket":"gcf-v2-sources-389481198252-us-central1","object":"createUser/function-source.zip","generation":"1761617569029450"}},"dockerRegistry":"ARTIFACT_REGISTRY","serviceAccount":"projects/crmdoceria-9959e/serviceAccounts/389481198252-compute@developer.gserviceaccount.com","automaticUpdatePolicy":{}},"serviceConfig":{"service":"projects/crmdoceria-9959e/locations/us-central1/services/createuser","timeoutSeconds":60,"environmentVariables":{"FIREBASE_CONFIG":"{\"projectId\":\"crmdoceria-9959e\",\"storageBucket\":\"crmdoceria-9959e.firebasestorage.app\"}","GCLOUD_PROJECT":"crmdoceria-9959e","EVENTARC_CLOUD_EVENT_SOURCE":"projects/crmdoceria-9959e/locations/us-central1/services/createUser","FUNCTION_TARGET":"createUser","LOG_EXECUTION_ID":"true","FUNCTION_SIGNATURE_TYPE":"http"},"maxInstanceCount":20,"ingressSettings":"ALLOW_ALL","uri":"https://createuser-6i65vyioiq-uc.a.run.app","serviceAccountEmail":"389481198252-compute@developer.gserviceaccount.com","availableMemory":"256Mi","allTrafficOnLatestRevision":true,"revision":"createuser-00006-bad","maxInstanceRequestConcurrency":80,"availableCpu":"1"},"state":"ACTIVE","updateTime":"2025-10-28T02:12:49.086010212Z","labels":{"deployment-tool":"cli-firebase","deployment-callable":"true","firebase-functions-hash":"3e69db12fecee57a4134980ad661d1e5d22d9f32"},"environment":"GEN_2","url":"https://us-central1-crmdoceria-9959e.cloudfunctions.net/createUser","createTime":"2025-10-02T17:18:14.055479900Z","satisfiesPzi":true}}
[debug] [2025-10-28T02:13:54.415Z] Got source token Cldwcm9qZWN0cy8zODk0ODExOTgyNTIvbG9jYXRpb25zL3VzLWNlbnRyYWwxL2J1aWxkcy9hZmFiMWE0NS0yNjdkLTRhZjAtYjI4Mi03NjI4ZmZjMzkwZjEScHVzLWNlbnRyYWwxLWRvY2tlci5wa2cuZGV2L2NybWRvY2VyaWEtOTk1OWUvZ2NmLWFydGlmYWN0cy9jcm1kb2NlcmlhLS05OTU5ZV9fdXMtLWNlbnRyYWwxX19jcmVhdGVfdXNlcjp2ZXJzaW9uXzEYrOWN96oLIkRwcm9qZWN0cy9jcm1kb2NlcmlhLTk5NTllL2xvY2F0aW9ucy91cy1jZW50cmFsMS9mdW5jdGlvbnMvY3JlYXRlVXNlcioLCNfNgMgGEMifynoyCG5vZGVqczIwOnYKI2djci5pby9nYWUtcnVudGltZXMvbm9kZWpzMjA6c3RhYmxlEk91cy1jZW50cmFsMS1kb2NrZXIucGtnLmRldi9zZXJ2ZXJsZXNzLXJ1bnRpbWVzL2dvb2dsZS0yMi1mdWxsL3J1bnRpbWVzL25vZGVqczIwQAE= for region us-central1
[info] +  functions[createUser(us-central1)] Successful update operation. 
[debug] [2025-10-28T02:13:54.526Z] <<< [apiv2][status] GET https://cloudfunctions.googleapis.com/v2/projects/crmdoceria-9959e/locations/us-central1/operations/operation-1761617568268-6422e8d6301b6-ba73ba3c-ea79e894 200
[debug] [2025-10-28T02:13:54.526Z] <<< [apiv2][body] GET https://cloudfunctions.googleapis.com/v2/projects/crmdoceria-9959e/locations/us-central1/operations/operation-1761617568268-6422e8d6301b6-ba73ba3c-ea79e894 {"name":"projects/crmdoceria-9959e/locations/us-central1/operations/operation-1761617568268-6422e8d6301b6-ba73ba3c-ea79e894","metadata":{"@type":"type.googleapis.com/google.cloud.functions.v2.OperationMetadata","createTime":"2025-10-28T02:12:49.083803961Z","endTime":"2025-10-28T02:13:44.070177236Z","target":"projects/crmdoceria-9959e/locations/us-central1/functions/updateUserPassword","verb":"update","cancelRequested":false,"apiVersion":"v2","requestResource":{"@type":"type.googleapis.com/google.cloud.functions.v2.Function","name":"projects/crmdoceria-9959e/locations/us-central1/functions/updateUserPassword","buildConfig":{"runtime":"nodejs20","entryPoint":"updateUserPassword","source":{"storageSource":{"bucket":"gcf-v2-sources-389481198252-us-central1","object":"updateUserPassword/function-source.zip","generation":"1761617569037178"}},"environmentVariables":{"GOOGLE_NODE_RUN_SCRIPTS":""},"dockerRepository":"projects/crmdoceria-9959e/locations/us-central1/repositories/gcf-artifacts","sourceProvenance":{"resolvedStorageSource":{"bucket":"gcf-v2-sources-389481198252-us-central1","object":"updateUserPassword/function-source.zip","generation":"1761604792411875"}},"dockerRegistry":"ARTIFACT_REGISTRY","serviceAccount":"projects/crmdoceria-9959e/serviceAccounts/389481198252-compute@developer.gserviceaccount.com","automaticUpdatePolicy":{}},"serviceConfig":{"service":"projects/crmdoceria-9959e/locations/us-central1/services/updateuserpassword","timeoutSeconds":60,"environmentVariables":{"FIREBASE_CONFIG":"{\"projectId\":\"crmdoceria-9959e\",\"storageBucket\":\"crmdoceria-9959e.firebasestorage.app\"}","GCLOUD_PROJECT":"crmdoceria-9959e","EVENTARC_CLOUD_EVENT_SOURCE":"projects/crmdoceria-9959e/locations/us-central1/services/updateUserPassword","FUNCTION_TARGET":"updateUserPassword","LOG_EXECUTION_ID":"true","FUNCTION_SIGNATURE_TYPE":"http"},"ingressSettings":"ALLOW_ALL","uri":"https://updateuserpassword-6i65vyioiq-uc.a.run.app","serviceAccountEmail":"389481198252-compute@developer.gserviceaccount.com","availableMemory":"256Mi","allTrafficOnLatestRevision":true,"revision":"updateuserpassword-00005-yap","maxInstanceRequestConcurrency":80,"availableCpu":"1"},"state":"ACTIVE","labels":{"deployment-tool":"cli-firebase","deployment-callable":"true","firebase-functions-hash":"3e69db12fecee57a4134980ad661d1e5d22d9f32"},"environment":"GEN_2","url":"https://us-central1-crmdoceria-9959e.cloudfunctions.net/updateUserPassword","satisfiesPzi":true},"stages":[{"name":"BUILD","message":"Build finished","state":"COMPLETE","resource":"projects/389481198252/locations/us-central1/builds/efd47067-f306-4bb8-afc3-e07eba1dbf29","resourceUri":"https://console.cloud.google.com/cloud-build/builds;region=us-central1/efd47067-f306-4bb8-afc3-e07eba1dbf29?project=389481198252"},{"name":"SERVICE","message":"Updating Cloud Run service","state":"COMPLETE","resource":"projects/crmdoceria-9959e/locations/us-central1/services/updateuserpassword","resourceUri":"https://console.cloud.google.com/run/detail/us-central1/updateuserpassword?project=crmdoceria-9959e","stateMessages":[{"severity":"INFO","type":"CloudRunServiceNewRevisionTrafficInfo","message":"A new revision will be deployed serving with 100% traffic."}]}],"sourceToken":"Cldwcm9qZWN0cy8zODk0ODExOTgyNTIvbG9jYXRpb25zL3VzLWNlbnRyYWwxL2J1aWxkcy9lZmQ0NzA2Ny1mMzA2LTRiYjgtYWZjMy1lMDdlYmExZGJmMjkSeXVzLWNlbnRyYWwxLWRvY2tlci5wa2cuZGV2L2NybWRvY2VyaWEtOTk1OWUvZ2NmLWFydGlmYWN0cy9jcm1kb2NlcmlhLS05OTU5ZV9fdXMtLWNlbnRyYWwxX191cGRhdGVfdXNlcl9wYXNzd29yZDp2ZXJzaW9uXzEYrOWN96oLIkxwcm9qZWN0cy9jcm1kb2NlcmlhLTk5NTllL2xvY2F0aW9ucy91cy1jZW50cmFsMS9mdW5jdGlvbnMvdXBkYXRlVXNlclBhc3N3b3JkKgsI0M2AyAYQiJWTTzIIbm9kZWpzMjA6dgojZ2NyLmlvL2dhZS1ydW50aW1lcy9ub2RlanMyMDpzdGFibGUST3VzLWNlbnRyYWwxLWRvY2tlci5wa2cuZGV2L3NlcnZlcmxlc3MtcnVudGltZXMvZ29vZ2xlLTIyLWZ1bGwvcnVudGltZXMvbm9kZWpzMjBAAQ==","operationType":"UPDATE_FUNCTION","buildName":"projects/389481198252/locations/us-central1/builds/efd47067-f306-4bb8-afc3-e07eba1dbf29"},"done":true,"response":{"@type":"type.googleapis.com/google.cloud.functions.v2.Function","name":"projects/crmdoceria-9959e/locations/us-central1/functions/updateUserPassword","buildConfig":{"build":"projects/389481198252/locations/us-central1/builds/efd47067-f306-4bb8-afc3-e07eba1dbf29","runtime":"nodejs20","entryPoint":"updateUserPassword","source":{"storageSource":{"bucket":"gcf-v2-sources-389481198252-us-central1","object":"updateUserPassword/function-source.zip","generation":"1761617569037178"}},"environmentVariables":{"GOOGLE_NODE_RUN_SCRIPTS":""},"dockerRepository":"projects/crmdoceria-9959e/locations/us-central1/repositories/gcf-artifacts","sourceProvenance":{"resolvedStorageSource":{"bucket":"gcf-v2-sources-389481198252-us-central1","object":"updateUserPassword/function-source.zip","generation":"1761617569037178"}},"dockerRegistry":"ARTIFACT_REGISTRY","serviceAccount":"projects/crmdoceria-9959e/serviceAccounts/389481198252-compute@developer.gserviceaccount.com","automaticUpdatePolicy":{}},"serviceConfig":{"service":"projects/crmdoceria-9959e/locations/us-central1/services/updateuserpassword","timeoutSeconds":60,"environmentVariables":{"FIREBASE_CONFIG":"{\"projectId\":\"crmdoceria-9959e\",\"storageBucket\":\"crmdoceria-9959e.firebasestorage.app\"}","GCLOUD_PROJECT":"crmdoceria-9959e","EVENTARC_CLOUD_EVENT_SOURCE":"projects/crmdoceria-9959e/locations/us-central1/services/updateUserPassword","FUNCTION_TARGET":"updateUserPassword","LOG_EXECUTION_ID":"true","FUNCTION_SIGNATURE_TYPE":"http"},"maxInstanceCount":20,"ingressSettings":"ALLOW_ALL","uri":"https://updateuserpassword-6i65vyioiq-uc.a.run.app","serviceAccountEmail":"389481198252-compute@developer.gserviceaccount.com","availableMemory":"256Mi","allTrafficOnLatestRevision":true,"revision":"updateuserpassword-00006-lut","maxInstanceRequestConcurrency":80,"availableCpu":"1"},"state":"ACTIVE","updateTime":"2025-10-28T02:12:49.085805239Z","labels":{"deployment-tool":"cli-firebase","deployment-callable":"true","firebase-functions-hash":"3e69db12fecee57a4134980ad661d1e5d22d9f32"},"environment":"GEN_2","url":"https://us-central1-crmdoceria-9959e.cloudfunctions.net/updateUserPassword","createTime":"2025-10-02T17:18:14.263922825Z","satisfiesPzi":true}}
[debug] [2025-10-28T02:13:54.526Z] Got source token Cldwcm9qZWN0cy8zODk0ODExOTgyNTIvbG9jYXRpb25zL3VzLWNlbnRyYWwxL2J1aWxkcy9lZmQ0NzA2Ny1mMzA2LTRiYjgtYWZjMy1lMDdlYmExZGJmMjkSeXVzLWNlbnRyYWwxLWRvY2tlci5wa2cuZGV2L2NybWRvY2VyaWEtOTk1OWUvZ2NmLWFydGlmYWN0cy9jcm1kb2NlcmlhLS05OTU5ZV9fdXMtLWNlbnRyYWwxX191cGRhdGVfdXNlcl9wYXNzd29yZDp2ZXJzaW9uXzEYrOWN96oLIkxwcm9qZWN0cy9jcm1kb2NlcmlhLTk5NTllL2xvY2F0aW9ucy91cy1jZW50cmFsMS9mdW5jdGlvbnMvdXBkYXRlVXNlclBhc3N3b3JkKgsI0M2AyAYQiJWTTzIIbm9kZWpzMjA6dgojZ2NyLmlvL2dhZS1ydW50aW1lcy9ub2RlanMyMDpzdGFibGUST3VzLWNlbnRyYWwxLWRvY2tlci5wa2cuZGV2L3NlcnZlcmxlc3MtcnVudGltZXMvZ29vZ2xlLTIyLWZ1bGwvcnVudGltZXMvbm9kZWpzMjBAAQ== for region us-central1
[info] +  functions[updateUserPassword(us-central1)] Successful update operation. 
[debug] [2025-10-28T02:13:54.556Z] <<< [apiv2][status] GET https://cloudfunctions.googleapis.com/v2/projects/crmdoceria-9959e/locations/us-central1/operations/operation-1761617568271-6422e8d630e3d-946165cb-5bcd63f8 200
[debug] [2025-10-28T02:13:54.556Z] <<< [apiv2][body] GET https://cloudfunctions.googleapis.com/v2/projects/crmdoceria-9959e/locations/us-central1/operations/operation-1761617568271-6422e8d630e3d-946165cb-5bcd63f8 {"name":"projects/crmdoceria-9959e/locations/us-central1/operations/operation-1761617568271-6422e8d630e3d-946165cb-5bcd63f8","metadata":{"@type":"type.googleapis.com/google.cloud.functions.v2.OperationMetadata","createTime":"2025-10-28T02:12:49.137522924Z","target":"projects/crmdoceria-9959e/locations/us-central1/functions/updateUser","verb":"update","cancelRequested":false,"apiVersion":"v2","requestResource":{"@type":"type.googleapis.com/google.cloud.functions.v2.Function","name":"projects/crmdoceria-9959e/locations/us-central1/functions/updateUser","buildConfig":{"runtime":"nodejs20","entryPoint":"updateUser","source":{"storageSource":{"bucket":"gcf-v2-sources-389481198252-us-central1","object":"updateUser/function-source.zip","generation":"1761617569087809"}},"environmentVariables":{"GOOGLE_NODE_RUN_SCRIPTS":""},"dockerRepository":"projects/crmdoceria-9959e/locations/us-central1/repositories/gcf-artifacts","sourceProvenance":{"resolvedStorageSource":{"bucket":"gcf-v2-sources-389481198252-us-central1","object":"updateUser/function-source.zip","generation":"1761604792453501"}},"dockerRegistry":"ARTIFACT_REGISTRY","serviceAccount":"projects/crmdoceria-9959e/serviceAccounts/389481198252-compute@developer.gserviceaccount.com","automaticUpdatePolicy":{}},"serviceConfig":{"service":"projects/crmdoceria-9959e/locations/us-central1/services/updateuser","timeoutSeconds":60,"environmentVariables":{"FIREBASE_CONFIG":"{\"projectId\":\"crmdoceria-9959e\",\"storageBucket\":\"crmdoceria-9959e.firebasestorage.app\"}","GCLOUD_PROJECT":"crmdoceria-9959e","EVENTARC_CLOUD_EVENT_SOURCE":"projects/crmdoceria-9959e/locations/us-central1/services/updateUser","FUNCTION_TARGET":"updateUser","LOG_EXECUTION_ID":"true","FUNCTION_SIGNATURE_TYPE":"http"},"ingressSettings":"ALLOW_ALL","uri":"https://updateuser-6i65vyioiq-uc.a.run.app","serviceAccountEmail":"389481198252-compute@developer.gserviceaccount.com","availableMemory":"256Mi","allTrafficOnLatestRevision":true,"revision":"updateuser-00005-ruq","maxInstanceRequestConcurrency":80,"availableCpu":"1"},"state":"ACTIVE","labels":{"deployment-tool":"cli-firebase","deployment-callable":"true","firebase-functions-hash":"3e69db12fecee57a4134980ad661d1e5d22d9f32"},"environment":"GEN_2","url":"https://us-central1-crmdoceria-9959e.cloudfunctions.net/updateUser","satisfiesPzi":true},"stages":[{"name":"BUILD","message":"Build finished","state":"COMPLETE","resource":"projects/389481198252/locations/us-central1/builds/a8f9bca5-4437-46c1-b31a-e98c7f8e2080","resourceUri":"https://console.cloud.google.com/cloud-build/builds;region=us-central1/a8f9bca5-4437-46c1-b31a-e98c7f8e2080?project=389481198252"},{"name":"SERVICE","message":"Updating Cloud Run service","state":"IN_PROGRESS","resource":"projects/crmdoceria-9959e/locations/us-central1/services/updateuser","resourceUri":"https://console.cloud.google.com/run/detail/us-central1/updateuser?project=crmdoceria-9959e","stateMessages":[{"severity":"INFO","type":"CloudRunServiceNewRevisionTrafficInfo","message":"A new revision will be deployed serving with 100% traffic."}]}],"sourceToken":"Cldwcm9qZWN0cy8zODk0ODExOTgyNTIvbG9jYXRpb25zL3VzLWNlbnRyYWwxL2J1aWxkcy9hOGY5YmNhNS00NDM3LTQ2YzEtYjMxYS1lOThjN2Y4ZTIwODAScHVzLWNlbnRyYWwxLWRvY2tlci5wa2cuZGV2L2NybWRvY2VyaWEtOTk1OWUvZ2NmLWFydGlmYWN0cy9jcm1kb2NlcmlhLS05OTU5ZV9fdXMtLWNlbnRyYWwxX191cGRhdGVfdXNlcjp2ZXJzaW9uXzEYrOWN96oLIkRwcm9qZWN0cy9jcm1kb2NlcmlhLTk5NTllL2xvY2F0aW9ucy91cy1jZW50cmFsMS9mdW5jdGlvbnMvdXBkYXRlVXNlcioMCNvNgMgGEKDOiP0CMghub2RlanMyMDp2CiNnY3IuaW8vZ2FlLXJ1bnRpbWVzL25vZGVqczIwOnN0YWJsZRJPdXMtY2VudHJhbDEtZG9ja2VyLnBrZy5kZXYvc2VydmVybGVzcy1ydW50aW1lcy9nb29nbGUtMjItZnVsbC9ydW50aW1lcy9ub2RlanMyMEAB","operationType":"UPDATE_FUNCTION","buildName":"projects/389481198252/locations/us-central1/builds/a8f9bca5-4437-46c1-b31a-e98c7f8e2080"},"done":false}
[debug] [2025-10-28T02:13:54.556Z] Got source token Cldwcm9qZWN0cy8zODk0ODExOTgyNTIvbG9jYXRpb25zL3VzLWNlbnRyYWwxL2J1aWxkcy9hOGY5YmNhNS00NDM3LTQ2YzEtYjMxYS1lOThjN2Y4ZTIwODAScHVzLWNlbnRyYWwxLWRvY2tlci5wa2cuZGV2L2NybWRvY2VyaWEtOTk1OWUvZ2NmLWFydGlmYWN0cy9jcm1kb2NlcmlhLS05OTU5ZV9fdXMtLWNlbnRyYWwxX191cGRhdGVfdXNlcjp2ZXJzaW9uXzEYrOWN96oLIkRwcm9qZWN0cy9jcm1kb2NlcmlhLTk5NTllL2xvY2F0aW9ucy91cy1jZW50cmFsMS9mdW5jdGlvbnMvdXBkYXRlVXNlcioMCNvNgMgGEKDOiP0CMghub2RlanMyMDp2CiNnY3IuaW8vZ2FlLXJ1bnRpbWVzL25vZGVqczIwOnN0YWJsZRJPdXMtY2VudHJhbDEtZG9ja2VyLnBrZy5kZXYvc2VydmVybGVzcy1ydW50aW1lcy9nb29nbGUtMjItZnVsbC9ydW50aW1lcy9ub2RlanMyMEAB for region us-central1
[debug] [2025-10-28T02:13:54.656Z] <<< [apiv2][status] GET https://cloudfunctions.googleapis.com/v2/projects/crmdoceria-9959e/locations/us-central1/operations/operation-1761617568270-6422e8d630a3a-1985be96-78d90479 200
[debug] [2025-10-28T02:13:54.656Z] <<< [apiv2][body] GET https://cloudfunctions.googleapis.com/v2/projects/crmdoceria-9959e/locations/us-central1/operations/operation-1761617568270-6422e8d630a3a-1985be96-78d90479 {"name":"projects/crmdoceria-9959e/locations/us-central1/operations/operation-1761617568270-6422e8d630a3a-1985be96-78d90479","metadata":{"@type":"type.googleapis.com/google.cloud.functions.v2.OperationMetadata","createTime":"2025-10-28T02:12:49.169162186Z","target":"projects/crmdoceria-9959e/locations/us-central1/functions/deleteUser","verb":"update","cancelRequested":false,"apiVersion":"v2","requestResource":{"@type":"type.googleapis.com/google.cloud.functions.v2.Function","name":"projects/crmdoceria-9959e/locations/us-central1/functions/deleteUser","buildConfig":{"runtime":"nodejs20","entryPoint":"deleteUser","source":{"storageSource":{"bucket":"gcf-v2-sources-389481198252-us-central1","object":"deleteUser/function-source.zip","generation":"1761617569096032"}},"environmentVariables":{"GOOGLE_NODE_RUN_SCRIPTS":""},"dockerRepository":"projects/crmdoceria-9959e/locations/us-central1/repositories/gcf-artifacts","sourceProvenance":{"resolvedStorageSource":{"bucket":"gcf-v2-sources-389481198252-us-central1","object":"deleteUser/function-source.zip","generation":"1761604792413414"}},"dockerRegistry":"ARTIFACT_REGISTRY","serviceAccount":"projects/crmdoceria-9959e/serviceAccounts/389481198252-compute@developer.gserviceaccount.com","automaticUpdatePolicy":{}},"serviceConfig":{"service":"projects/crmdoceria-9959e/locations/us-central1/services/deleteuser","timeoutSeconds":60,"environmentVariables":{"FIREBASE_CONFIG":"{\"projectId\":\"crmdoceria-9959e\",\"storageBucket\":\"crmdoceria-9959e.firebasestorage.app\"}","GCLOUD_PROJECT":"crmdoceria-9959e","EVENTARC_CLOUD_EVENT_SOURCE":"projects/crmdoceria-9959e/locations/us-central1/services/deleteUser","FUNCTION_TARGET":"deleteUser","LOG_EXECUTION_ID":"true","FUNCTION_SIGNATURE_TYPE":"http"},"ingressSettings":"ALLOW_ALL","uri":"https://deleteuser-6i65vyioiq-uc.a.run.app","serviceAccountEmail":"389481198252-compute@developer.gserviceaccount.com","availableMemory":"256Mi","allTrafficOnLatestRevision":true,"revision":"deleteuser-00005-hoj","maxInstanceRequestConcurrency":80,"availableCpu":"1"},"state":"ACTIVE","labels":{"deployment-tool":"cli-firebase","deployment-callable":"true","firebase-functions-hash":"3e69db12fecee57a4134980ad661d1e5d22d9f32"},"environment":"GEN_2","url":"https://us-central1-crmdoceria-9959e.cloudfunctions.net/deleteUser","satisfiesPzi":true},"stages":[{"name":"BUILD","message":"Build finished","state":"COMPLETE","resource":"projects/389481198252/locations/us-central1/builds/ecf9631a-17bb-469c-98a6-ae1077ba8880","resourceUri":"https://console.cloud.google.com/cloud-build/builds;region=us-central1/ecf9631a-17bb-469c-98a6-ae1077ba8880?project=389481198252"},{"name":"SERVICE","message":"Updating Cloud Run service","state":"IN_PROGRESS","resource":"projects/crmdoceria-9959e/locations/us-central1/services/deleteuser","resourceUri":"https://console.cloud.google.com/run/detail/us-central1/deleteuser?project=crmdoceria-9959e","stateMessages":[{"severity":"INFO","type":"CloudRunServiceNewRevisionTrafficInfo","message":"A new revision will be deployed serving with 100% traffic."}]}],"sourceToken":"Cldwcm9qZWN0cy8zODk0ODExOTgyNTIvbG9jYXRpb25zL3VzLWNlbnRyYWwxL2J1aWxkcy9lY2Y5NjMxYS0xN2JiLTQ2OWMtOThhNi1hZTEwNzdiYTg4ODAScHVzLWNlbnRyYWwxLWRvY2tlci5wa2cuZGV2L2NybWRvY2VyaWEtOTk1OWUvZ2NmLWFydGlmYWN0cy9jcm1kb2NlcmlhLS05OTU5ZV9fdXMtLWNlbnRyYWwxX19kZWxldGVfdXNlcjp2ZXJzaW9uXzEYrOWN96oLIkRwcm9qZWN0cy9jcm1kb2NlcmlhLTk5NTllL2xvY2F0aW9ucy91cy1jZW50cmFsMS9mdW5jdGlvbnMvZGVsZXRlVXNlcioMCNnNgMgGEOis+L0CMghub2RlanMyMDp2CiNnY3IuaW8vZ2FlLXJ1bnRpbWVzL25vZGVqczIwOnN0YWJsZRJPdXMtY2VudHJhbDEtZG9ja2VyLnBrZy5kZXYvc2VydmVybGVzcy1ydW50aW1lcy9nb29nbGUtMjItZnVsbC9ydW50aW1lcy9ub2RlanMyMEAB","operationType":"UPDATE_FUNCTION","buildName":"projects/389481198252/locations/us-central1/builds/ecf9631a-17bb-469c-98a6-ae1077ba8880"},"done":false}
[debug] [2025-10-28T02:13:54.656Z] Got source token Cldwcm9qZWN0cy8zODk0ODExOTgyNTIvbG9jYXRpb25zL3VzLWNlbnRyYWwxL2J1aWxkcy9lY2Y5NjMxYS0xN2JiLTQ2OWMtOThhNi1hZTEwNzdiYTg4ODAScHVzLWNlbnRyYWwxLWRvY2tlci5wa2cuZGV2L2NybWRvY2VyaWEtOTk1OWUvZ2NmLWFydGlmYWN0cy9jcm1kb2NlcmlhLS05OTU5ZV9fdXMtLWNlbnRyYWwxX19kZWxldGVfdXNlcjp2ZXJzaW9uXzEYrOWN96oLIkRwcm9qZWN0cy9jcm1kb2NlcmlhLTk5NTllL2xvY2F0aW9ucy91cy1jZW50cmFsMS9mdW5jdGlvbnMvZGVsZXRlVXNlcioMCNnNgMgGEOis+L0CMghub2RlanMyMDp2CiNnY3IuaW8vZ2FlLXJ1bnRpbWVzL25vZGVqczIwOnN0YWJsZRJPdXMtY2VudHJhbDEtZG9ja2VyLnBrZy5kZXYvc2VydmVybGVzcy1ydW50aW1lcy9nb29nbGUtMjItZnVsbC9ydW50aW1lcy9ub2RlanMyMEAB for region us-central1
[debug] [2025-10-28T02:14:04.568Z] [update-default-us-central1-updateUser] Retrying task index 0
[debug] [2025-10-28T02:14:04.569Z] Checked if tokens are valid: true, expires at: 1761621106407
[debug] [2025-10-28T02:14:04.569Z] Checked if tokens are valid: true, expires at: 1761621106407
[debug] [2025-10-28T02:14:04.569Z] >>> [apiv2][query] GET https://cloudfunctions.googleapis.com/v2/projects/crmdoceria-9959e/locations/us-central1/operations/operation-1761617568271-6422e8d630e3d-946165cb-5bcd63f8 [none]
[debug] [2025-10-28T02:14:04.662Z] [update-default-us-central1-deleteUser] Retrying task index 0
[debug] [2025-10-28T02:14:04.663Z] Checked if tokens are valid: true, expires at: 1761621106407
[debug] [2025-10-28T02:14:04.663Z] Checked if tokens are valid: true, expires at: 1761621106407
[debug] [2025-10-28T02:14:04.663Z] >>> [apiv2][query] GET https://cloudfunctions.googleapis.com/v2/projects/crmdoceria-9959e/locations/us-central1/operations/operation-1761617568270-6422e8d630a3a-1985be96-78d90479 [none]
[debug] [2025-10-28T02:14:05.622Z] <<< [apiv2][status] GET https://cloudfunctions.googleapis.com/v2/projects/crmdoceria-9959e/locations/us-central1/operations/operation-1761617568271-6422e8d630e3d-946165cb-5bcd63f8 200
[debug] [2025-10-28T02:14:05.622Z] <<< [apiv2][body] GET https://cloudfunctions.googleapis.com/v2/projects/crmdoceria-9959e/locations/us-central1/operations/operation-1761617568271-6422e8d630e3d-946165cb-5bcd63f8 {"name":"projects/crmdoceria-9959e/locations/us-central1/operations/operation-1761617568271-6422e8d630e3d-946165cb-5bcd63f8","metadata":{"@type":"type.googleapis.com/google.cloud.functions.v2.OperationMetadata","createTime":"2025-10-28T02:12:49.137522924Z","endTime":"2025-10-28T02:13:55.703012389Z","target":"projects/crmdoceria-9959e/locations/us-central1/functions/updateUser","verb":"update","cancelRequested":false,"apiVersion":"v2","requestResource":{"@type":"type.googleapis.com/google.cloud.functions.v2.Function","name":"projects/crmdoceria-9959e/locations/us-central1/functions/updateUser","buildConfig":{"runtime":"nodejs20","entryPoint":"updateUser","source":{"storageSource":{"bucket":"gcf-v2-sources-389481198252-us-central1","object":"updateUser/function-source.zip","generation":"1761617569087809"}},"environmentVariables":{"GOOGLE_NODE_RUN_SCRIPTS":""},"dockerRepository":"projects/crmdoceria-9959e/locations/us-central1/repositories/gcf-artifacts","sourceProvenance":{"resolvedStorageSource":{"bucket":"gcf-v2-sources-389481198252-us-central1","object":"updateUser/function-source.zip","generation":"1761604792453501"}},"dockerRegistry":"ARTIFACT_REGISTRY","serviceAccount":"projects/crmdoceria-9959e/serviceAccounts/389481198252-compute@developer.gserviceaccount.com","automaticUpdatePolicy":{}},"serviceConfig":{"service":"projects/crmdoceria-9959e/locations/us-central1/services/updateuser","timeoutSeconds":60,"environmentVariables":{"FIREBASE_CONFIG":"{\"projectId\":\"crmdoceria-9959e\",\"storageBucket\":\"crmdoceria-9959e.firebasestorage.app\"}","GCLOUD_PROJECT":"crmdoceria-9959e","EVENTARC_CLOUD_EVENT_SOURCE":"projects/crmdoceria-9959e/locations/us-central1/services/updateUser","FUNCTION_TARGET":"updateUser","LOG_EXECUTION_ID":"true","FUNCTION_SIGNATURE_TYPE":"http"},"ingressSettings":"ALLOW_ALL","uri":"https://updateuser-6i65vyioiq-uc.a.run.app","serviceAccountEmail":"389481198252-compute@developer.gserviceaccount.com","availableMemory":"256Mi","allTrafficOnLatestRevision":true,"revision":"updateuser-00005-ruq","maxInstanceRequestConcurrency":80,"availableCpu":"1"},"state":"ACTIVE","labels":{"deployment-tool":"cli-firebase","deployment-callable":"true","firebase-functions-hash":"3e69db12fecee57a4134980ad661d1e5d22d9f32"},"environment":"GEN_2","url":"https://us-central1-crmdoceria-9959e.cloudfunctions.net/updateUser","satisfiesPzi":true},"stages":[{"name":"BUILD","message":"Build finished","state":"COMPLETE","resource":"projects/389481198252/locations/us-central1/builds/a8f9bca5-4437-46c1-b31a-e98c7f8e2080","resourceUri":"https://console.cloud.google.com/cloud-build/builds;region=us-central1/a8f9bca5-4437-46c1-b31a-e98c7f8e2080?project=389481198252"},{"name":"SERVICE","message":"Updating Cloud Run service","state":"COMPLETE","resource":"projects/crmdoceria-9959e/locations/us-central1/services/updateuser","resourceUri":"https://console.cloud.google.com/run/detail/us-central1/updateuser?project=crmdoceria-9959e","stateMessages":[{"severity":"INFO","type":"CloudRunServiceNewRevisionTrafficInfo","message":"A new revision will be deployed serving with 100% traffic."}]}],"sourceToken":"Cldwcm9qZWN0cy8zODk0ODExOTgyNTIvbG9jYXRpb25zL3VzLWNlbnRyYWwxL2J1aWxkcy9hOGY5YmNhNS00NDM3LTQ2YzEtYjMxYS1lOThjN2Y4ZTIwODAScHVzLWNlbnRyYWwxLWRvY2tlci5wa2cuZGV2L2NybWRvY2VyaWEtOTk1OWUvZ2NmLWFydGlmYWN0cy9jcm1kb2NlcmlhLS05OTU5ZV9fdXMtLWNlbnRyYWwxX191cGRhdGVfdXNlcjp2ZXJzaW9uXzEYrOWN96oLIkRwcm9qZWN0cy9jcm1kb2NlcmlhLTk5NTllL2xvY2F0aW9ucy91cy1jZW50cmFsMS9mdW5jdGlvbnMvdXBkYXRlVXNlcioMCNvNgMgGEKDOiP0CMghub2RlanMyMDp2CiNnY3IuaW8vZ2FlLXJ1bnRpbWVzL25vZGVqczIwOnN0YWJsZRJPdXMtY2VudHJhbDEtZG9ja2VyLnBrZy5kZXYvc2VydmVybGVzcy1ydW50aW1lcy9nb29nbGUtMjItZnVsbC9ydW50aW1lcy9ub2RlanMyMEAB","operationType":"UPDATE_FUNCTION","buildName":"projects/389481198252/locations/us-central1/builds/a8f9bca5-4437-46c1-b31a-e98c7f8e2080"},"done":true,"response":{"@type":"type.googleapis.com/google.cloud.functions.v2.Function","name":"projects/crmdoceria-9959e/locations/us-central1/functions/updateUser","buildConfig":{"build":"projects/389481198252/locations/us-central1/builds/a8f9bca5-4437-46c1-b31a-e98c7f8e2080","runtime":"nodejs20","entryPoint":"updateUser","source":{"storageSource":{"bucket":"gcf-v2-sources-389481198252-us-central1","object":"updateUser/function-source.zip","generation":"1761617569087809"}},"environmentVariables":{"GOOGLE_NODE_RUN_SCRIPTS":""},"dockerRepository":"projects/crmdoceria-9959e/locations/us-central1/repositories/gcf-artifacts","sourceProvenance":{"resolvedStorageSource":{"bucket":"gcf-v2-sources-389481198252-us-central1","object":"updateUser/function-source.zip","generation":"1761617569087809"}},"dockerRegistry":"ARTIFACT_REGISTRY","serviceAccount":"projects/crmdoceria-9959e/serviceAccounts/389481198252-compute@developer.gserviceaccount.com","automaticUpdatePolicy":{}},"serviceConfig":{"service":"projects/crmdoceria-9959e/locations/us-central1/services/updateuser","timeoutSeconds":60,"environmentVariables":{"FIREBASE_CONFIG":"{\"projectId\":\"crmdoceria-9959e\",\"storageBucket\":\"crmdoceria-9959e.firebasestorage.app\"}","GCLOUD_PROJECT":"crmdoceria-9959e","EVENTARC_CLOUD_EVENT_SOURCE":"projects/crmdoceria-9959e/locations/us-central1/services/updateUser","FUNCTION_TARGET":"updateUser","LOG_EXECUTION_ID":"true","FUNCTION_SIGNATURE_TYPE":"http"},"maxInstanceCount":20,"ingressSettings":"ALLOW_ALL","uri":"https://updateuser-6i65vyioiq-uc.a.run.app","serviceAccountEmail":"389481198252-compute@developer.gserviceaccount.com","availableMemory":"256Mi","allTrafficOnLatestRevision":true,"revision":"updateuser-00006-cus","maxInstanceRequestConcurrency":80,"availableCpu":"1"},"state":"ACTIVE","updateTime":"2025-10-28T02:12:49.139827209Z","labels":{"deployment-callable":"true","firebase-functions-hash":"3e69db12fecee57a4134980ad661d1e5d22d9f32","deployment-tool":"cli-firebase"},"environment":"GEN_2","url":"https://us-central1-crmdoceria-9959e.cloudfunctions.net/updateUser","createTime":"2025-10-02T17:18:14.334741067Z","satisfiesPzi":true}}
[debug] [2025-10-28T02:14:05.622Z] Got source token Cldwcm9qZWN0cy8zODk0ODExOTgyNTIvbG9jYXRpb25zL3VzLWNlbnRyYWwxL2J1aWxkcy9hOGY5YmNhNS00NDM3LTQ2YzEtYjMxYS1lOThjN2Y4ZTIwODAScHVzLWNlbnRyYWwxLWRvY2tlci5wa2cuZGV2L2NybWRvY2VyaWEtOTk1OWUvZ2NmLWFydGlmYWN0cy9jcm1kb2NlcmlhLS05OTU5ZV9fdXMtLWNlbnRyYWwxX191cGRhdGVfdXNlcjp2ZXJzaW9uXzEYrOWN96oLIkRwcm9qZWN0cy9jcm1kb2NlcmlhLTk5NTllL2xvY2F0aW9ucy91cy1jZW50cmFsMS9mdW5jdGlvbnMvdXBkYXRlVXNlcioMCNvNgMgGEKDOiP0CMghub2RlanMyMDp2CiNnY3IuaW8vZ2FlLXJ1bnRpbWVzL25vZGVqczIwOnN0YWJsZRJPdXMtY2VudHJhbDEtZG9ja2VyLnBrZy5kZXYvc2VydmVybGVzcy1ydW50aW1lcy9nb29nbGUtMjItZnVsbC9ydW50aW1lcy9ub2RlanMyMEAB for region us-central1
[info] +  functions[updateUser(us-central1)] Successful update operation. 
[debug] [2025-10-28T02:14:05.724Z] <<< [apiv2][status] GET https://cloudfunctions.googleapis.com/v2/projects/crmdoceria-9959e/locations/us-central1/operations/operation-1761617568270-6422e8d630a3a-1985be96-78d90479 200
[debug] [2025-10-28T02:14:05.724Z] <<< [apiv2][body] GET https://cloudfunctions.googleapis.com/v2/projects/crmdoceria-9959e/locations/us-central1/operations/operation-1761617568270-6422e8d630a3a-1985be96-78d90479 {"name":"projects/crmdoceria-9959e/locations/us-central1/operations/operation-1761617568270-6422e8d630a3a-1985be96-78d90479","metadata":{"@type":"type.googleapis.com/google.cloud.functions.v2.OperationMetadata","createTime":"2025-10-28T02:12:49.169162186Z","endTime":"2025-10-28T02:13:57.041456035Z","target":"projects/crmdoceria-9959e/locations/us-central1/functions/deleteUser","verb":"update","cancelRequested":false,"apiVersion":"v2","requestResource":{"@type":"type.googleapis.com/google.cloud.functions.v2.Function","name":"projects/crmdoceria-9959e/locations/us-central1/functions/deleteUser","buildConfig":{"runtime":"nodejs20","entryPoint":"deleteUser","source":{"storageSource":{"bucket":"gcf-v2-sources-389481198252-us-central1","object":"deleteUser/function-source.zip","generation":"1761617569096032"}},"environmentVariables":{"GOOGLE_NODE_RUN_SCRIPTS":""},"dockerRepository":"projects/crmdoceria-9959e/locations/us-central1/repositories/gcf-artifacts","sourceProvenance":{"resolvedStorageSource":{"bucket":"gcf-v2-sources-389481198252-us-central1","object":"deleteUser/function-source.zip","generation":"1761604792413414"}},"dockerRegistry":"ARTIFACT_REGISTRY","serviceAccount":"projects/crmdoceria-9959e/serviceAccounts/389481198252-compute@developer.gserviceaccount.com","automaticUpdatePolicy":{}},"serviceConfig":{"service":"projects/crmdoceria-9959e/locations/us-central1/services/deleteuser","timeoutSeconds":60,"environmentVariables":{"FIREBASE_CONFIG":"{\"projectId\":\"crmdoceria-9959e\",\"storageBucket\":\"crmdoceria-9959e.firebasestorage.app\"}","GCLOUD_PROJECT":"crmdoceria-9959e","EVENTARC_CLOUD_EVENT_SOURCE":"projects/crmdoceria-9959e/locations/us-central1/services/deleteUser","FUNCTION_TARGET":"deleteUser","LOG_EXECUTION_ID":"true","FUNCTION_SIGNATURE_TYPE":"http"},"ingressSettings":"ALLOW_ALL","uri":"https://deleteuser-6i65vyioiq-uc.a.run.app","serviceAccountEmail":"389481198252-compute@developer.gserviceaccount.com","availableMemory":"256Mi","allTrafficOnLatestRevision":true,"revision":"deleteuser-00005-hoj","maxInstanceRequestConcurrency":80,"availableCpu":"1"},"state":"ACTIVE","labels":{"deployment-tool":"cli-firebase","deployment-callable":"true","firebase-functions-hash":"3e69db12fecee57a4134980ad661d1e5d22d9f32"},"environment":"GEN_2","url":"https://us-central1-crmdoceria-9959e.cloudfunctions.net/deleteUser","satisfiesPzi":true},"stages":[{"name":"BUILD","message":"Build finished","state":"COMPLETE","resource":"projects/389481198252/locations/us-central1/builds/ecf9631a-17bb-469c-98a6-ae1077ba8880","resourceUri":"https://console.cloud.google.com/cloud-build/builds;region=us-central1/ecf9631a-17bb-469c-98a6-ae1077ba8880?project=389481198252"},{"name":"SERVICE","message":"Updating Cloud Run service","state":"COMPLETE","resource":"projects/crmdoceria-9959e/locations/us-central1/services/deleteuser","resourceUri":"https://console.cloud.google.com/run/detail/us-central1/deleteuser?project=crmdoceria-9959e","stateMessages":[{"severity":"INFO","type":"CloudRunServiceNewRevisionTrafficInfo","message":"A new revision will be deployed serving with 100% traffic."}]}],"sourceToken":"Cldwcm9qZWN0cy8zODk0ODExOTgyNTIvbG9jYXRpb25zL3VzLWNlbnRyYWwxL2J1aWxkcy9lY2Y5NjMxYS0xN2JiLTQ2OWMtOThhNi1hZTEwNzdiYTg4ODAScHVzLWNlbnRyYWwxLWRvY2tlci5wa2cuZGV2L2NybWRvY2VyaWEtOTk1OWUvZ2NmLWFydGlmYWN0cy9jcm1kb2NlcmlhLS05OTU5ZV9fdXMtLWNlbnRyYWwxX19kZWxldGVfdXNlcjp2ZXJzaW9uXzEYrOWN96oLIkRwcm9qZWN0cy9jcm1kb2NlcmlhLTk5NTllL2xvY2F0aW9ucy91cy1jZW50cmFsMS9mdW5jdGlvbnMvZGVsZXRlVXNlcioMCNnNgMgGEOis+L0CMghub2RlanMyMDp2CiNnY3IuaW8vZ2FlLXJ1bnRpbWVzL25vZGVqczIwOnN0YWJsZRJPdXMtY2VudHJhbDEtZG9ja2VyLnBrZy5kZXYvc2VydmVybGVzcy1ydW50aW1lcy9nb29nbGUtMjItZnVsbC9ydW50aW1lcy9ub2RlanMyMEAB","operationType":"UPDATE_FUNCTION","buildName":"projects/389481198252/locations/us-central1/builds/ecf9631a-17bb-469c-98a6-ae1077ba8880"},"done":true,"response":{"@type":"type.googleapis.com/google.cloud.functions.v2.Function","name":"projects/crmdoceria-9959e/locations/us-central1/functions/deleteUser","buildConfig":{"build":"projects/389481198252/locations/us-central1/builds/ecf9631a-17bb-469c-98a6-ae1077ba8880","runtime":"nodejs20","entryPoint":"deleteUser","source":{"storageSource":{"bucket":"gcf-v2-sources-389481198252-us-central1","object":"deleteUser/function-source.zip","generation":"1761617569096032"}},"environmentVariables":{"GOOGLE_NODE_RUN_SCRIPTS":""},"dockerRepository":"projects/crmdoceria-9959e/locations/us-central1/repositories/gcf-artifacts","sourceProvenance":{"resolvedStorageSource":{"bucket":"gcf-v2-sources-389481198252-us-central1","object":"deleteUser/function-source.zip","generation":"1761617569096032"}},"dockerRegistry":"ARTIFACT_REGISTRY","serviceAccount":"projects/crmdoceria-9959e/serviceAccounts/389481198252-compute@developer.gserviceaccount.com","automaticUpdatePolicy":{}},"serviceConfig":{"service":"projects/crmdoceria-9959e/locations/us-central1/services/deleteuser","timeoutSeconds":60,"environmentVariables":{"FIREBASE_CONFIG":"{\"projectId\":\"crmdoceria-9959e\",\"storageBucket\":\"crmdoceria-9959e.firebasestorage.app\"}","GCLOUD_PROJECT":"crmdoceria-9959e","EVENTARC_CLOUD_EVENT_SOURCE":"projects/crmdoceria-9959e/locations/us-central1/services/deleteUser","FUNCTION_TARGET":"deleteUser","LOG_EXECUTION_ID":"true","FUNCTION_SIGNATURE_TYPE":"http"},"maxInstanceCount":20,"ingressSettings":"ALLOW_ALL","uri":"https://deleteuser-6i65vyioiq-uc.a.run.app","serviceAccountEmail":"389481198252-compute@developer.gserviceaccount.com","availableMemory":"256Mi","allTrafficOnLatestRevision":true,"revision":"deleteuser-00006-mir","maxInstanceRequestConcurrency":80,"availableCpu":"1"},"state":"ACTIVE","updateTime":"2025-10-28T02:12:49.171775974Z","labels":{"deployment-tool":"cli-firebase","deployment-callable":"true","firebase-functions-hash":"3e69db12fecee57a4134980ad661d1e5d22d9f32"},"environment":"GEN_2","url":"https://us-central1-crmdoceria-9959e.cloudfunctions.net/deleteUser","createTime":"2025-10-02T17:18:14.326347703Z","satisfiesPzi":true}}
[debug] [2025-10-28T02:14:05.724Z] Got source token Cldwcm9qZWN0cy8zODk0ODExOTgyNTIvbG9jYXRpb25zL3VzLWNlbnRyYWwxL2J1aWxkcy9lY2Y5NjMxYS0xN2JiLTQ2OWMtOThhNi1hZTEwNzdiYTg4ODAScHVzLWNlbnRyYWwxLWRvY2tlci5wa2cuZGV2L2NybWRvY2VyaWEtOTk1OWUvZ2NmLWFydGlmYWN0cy9jcm1kb2NlcmlhLS05OTU5ZV9fdXMtLWNlbnRyYWwxX19kZWxldGVfdXNlcjp2ZXJzaW9uXzEYrOWN96oLIkRwcm9qZWN0cy9jcm1kb2NlcmlhLTk5NTllL2xvY2F0aW9ucy91cy1jZW50cmFsMS9mdW5jdGlvbnMvZGVsZXRlVXNlcioMCNnNgMgGEOis+L0CMghub2RlanMyMDp2CiNnY3IuaW8vZ2FlLXJ1bnRpbWVzL25vZGVqczIwOnN0YWJsZRJPdXMtY2VudHJhbDEtZG9ja2VyLnBrZy5kZXYvc2VydmVybGVzcy1ydW50aW1lcy9nb29nbGUtMjItZnVsbC9ydW50aW1lcy9ub2RlanMyMEAB for region us-central1
[info] +  functions[deleteUser(us-central1)] Successful update operation. 
[debug] [2025-10-28T02:14:05.737Z] Total Function Deployment time: 96643
[debug] [2025-10-28T02:14:05.737Z] 7 Functions Deployed
[debug] [2025-10-28T02:14:05.737Z] 1 Functions Errored
[debug] [2025-10-28T02:14:05.737Z] 0 Function Deployments Aborted
[debug] [2025-10-28T02:14:05.737Z] Average Function Deployment time: 75814.14285714286
[info] 
[info] Functions deploy had errors with the following functions:
	notifyNewOrder(us-central1)
[info] Function URL (api(us-central1)): https://api-6i65vyioiq-uc.a.run.app
[debug] [2025-10-28T02:14:05.950Z] Checked if tokens are valid: true, expires at: 1761621106407
[debug] [2025-10-28T02:14:05.950Z] Checked if tokens are valid: true, expires at: 1761621106407
[debug] [2025-10-28T02:14:05.950Z] >>> [apiv2][query] GET https://artifactregistry.googleapis.com/v1/projects/crmdoceria-9959e/locations/us-central1/repositories/gcf-artifacts [none]
[debug] [2025-10-28T02:14:07.201Z] <<< [apiv2][status] GET https://artifactregistry.googleapis.com/v1/projects/crmdoceria-9959e/locations/us-central1/repositories/gcf-artifacts 200
[debug] [2025-10-28T02:14:07.202Z] <<< [apiv2][body] GET https://artifactregistry.googleapis.com/v1/projects/crmdoceria-9959e/locations/us-central1/repositories/gcf-artifacts {"name":"projects/crmdoceria-9959e/locations/us-central1/repositories/gcf-artifacts","format":"DOCKER","description":"This repository is created and used by Cloud Functions for storing function docker images.","labels":{"goog-managed-by":"cloudfunctions"},"createTime":"2025-09-23T23:51:17.299033Z","updateTime":"2025-10-28T02:13:41.081669Z","mode":"STANDARD_REPOSITORY","cleanupPolicies":{"firebase-functions-cleanup":{"id":"firebase-functions-cleanup","action":"DELETE","condition":{"tagState":"ANY","olderThan":"2592000s"}}},"sizeBytes":"195574984","vulnerabilityScanningConfig":{"lastEnableTime":"2025-09-23T23:51:09.485680584Z","enablementState":"SCANNING_DISABLED","enablementStateReason":"API containerscanning.googleapis.com is not enabled."},"satisfiesPzi":true,"registryUri":"us-central1-docker.pkg.dev/crmdoceria-9959e/gcf-artifacts"}
[debug] [2025-10-28T02:14:07.202Z] Functions deploy failed.
[debug] [2025-10-28T02:14:07.202Z] {
  "endpoint": {
    "id": "notifyNewOrder",
    "project": "crmdoceria-9959e",
    "region": "us-central1",
    "entryPoint": "notifyNewOrder",
    "platform": "gcfv2",
    "runtime": "nodejs20",
    "eventTrigger": {
      "eventType": "google.cloud.firestore.document.v1.created",
      "retry": false,
      "eventFilters": {
        "database": "(default)",
        "namespace": "(default)"
      },
      "eventFilterPathPatterns": {
        "document": "pedidos/{pedidoId}"
      },
      "region": "southamerica-east1"
    },
    "labels": {
      "deployment-tool": "cli-firebase"
    },
    "serviceAccount": null,
    "ingressSettings": null,
    "availableMemoryMb": null,
    "timeoutSeconds": null,
    "maxInstances": null,
    "minInstances": null,
    "concurrency": 80,
    "vpc": null,
    "environmentVariables": {
      "FIREBASE_CONFIG": "{\"projectId\":\"crmdoceria-9959e\",\"storageBucket\":\"crmdoceria-9959e.firebasestorage.app\"}",
      "GCLOUD_PROJECT": "crmdoceria-9959e",
      "EVENTARC_CLOUD_EVENT_SOURCE": "projects/crmdoceria-9959e/locations/us-central1/services/notifyNewOrder"
    },
    "codebase": "default",
    "cpu": 1,
    "targetedByOnly": false,
    "hash": "3e69db12fecee57a4134980ad661d1e5d22d9f32"
  },
  "op": "create",
  "original": {
    "name": "FirebaseError",
    "children": [],
    "context": {
      "function": "projects/crmdoceria-9959e/locations/us-central1/functions/notifyNewOrder"
    },
    "exit": 1,
    "message": "Failed to create function projects/crmdoceria-9959e/locations/us-central1/functions/notifyNewOrder",
    "original": {
      "name": "FirebaseError",
      "children": [],
      "context": {
        "body": {
          "error": {
            "code": 400,
            "message": "Validation failed for trigger projects/crmdoceria-9959e/locations/southamerica-east1/triggers/notifyneworder-508233: Invalid resource state for \"\": Permission denied while using the Eventarc Service Agent. If you recently started to use Eventarc, it may take a few minutes before all necessary permissions are propagated to the Service Agent. Otherwise, verify that it has Eventarc Service Agent role.",
            "status": "FAILED_PRECONDITION"
          }
        },
        "response": {
          "statusCode": 400
        }
      },
      "exit": 1,
      "message": "Request to https://cloudfunctions.googleapis.com/v2/projects/crmdoceria-9959e/locations/us-central1/functions?functionId=notifyNewOrder had HTTP Error: 400, Validation failed for trigger projects/crmdoceria-9959e/locations/southamerica-east1/triggers/notifyneworder-508233: Invalid resource state for \"\": Permission denied while using the Eventarc Service Agent. If you recently started to use Eventarc, it may take a few minutes before all necessary permissions are propagated to the Service Agent. Otherwise, verify that it has Eventarc Service Agent role.",
      "status": 400
    },
    "status": 400,
    "code": 400
  }
}
[debug] [2025-10-28T02:14:07.290Z] Error: Failed to create function notifyNewOrder in region us-central1
    at C:\Users\antonio.pedro\AppData\Roaming\npm\node_modules\firebase-tools\lib\deploy\functions\release\fabricator.js:306:27
    at process.processTicksAndRejections (node:internal/process/task_queues:105:5)
    at async Fabricator.createV2Function (C:\Users\antonio.pedro\AppData\Roaming\npm\node_modules\firebase-tools\lib\deploy\functions\release\fabricator.js:290:30)
    at async Fabricator.createEndpoint (C:\Users\antonio.pedro\AppData\Roaming\npm\node_modules\firebase-tools\lib\deploy\functions\release\fabricator.js:137:13)
    at async handle (C:\Users\antonio.pedro\AppData\Roaming\npm\node_modules\firebase-tools\lib\deploy\functions\release\fabricator.js:89:17)
[error] 
[error] Error: There was an error deploying functions
[debug] [2025-10-29T20:57:08.123Z] ----------------------------------------------------------------------
[debug] [2025-10-29T20:57:08.147Z] Command:       C:\Program Files\nodejs\node.exe C:\Users\antonio.pedro\AppData\Roaming\npm\node_modules\firebase-tools\lib\bin\firebase.js deploy
[debug] [2025-10-29T20:57:08.148Z] CLI Version:   14.22.0
[debug] [2025-10-29T20:57:08.148Z] Platform:      win32
[debug] [2025-10-29T20:57:08.148Z] Node Version:  v22.19.0
[debug] [2025-10-29T20:57:08.149Z] Time:          Wed Oct 29 2025 17:57:08 GMT-0300 (Horário Padrão de Brasília)
[debug] [2025-10-29T20:57:08.149Z] ----------------------------------------------------------------------
[debug] 
[debug] [2025-10-29T20:57:08.154Z] >>> [apiv2][query] GET https://firebase-public.firebaseio.com/cli.json [none]
[debug] [2025-10-29T20:57:08.558Z] > command requires scopes: ["email","openid","https://www.googleapis.com/auth/cloudplatformprojects.readonly","https://www.googleapis.com/auth/firebase","https://www.googleapis.com/auth/cloud-platform"]
[debug] [2025-10-29T20:57:08.559Z] > authorizing via signed-in user (anabm.guimaraes@gmail.com)
[debug] [2025-10-29T20:57:08.559Z] [iam] checking project crmdoceria-9959e for permissions ["cloudfunctions.functions.create","cloudfunctions.functions.delete","cloudfunctions.functions.get","cloudfunctions.functions.list","cloudfunctions.functions.update","cloudfunctions.operations.get","datastore.indexes.create","datastore.indexes.delete","datastore.indexes.list","datastore.indexes.update","firebase.projects.get","firebasehosting.sites.update","firebaserules.releases.create","firebaserules.releases.update","firebaserules.rulesets.create"]
[debug] [2025-10-29T20:57:08.561Z] Checked if tokens are valid: false, expires at: 1761621106407
[debug] [2025-10-29T20:57:08.561Z] Checked if tokens are valid: false, expires at: 1761621106407
[debug] [2025-10-29T20:57:08.561Z] > refreshing access token with scopes: []
[debug] [2025-10-29T20:57:08.563Z] >>> [apiv2][query] POST https://www.googleapis.com/oauth2/v3/token [none]
[debug] [2025-10-29T20:57:08.563Z] >>> [apiv2][body] POST https://www.googleapis.com/oauth2/v3/token [omitted]
[debug] [2025-10-29T20:57:08.778Z] *** [apiv2] error from fetch(https://www.googleapis.com/oauth2/v3/token, {"headers":{},"method":"POST","body":{"_overheadLength":545,"_valueLength":212,"_valuesToMeasure":[],"writable":false,"readable":true,"dataSize":0,"maxDataSize":2097152,"pauseStreams":true,"_released":true,"_streams":[],"_currentStream":null,"_insideLoop":false,"_pendingNext":false,"_boundary":"--------------------------04b382258e2c5f676ef4a7a0","_events":{},"_eventsCount":1}}): FetchError: request to https://www.googleapis.com/oauth2/v3/token failed, reason: self-signed certificate in certificate chain
[error] Authentication Error: Your credentials are no longer valid. Please run firebase login --reauth

For CI servers and headless environments, generate a new token with firebase login:ci
[debug] [2025-10-29T20:57:08.779Z] [iam] error while checking permissions, command may fail: Authentication Error: Your credentials are no longer valid. Please run firebase login --reauth

For CI servers and headless environments, generate a new token with firebase login:ci
[debug] [2025-10-29T20:57:08.779Z] Checked if tokens are valid: false, expires at: 1761621106407
[debug] [2025-10-29T20:57:08.779Z] Checked if tokens are valid: false, expires at: 1761621106407
[debug] [2025-10-29T20:57:08.779Z] > refreshing access token with scopes: []
[debug] [2025-10-29T20:57:08.780Z] >>> [apiv2][query] POST https://www.googleapis.com/oauth2/v3/token [none]
[debug] [2025-10-29T20:57:08.780Z] >>> [apiv2][body] POST https://www.googleapis.com/oauth2/v3/token [omitted]
[debug] [2025-10-29T20:57:08.915Z] *** [apiv2] error from fetch(https://www.googleapis.com/oauth2/v3/token, {"headers":{},"method":"POST","body":{"_overheadLength":545,"_valueLength":212,"_valuesToMeasure":[],"writable":false,"readable":true,"dataSize":0,"maxDataSize":2097152,"pauseStreams":true,"_released":true,"_streams":[],"_currentStream":null,"_insideLoop":false,"_pendingNext":false,"_boundary":"--------------------------7874eefba16449da2b22a9f1","_events":{},"_eventsCount":1}}): FetchError: request to https://www.googleapis.com/oauth2/v3/token failed, reason: self-signed certificate in certificate chain
[error] Authentication Error: Your credentials are no longer valid. Please run firebase login --reauth

For CI servers and headless environments, generate a new token with firebase login:ci
[debug] [2025-10-29T20:57:08.916Z] [functions] service account IAM check errored, deploy may fail: Authentication Error: Your credentials are no longer valid. Please run firebase login --reauth

For CI servers and headless environments, generate a new token with firebase login:ci {"name":"FirebaseError","children":[],"exit":1,"message":"Authentication Error: Your credentials are no longer valid. Please run \u001b[1mfirebase login --reauth\u001b[22m\n\nFor CI servers and headless environments, generate a new token with \u001b[1mfirebase login:ci\u001b[22m","status":500}
[debug] [2025-10-29T20:57:08.917Z] Checked if tokens are valid: false, expires at: 1761621106407
[debug] [2025-10-29T20:57:08.917Z] Checked if tokens are valid: false, expires at: 1761621106407
[debug] [2025-10-29T20:57:08.917Z] > refreshing access token with scopes: []
[debug] [2025-10-29T20:57:08.918Z] >>> [apiv2][query] POST https://www.googleapis.com/oauth2/v3/token [none]
[debug] [2025-10-29T20:57:08.918Z] >>> [apiv2][body] POST https://www.googleapis.com/oauth2/v3/token [omitted]
[debug] [2025-10-29T20:57:08.930Z] *** [apiv2] error from fetch(https://firebase-public.firebaseio.com/cli.json, {"headers":{},"method":"GET"}): FetchError: request to https://firebase-public.firebaseio.com/cli.json failed, reason: self-signed certificate in certificate chain
[warn] !  Unable to fetch the CLI MOTD and remote config. This is not a fatal error, but may indicate an issue with your network connection. 
[debug] [2025-10-29T20:57:08.931Z] Failed to fetch MOTD FirebaseError: Failed to make request to https://firebase-public.firebaseio.com/cli.json
[debug] [2025-10-29T20:57:09.056Z] *** [apiv2] error from fetch(https://www.googleapis.com/oauth2/v3/token, {"headers":{},"method":"POST","body":{"_overheadLength":545,"_valueLength":212,"_valuesToMeasure":[],"writable":false,"readable":true,"dataSize":0,"maxDataSize":2097152,"pauseStreams":true,"_released":true,"_streams":[],"_currentStream":null,"_insideLoop":false,"_pendingNext":false,"_boundary":"--------------------------8e6ac0f30e7409a69ed0091c","_events":{},"_eventsCount":1}}): FetchError: request to https://www.googleapis.com/oauth2/v3/token failed, reason: self-signed certificate in certificate chain
[error] Authentication Error: Your credentials are no longer valid. Please run firebase login --reauth

For CI servers and headless environments, generate a new token with firebase login:ci
[debug] [2025-10-29T20:57:09.057Z] Authentication Error: Your credentials are no longer valid. Please run firebase login --reauth

For CI servers and headless environments, generate a new token with firebase login:ci
[error] 
[error] Error: Assertion failed: resolving hosting target of a site with no site name or target name. This should have caused an error earlier
